# Blender 4.4.1
# www.blender.org
mtllib location.mtl
o Circle.020
v 0.171471 -0.513024 -0.134227
v -0.171470 -0.513024 -0.134227
v 0.028209 -0.805475 -0.134227
v 0.000000 -0.817724 -0.134227
v -0.028208 -0.805475 -0.134227
v 0.665802 0.565716 -0.134227
v 0.610266 0.838411 -0.134227
v 0.794214 0.863801 -0.134227
v 0.786309 0.889749 -0.134227
v 0.760470 0.898003 -0.134227
v -0.665802 0.565716 -0.134227
v -0.610262 0.838409 -0.134227
v -0.794214 0.863800 -0.134227
v -0.786309 0.889749 -0.134227
v -0.760470 0.898002 -0.134227
v 0.003265 0.565212 -0.134227
v -0.003261 0.565211 -0.134227
v 0.000000 -0.826595 -0.075254
v 0.028420 -0.814255 -0.075254
v 0.614824 0.841910 -0.075254
v 0.003289 0.566671 -0.075254
v -0.792182 0.893631 -0.075254
v -0.800146 0.867489 -0.075254
v -0.028419 -0.814255 -0.075254
v -0.614820 0.841908 -0.075254
v -0.003285 0.566669 -0.075254
v -0.766150 0.901946 -0.075254
v -0.172751 -0.519619 -0.075254
v 0.800146 0.867489 -0.075254
v 0.670775 0.567178 -0.075254
v 0.172752 -0.519619 -0.075254
v 0.792182 0.893631 -0.075254
v -0.670775 0.567178 -0.075254
v 0.766150 0.901947 -0.075254
v 0.128008 0.621250 -0.134227
v 0.128965 0.623127 -0.075254
v -0.127993 0.621243 -0.134227
v -0.128949 0.623120 -0.075254
v 0.145431 -0.378931 -0.145786
v -0.145431 -0.378932 -0.145786
v 0.023925 -0.626971 -0.145786
v 0.000000 -0.637360 -0.145786
v -0.023925 -0.626971 -0.145786
v 0.564693 0.535991 -0.145786
v 0.517591 0.767274 -0.145786
v 0.673605 0.788808 -0.145786
v 0.666900 0.810816 -0.145786
v 0.644985 0.817816 -0.145786
v -0.564693 0.535991 -0.145786
v -0.517587 0.767273 -0.145786
v -0.673604 0.788808 -0.145786
v -0.666900 0.810816 -0.145786
v -0.644985 0.817816 -0.145786
v 0.002769 0.535564 -0.145786
v -0.002766 0.535562 -0.145786
v 0.108569 0.583091 -0.145786
v -0.108556 0.583085 -0.145786
v 0.068887 0.048631 -0.145786
v -0.068885 0.048631 -0.145786
v 0.010559 -0.070989 -0.145786
v 0.000001 -0.075574 -0.145786
v -0.010557 -0.070990 -0.145786
v 0.245237 0.433444 -0.145786
v 0.224720 0.543773 -0.145786
v 0.297921 0.555205 -0.145786
v 0.294963 0.564916 -0.145786
v 0.285292 0.568005 -0.145786
v -0.245235 0.433444 -0.145786
v -0.224717 0.543772 -0.145786
v -0.297920 0.555205 -0.145786
v -0.294961 0.564916 -0.145786
v -0.285291 0.568005 -0.145786
v 0.001239 0.443266 -0.145786
v -0.001236 0.443265 -0.145786
v 0.052547 0.466314 -0.145786
v -0.052540 0.466312 -0.145786
v 0.172752 -0.519619 -0.000000
v -0.172751 -0.519619 -0.000000
v 0.028419 -0.814255 -0.000000
v 0.000000 -0.826595 -0.000000
v -0.028419 -0.814255 -0.000000
v 0.670775 0.567178 -0.000000
v 0.614824 0.841910 -0.000000
v 0.800146 0.867489 -0.000000
v 0.792182 0.893631 -0.000000
v 0.766150 0.901947 -0.000000
v -0.670775 0.567178 0.000000
v -0.614820 0.841908 0.000000
v -0.800146 0.867489 0.000000
v -0.792182 0.893631 0.000000
v -0.766150 0.901946 0.000000
v 0.003289 0.566671 0.000000
v -0.003285 0.566669 0.000000
v 0.171471 -0.513024 0.134227
v -0.171471 -0.513024 0.134227
v 0.028209 -0.805475 0.134227
v 0.000000 -0.817724 0.134227
v -0.028208 -0.805475 0.134227
v 0.665802 0.565716 0.134227
v 0.610266 0.838411 0.134227
v 0.794214 0.863801 0.134227
v 0.786309 0.889749 0.134227
v 0.760469 0.898002 0.134227
v -0.665802 0.565716 0.134227
v -0.610262 0.838409 0.134227
v -0.794214 0.863800 0.134227
v -0.786309 0.889749 0.134227
v -0.760470 0.898002 0.134227
v 0.003265 0.565212 0.134227
v -0.003261 0.565211 0.134227
v 0.000000 -0.826595 0.075254
v 0.028420 -0.814255 0.075254
v 0.614824 0.841910 0.075254
v 0.003289 0.566671 0.075254
v -0.792182 0.893631 0.075254
v -0.800146 0.867489 0.075254
v -0.028419 -0.814255 0.075254
v -0.614820 0.841908 0.075254
v -0.003285 0.566669 0.075254
v -0.766150 0.901946 0.075254
v -0.172751 -0.519619 0.075254
v 0.800146 0.867489 0.075254
v 0.670775 0.567178 0.075254
v 0.172752 -0.519619 0.075254
v 0.792182 0.893631 0.075254
v -0.670775 0.567178 0.075254
v 0.766150 0.901947 0.075254
v 0.128965 0.623127 0.000000
v 0.128008 0.621250 0.134227
v 0.128965 0.623127 0.075254
v -0.128949 0.623120 0.000000
v -0.127993 0.621243 0.134227
v -0.128949 0.623120 0.075254
v 0.145431 -0.378931 0.145786
v -0.145431 -0.378932 0.145786
v 0.023925 -0.626971 0.145786
v 0.000000 -0.637359 0.145786
v -0.023925 -0.626971 0.145786
v 0.564693 0.535991 0.145786
v 0.517591 0.767274 0.145786
v 0.673605 0.788808 0.145786
v 0.666900 0.810816 0.145786
v 0.644985 0.817816 0.145786
v -0.564693 0.535991 0.145786
v -0.517587 0.767273 0.145786
v -0.673604 0.788808 0.145786
v -0.666900 0.810816 0.145786
v -0.644985 0.817816 0.145786
v 0.002769 0.535564 0.145786
v -0.002766 0.535562 0.145786
v 0.108569 0.583091 0.145786
v -0.108556 0.583085 0.145786
v 0.068887 0.048631 0.145786
v -0.068885 0.048631 0.145786
v 0.010559 -0.070990 0.145786
v 0.000001 -0.075574 0.145786
v -0.010557 -0.070990 0.145786
v 0.245237 0.433444 0.145786
v 0.224720 0.543772 0.145786
v 0.297921 0.555205 0.145786
v 0.294963 0.564916 0.145786
v 0.285292 0.568005 0.145786
v -0.245235 0.433444 0.145786
v -0.224717 0.543772 0.145786
v -0.297920 0.555204 0.145786
v -0.294961 0.564916 0.145786
v -0.285290 0.568005 0.145786
v 0.001239 0.443266 0.145786
v -0.001235 0.443265 0.145786
v 0.052547 0.466314 0.145786
v -0.052540 0.466312 0.145786
v 0.130423 -0.610757 -0.000000
v 0.097837 -0.680318 -0.000000
v 0.073592 -0.731332 -0.000000
v 0.056286 -0.766829 -0.000000
v 0.044517 -0.789839 -0.000000
v 0.036885 -0.803394 -0.000000
v 0.031986 -0.810522 -0.000000
v 0.025019 -0.817116 -0.000000
v 0.021558 -0.819609 -0.000000
v 0.018044 -0.821728 -0.000000
v 0.014487 -0.823470 -0.000000
v 0.010896 -0.824832 -0.000000
v 0.007278 -0.825809 -0.000000
v 0.003644 -0.826398 -0.000000
v -0.003643 -0.826398 -0.000000
v -0.007278 -0.825809 -0.000000
v -0.010895 -0.824832 -0.000000
v -0.014487 -0.823470 -0.000000
v -0.018044 -0.821728 -0.000000
v -0.021557 -0.819609 -0.000000
v -0.025018 -0.817117 -0.000000
v -0.031986 -0.810522 -0.000000
v -0.036884 -0.803394 -0.000000
v -0.044517 -0.789839 -0.000000
v -0.056286 -0.766829 -0.000000
v -0.073592 -0.731332 -0.000000
v -0.097837 -0.680318 -0.000000
v -0.130423 -0.610757 -0.000000
v 0.712178 0.658667 -0.000000
v 0.743612 0.728665 -0.000000
v 0.766457 0.780210 -0.000000
v 0.782093 0.816340 -0.000000
v 0.791900 0.840095 -0.000000
v 0.797258 0.854512 -0.000000
v 0.799546 0.862631 -0.000000
v 0.800207 0.871618 -0.000000
v 0.799961 0.875516 -0.000000
v 0.799411 0.879177 -0.000000
v 0.798559 0.882591 -0.000000
v 0.797408 0.885752 -0.000000
v 0.795960 0.888651 -0.000000
v 0.794217 0.891280 -0.000000
v 0.789858 0.895697 -0.000000
v 0.787253 0.897475 -0.000000
v 0.784374 0.898963 -0.000000
v 0.781229 0.900156 -0.000000
v 0.777826 0.901054 -0.000000
v 0.774173 0.901653 -0.000000
v 0.770279 0.901952 -0.000000
v 0.761578 0.901540 -0.000000
v 0.755490 0.900253 -0.000000
v 0.746594 0.897513 -0.000000
v 0.733600 0.892744 -0.000000
v 0.715216 0.885373 -0.000000
v 0.690153 0.874827 -0.000000
v 0.657119 0.860530 -0.000000
v -0.712178 0.658667 0.000000
v -0.743612 0.728664 0.000000
v -0.766457 0.780209 0.000000
v -0.782093 0.816340 0.000000
v -0.791900 0.840095 0.000000
v -0.797258 0.854512 0.000000
v -0.799547 0.862631 0.000000
v -0.800207 0.871618 0.000000
v -0.799961 0.875516 0.000000
v -0.799411 0.879176 0.000000
v -0.798559 0.882591 0.000000
v -0.797408 0.885752 0.000000
v -0.795960 0.888651 0.000000
v -0.794217 0.891280 0.000000
v -0.789859 0.895697 0.000000
v -0.787253 0.897475 0.000000
v -0.784374 0.898962 0.000000
v -0.781229 0.900156 0.000000
v -0.777826 0.901054 0.000000
v -0.774174 0.901653 0.000000
v -0.770279 0.901952 0.000000
v -0.761578 0.901540 0.000000
v -0.755490 0.900253 0.000000
v -0.746594 0.897512 0.000000
v -0.733599 0.892744 0.000000
v -0.715216 0.885373 0.000000
v -0.690152 0.874826 0.000000
v -0.657117 0.860529 0.000000
v 0.225522 -0.405403 -0.000000
v 0.286625 -0.272722 -0.000000
v 0.353249 -0.127717 -0.000000
v 0.422583 0.023469 -0.000000
v 0.491814 0.174693 -0.000000
v 0.558130 0.319814 -0.000000
v 0.618721 0.452690 -0.000000
v -0.225522 -0.405403 -0.000000
v -0.286625 -0.272722 -0.000000
v -0.353249 -0.127717 0.000000
v -0.422582 0.023469 0.000000
v -0.491813 0.174693 0.000000
v -0.558130 0.319814 0.000000
v -0.618721 0.452690 0.000000
v 0.179326 0.645932 -0.000000
v 0.238057 0.672514 -0.000000
v 0.302454 0.701633 -0.000000
v 0.369814 0.732049 -0.000000
v 0.437434 0.762524 -0.000000
v 0.502611 0.791819 -0.000000
v 0.562642 0.818694 -0.000000
v -0.179311 0.645926 0.000000
v -0.238043 0.672508 0.000000
v -0.302441 0.701627 0.000000
v -0.369803 0.732044 0.000000
v -0.437425 0.762520 0.000000
v -0.502604 0.791815 0.000000
v -0.562637 0.818691 0.000000
v 0.129456 -0.603486 -0.134227
v 0.097112 -0.672531 -0.134227
v 0.073046 -0.723167 -0.134227
v 0.055869 -0.758400 -0.134227
v 0.044187 -0.781240 -0.134227
v 0.036611 -0.794694 -0.134227
v 0.031749 -0.801770 -0.134227
v 0.024833 -0.808315 -0.134227
v 0.021398 -0.810789 -0.134227
v 0.017910 -0.812893 -0.134227
v 0.014380 -0.814622 -0.134227
v 0.010815 -0.815973 -0.134227
v 0.007225 -0.816943 -0.134227
v 0.003617 -0.817528 -0.134227
v -0.003616 -0.817528 -0.134227
v -0.007224 -0.816943 -0.134227
v -0.010815 -0.815973 -0.134227
v -0.014380 -0.814622 -0.134227
v -0.017910 -0.812892 -0.134227
v -0.021397 -0.810789 -0.134227
v -0.024833 -0.808315 -0.134227
v -0.031749 -0.801770 -0.134227
v -0.036611 -0.794694 -0.134227
v -0.044187 -0.781241 -0.134227
v -0.055868 -0.758400 -0.134227
v -0.073046 -0.723166 -0.134227
v -0.097111 -0.672531 -0.134227
v -0.129456 -0.603486 -0.134227
v 0.706898 0.656527 -0.134227
v 0.738099 0.726005 -0.134227
v 0.760775 0.777168 -0.134227
v 0.776295 0.813031 -0.134227
v 0.786029 0.836610 -0.134227
v 0.791347 0.850920 -0.134227
v 0.793619 0.858979 -0.134227
v 0.794274 0.867898 -0.134227
v 0.794030 0.871768 -0.134227
v 0.793484 0.875401 -0.134227
v 0.792639 0.878791 -0.134227
v 0.791496 0.881928 -0.134227
v 0.790058 0.884805 -0.134227
v 0.788329 0.887415 -0.134227
v 0.784002 0.891800 -0.134227
v 0.781416 0.893565 -0.134227
v 0.778559 0.895041 -0.134227
v 0.775437 0.896226 -0.134227
v 0.772059 0.897117 -0.134227
v 0.768434 0.897712 -0.134227
v 0.764568 0.898008 -0.134227
v 0.755932 0.897599 -0.134227
v 0.749889 0.896322 -0.134227
v 0.741059 0.893602 -0.134227
v 0.728161 0.888868 -0.134227
v 0.709914 0.881552 -0.134227
v 0.685036 0.871084 -0.134227
v 0.652247 0.856893 -0.134227
v -0.706898 0.656527 -0.134227
v -0.738099 0.726005 -0.134227
v -0.760775 0.777168 -0.134227
v -0.776295 0.813031 -0.134227
v -0.786029 0.836609 -0.134227
v -0.791347 0.850920 -0.134227
v -0.793619 0.858978 -0.134227
v -0.794274 0.867898 -0.134227
v -0.794030 0.871768 -0.134227
v -0.793484 0.875401 -0.134227
v -0.792639 0.878791 -0.134227
v -0.791496 0.881928 -0.134227
v -0.790058 0.884805 -0.134227
v -0.788329 0.887415 -0.134227
v -0.784003 0.891799 -0.134227
v -0.781417 0.893564 -0.134227
v -0.778559 0.895040 -0.134227
v -0.775437 0.896225 -0.134227
v -0.772060 0.897116 -0.134227
v -0.768434 0.897711 -0.134227
v -0.764568 0.898007 -0.134227
v -0.755932 0.897599 -0.134227
v -0.749889 0.896322 -0.134227
v -0.741059 0.893601 -0.134227
v -0.728161 0.888868 -0.134227
v -0.709913 0.881552 -0.134227
v -0.685035 0.871083 -0.134227
v -0.652245 0.856892 -0.134227
v 0.223850 -0.399654 -0.134227
v 0.284500 -0.267957 -0.134227
v 0.350630 -0.124027 -0.134227
v 0.419450 0.026038 -0.134227
v 0.488167 0.176141 -0.134227
v 0.553992 0.320186 -0.134227
v 0.614134 0.452077 -0.134227
v -0.223850 -0.399654 -0.134227
v -0.284500 -0.267957 -0.134227
v -0.350630 -0.124027 -0.134227
v -0.419449 0.026038 -0.134227
v -0.488167 0.176141 -0.134227
v -0.553992 0.320186 -0.134227
v -0.614134 0.452077 -0.134227
v 0.177997 0.643887 -0.134227
v 0.236292 0.670271 -0.134227
v 0.300212 0.699174 -0.134227
v 0.367073 0.729365 -0.134227
v 0.434191 0.759614 -0.134227
v 0.498885 0.788691 -0.134227
v 0.558471 0.815367 -0.134227
v -0.177982 0.643880 -0.134227
v -0.236278 0.670265 -0.134227
v -0.300199 0.699168 -0.134227
v -0.367061 0.729360 -0.134227
v -0.434182 0.759610 -0.134227
v -0.498878 0.788688 -0.134227
v -0.558465 0.815364 -0.134227
v 0.000000 -0.826578 -0.084290
v 0.000000 -0.826457 -0.093094
v 0.000000 -0.826128 -0.101544
v 0.000000 -0.825486 -0.109518
v 0.000000 -0.824429 -0.116895
v 0.000000 -0.822853 -0.123553
v 0.000000 -0.820652 -0.129371
v 0.614815 0.841903 -0.084290
v 0.614753 0.841855 -0.093094
v 0.614583 0.841725 -0.101544
v 0.614254 0.841473 -0.109518
v 0.613711 0.841056 -0.116895
v 0.612901 0.840434 -0.123553
v 0.611770 0.839566 -0.129371
v -0.792171 0.893623 -0.084290
v -0.792090 0.893570 -0.093093
v -0.791873 0.893426 -0.101543
v -0.791448 0.893146 -0.109518
v -0.790748 0.892683 -0.116895
v -0.789704 0.891993 -0.123553
v -0.788248 0.891030 -0.129371
v -0.028419 -0.814238 -0.084290
v -0.028416 -0.814118 -0.093094
v -0.028408 -0.813792 -0.101544
v -0.028393 -0.813158 -0.109518
v -0.028368 -0.812111 -0.116895
v -0.028330 -0.810551 -0.123553
v -0.028278 -0.808373 -0.129371
v -0.614811 0.841901 -0.084290
v -0.614749 0.841853 -0.093094
v -0.614580 0.841723 -0.101543
v -0.614250 0.841470 -0.109518
v -0.613707 0.841054 -0.116895
v -0.612897 0.840432 -0.123553
v -0.611766 0.839564 -0.129371
v -0.766139 0.901939 -0.084290
v -0.766061 0.901885 -0.093093
v -0.765850 0.901738 -0.101543
v -0.765440 0.901453 -0.109518
v -0.764763 0.900983 -0.116895
v -0.763754 0.900282 -0.123553
v -0.762345 0.899304 -0.129371
v -0.172749 -0.519607 -0.084290
v -0.172731 -0.519516 -0.093094
v -0.172684 -0.519272 -0.101544
v -0.172591 -0.518795 -0.109518
v -0.172439 -0.518009 -0.116895
v -0.172211 -0.516837 -0.123553
v -0.171893 -0.515201 -0.129371
v 0.800134 0.867482 -0.084290
v 0.800053 0.867432 -0.093094
v 0.799833 0.867295 -0.101544
v 0.799405 0.867028 -0.109518
v 0.798698 0.866589 -0.116895
v 0.797643 0.865933 -0.123553
v 0.796172 0.865018 -0.129371
v 0.792171 0.893624 -0.084290
v 0.792090 0.893571 -0.093094
v 0.791872 0.893427 -0.101544
v 0.791448 0.893146 -0.109518
v 0.790748 0.892683 -0.116895
v 0.789704 0.891993 -0.123553
v 0.788247 0.891030 -0.129371
v -0.670765 0.567175 -0.084290
v -0.670697 0.567155 -0.093094
v -0.670513 0.567101 -0.101543
v -0.670153 0.566995 -0.109518
v -0.669561 0.566821 -0.116895
v -0.668677 0.566561 -0.123553
v -0.667444 0.566199 -0.129371
v 0.766139 0.901939 -0.084290
v 0.766061 0.901885 -0.093094
v 0.765850 0.901739 -0.101544
v 0.765440 0.901453 -0.109518
v 0.764763 0.900984 -0.116895
v 0.763754 0.900283 -0.123553
v 0.762344 0.899304 -0.129371
v 0.000000 -0.826595 -0.009552
v 0.000000 -0.826595 -0.019090
v 0.000000 -0.826595 -0.028601
v 0.000000 -0.826595 -0.038070
v 0.000000 -0.826595 -0.047483
v 0.000000 -0.826595 -0.056828
v 0.000000 -0.826595 -0.066089
v 0.028278 -0.808373 -0.129371
v 0.028331 -0.810551 -0.123553
v 0.028368 -0.812111 -0.116895
v 0.028393 -0.813158 -0.109518
v 0.028408 -0.813792 -0.101544
v 0.028416 -0.814118 -0.093094
v 0.028419 -0.814238 -0.084290
v 0.028420 -0.814255 -0.066089
v 0.028420 -0.814255 -0.056828
v 0.028420 -0.814255 -0.047483
v 0.028419 -0.814255 -0.038070
v 0.028419 -0.814255 -0.028601
v 0.028419 -0.814255 -0.019090
v 0.028420 -0.814255 -0.009552
v 0.614824 0.841910 -0.009552
v 0.614824 0.841910 -0.019090
v 0.614824 0.841910 -0.028601
v 0.614824 0.841910 -0.038070
v 0.614824 0.841910 -0.047483
v 0.614824 0.841910 -0.056828
v 0.614824 0.841910 -0.066089
v 0.003273 0.565694 -0.129371
v 0.003279 0.566055 -0.123553
v 0.003283 0.566315 -0.116895
v 0.003286 0.566488 -0.109518
v 0.003288 0.566594 -0.101543
v 0.003289 0.566648 -0.093094
v 0.003289 0.566668 -0.084290
v 0.003289 0.566671 -0.066089
v 0.003289 0.566671 -0.056828
v 0.003289 0.566671 -0.047483
v 0.003289 0.566671 -0.038070
v 0.003289 0.566671 -0.028601
v 0.003289 0.566671 -0.019090
v 0.003289 0.566671 -0.009552
v -0.792182 0.893631 -0.009552
v -0.792182 0.893631 -0.019090
v -0.792182 0.893631 -0.028600
v -0.792182 0.893631 -0.038069
v -0.792182 0.893631 -0.047483
v -0.792182 0.893631 -0.056828
v -0.792182 0.893631 -0.066089
v -0.796172 0.865018 -0.129371
v -0.797644 0.865933 -0.123553
v -0.798698 0.866589 -0.116895
v -0.799405 0.867028 -0.109518
v -0.799833 0.867295 -0.101543
v -0.800053 0.867431 -0.093093
v -0.800135 0.867482 -0.084290
v -0.800146 0.867489 -0.066089
v -0.800146 0.867489 -0.056828
v -0.800146 0.867489 -0.047483
v -0.800146 0.867489 -0.038069
v -0.800146 0.867489 -0.028600
v -0.800146 0.867489 -0.019090
v -0.800146 0.867489 -0.009552
v -0.028419 -0.814255 -0.009552
v -0.028419 -0.814255 -0.019090
v -0.028419 -0.814255 -0.028601
v -0.028419 -0.814255 -0.038070
v -0.028419 -0.814255 -0.047483
v -0.028419 -0.814255 -0.056828
v -0.028419 -0.814255 -0.066089
v -0.614820 0.841908 -0.009552
v -0.614820 0.841908 -0.019090
v -0.614820 0.841908 -0.028601
v -0.614820 0.841908 -0.038069
v -0.614820 0.841908 -0.047483
v -0.614820 0.841908 -0.056828
v -0.614820 0.841908 -0.066089
v -0.003269 0.565692 -0.129371
v -0.003275 0.566054 -0.123553
v -0.003279 0.566313 -0.116895
v -0.003282 0.566487 -0.109518
v -0.003284 0.566592 -0.101543
v -0.003285 0.566646 -0.093094
v -0.003285 0.566666 -0.084290
v -0.003285 0.566669 -0.066089
v -0.003285 0.566669 -0.056828
v -0.003285 0.566669 -0.047483
v -0.003285 0.566669 -0.038070
v -0.003285 0.566669 -0.028601
v -0.003285 0.566669 -0.019090
v -0.003285 0.566669 -0.009552
v -0.766150 0.901946 -0.009552
v -0.766150 0.901946 -0.019090
v -0.766150 0.901946 -0.028600
v -0.766150 0.901946 -0.038069
v -0.766150 0.901946 -0.047483
v -0.766150 0.901946 -0.056828
v -0.766150 0.901946 -0.066089
v -0.172751 -0.519619 -0.009552
v -0.172751 -0.519619 -0.019090
v -0.172751 -0.519620 -0.028601
v -0.172751 -0.519619 -0.038070
v -0.172751 -0.519619 -0.047483
v -0.172751 -0.519619 -0.056828
v -0.172751 -0.519619 -0.066089
v 0.800146 0.867489 -0.009552
v 0.800146 0.867489 -0.019090
v 0.800146 0.867489 -0.028601
v 0.800146 0.867489 -0.038070
v 0.800146 0.867489 -0.047483
v 0.800146 0.867489 -0.056828
v 0.800146 0.867489 -0.066089
v 0.667443 0.566199 -0.129371
v 0.668677 0.566562 -0.123553
v 0.669561 0.566821 -0.116895
v 0.670153 0.566996 -0.109518
v 0.670513 0.567101 -0.101544
v 0.670697 0.567155 -0.093094
v 0.670765 0.567176 -0.084290
v 0.670775 0.567178 -0.066089
v 0.670775 0.567178 -0.056828
v 0.670775 0.567178 -0.047483
v 0.670775 0.567178 -0.038070
v 0.670775 0.567178 -0.028601
v 0.670775 0.567178 -0.019090
v 0.670775 0.567178 -0.009552
v 0.171894 -0.515201 -0.129371
v 0.172211 -0.516837 -0.123553
v 0.172439 -0.518009 -0.116895
v 0.172591 -0.518795 -0.109518
v 0.172684 -0.519272 -0.101544
v 0.172731 -0.519516 -0.093094
v 0.172749 -0.519607 -0.084290
v 0.172752 -0.519619 -0.066089
v 0.172752 -0.519619 -0.056828
v 0.172752 -0.519619 -0.047483
v 0.172752 -0.519619 -0.038070
v 0.172752 -0.519619 -0.028601
v 0.172752 -0.519619 -0.019090
v 0.172752 -0.519619 -0.009552
v 0.792182 0.893631 -0.009552
v 0.792182 0.893631 -0.019090
v 0.792182 0.893631 -0.028601
v 0.792182 0.893631 -0.038070
v 0.792182 0.893631 -0.047483
v 0.792182 0.893631 -0.056828
v 0.792182 0.893631 -0.066089
v -0.670775 0.567178 -0.009552
v -0.670775 0.567178 -0.019090
v -0.670775 0.567178 -0.028601
v -0.670775 0.567178 -0.038070
v -0.670775 0.567178 -0.047483
v -0.670775 0.567178 -0.056828
v -0.670775 0.567178 -0.066089
v 0.766150 0.901947 -0.009552
v 0.766150 0.901947 -0.019090
v 0.766150 0.901947 -0.028601
v 0.766150 0.901947 -0.038070
v 0.766150 0.901947 -0.047483
v 0.766150 0.901947 -0.056828
v 0.766150 0.901947 -0.066089
v -0.799547 0.862631 -0.075254
v -0.797258 0.854512 -0.075254
v -0.791900 0.840095 -0.075254
v -0.782093 0.816340 -0.075254
v -0.766458 0.780209 -0.075254
v -0.743612 0.728665 -0.075254
v -0.712178 0.658667 -0.075254
v 0.031986 -0.810522 -0.075254
v 0.036885 -0.803394 -0.075254
v 0.044517 -0.789839 -0.075254
v 0.056286 -0.766829 -0.075254
v 0.073592 -0.731332 -0.075254
v 0.097837 -0.680318 -0.075254
v 0.130423 -0.610757 -0.075254
v 0.657119 0.860530 -0.075254
v 0.690153 0.874827 -0.075254
v 0.715216 0.885373 -0.075254
v 0.733600 0.892744 -0.075254
v 0.746594 0.897513 -0.075254
v 0.755490 0.900253 -0.075254
v 0.761578 0.901540 -0.075254
v 0.770279 0.901952 -0.075254
v 0.774173 0.901653 -0.075254
v 0.777826 0.901054 -0.075254
v 0.781229 0.900156 -0.075254
v 0.784374 0.898963 -0.075254
v 0.787253 0.897475 -0.075254
v 0.789858 0.895697 -0.075254
v -0.618721 0.452690 -0.075254
v -0.558130 0.319814 -0.075254
v -0.491813 0.174693 -0.075254
v -0.422583 0.023468 -0.075254
v -0.353249 -0.127717 -0.075254
v -0.286625 -0.272722 -0.075254
v -0.225522 -0.405403 -0.075254
v 0.794217 0.891280 -0.075254
v 0.795960 0.888651 -0.075254
v 0.797408 0.885752 -0.075254
v 0.798559 0.882591 -0.075254
v 0.799411 0.879177 -0.075254
v 0.799961 0.875516 -0.075254
v 0.800207 0.871618 -0.075254
v 0.618721 0.452690 -0.075254
v 0.558130 0.319814 -0.075254
v 0.491813 0.174693 -0.075254
v 0.422583 0.023469 -0.075254
v 0.353249 -0.127717 -0.075254
v 0.286625 -0.272722 -0.075254
v 0.225522 -0.405403 -0.075254
v 0.799546 0.862631 -0.075254
v 0.797258 0.854512 -0.075254
v 0.791900 0.840095 -0.075254
v 0.782093 0.816340 -0.075254
v 0.766457 0.780210 -0.075254
v 0.743612 0.728665 -0.075254
v 0.712178 0.658667 -0.075254
v -0.657117 0.860529 -0.075254
v -0.690152 0.874826 -0.075254
v -0.715216 0.885373 -0.075254
v -0.733599 0.892744 -0.075254
v -0.746594 0.897512 -0.075254
v -0.755490 0.900253 -0.075254
v -0.761579 0.901540 -0.075254
v -0.130423 -0.610757 -0.075254
v -0.097837 -0.680318 -0.075254
v -0.073592 -0.731332 -0.075254
v -0.056286 -0.766829 -0.075254
v -0.044517 -0.789840 -0.075254
v -0.036884 -0.803394 -0.075254
v -0.031986 -0.810522 -0.075254
v -0.770279 0.901952 -0.075254
v -0.774174 0.901653 -0.075254
v -0.777826 0.901054 -0.075254
v -0.781229 0.900156 -0.075254
v -0.784374 0.898962 -0.075254
v -0.787253 0.897475 -0.075254
v -0.789859 0.895697 -0.075254
v -0.088979 0.605019 -0.075254
v -0.058701 0.591314 -0.075254
v -0.036736 0.581385 -0.075254
v -0.021703 0.574611 -0.075254
v -0.012222 0.570372 -0.075254
v -0.006912 0.568049 -0.075254
v -0.004393 0.567021 -0.075254
v -0.025018 -0.817116 -0.075254
v -0.021557 -0.819609 -0.075254
v -0.018044 -0.821728 -0.075254
v -0.014487 -0.823470 -0.075254
v -0.010895 -0.824832 -0.075254
v -0.007278 -0.825809 -0.075254
v -0.003643 -0.826398 -0.075254
v -0.794217 0.891280 -0.075254
v -0.795960 0.888651 -0.075254
v -0.797408 0.885752 -0.075254
v -0.798559 0.882591 -0.075254
v -0.799411 0.879176 -0.075254
v -0.799961 0.875516 -0.075254
v -0.800207 0.871617 -0.075254
v 0.088994 0.605026 -0.075254
v 0.058716 0.591321 -0.075254
v 0.036749 0.581391 -0.075254
v 0.021714 0.574616 -0.075254
v 0.012231 0.570377 -0.075254
v 0.006919 0.568052 -0.075254
v 0.004399 0.567024 -0.075254
v 0.003644 -0.826398 -0.075254
v 0.007279 -0.825809 -0.075254
v 0.010896 -0.824832 -0.075254
v 0.014487 -0.823470 -0.075254
v 0.018044 -0.821728 -0.075254
v 0.021558 -0.819609 -0.075254
v 0.025019 -0.817117 -0.075254
v 0.002440 0.566476 0.000000
v 0.001614 0.566337 0.000000
v 0.000803 0.566254 0.000000
v 0.000000 0.566226 0.000000
v -0.000802 0.566254 0.000000
v -0.001612 0.566337 0.000000
v -0.002437 0.566475 0.000000
v 0.002422 0.565019 -0.134227
v 0.001602 0.564882 -0.134227
v 0.000797 0.564799 -0.134227
v 0.000000 0.564771 -0.134227
v -0.000796 0.564799 -0.134227
v -0.001600 0.564881 -0.134227
v -0.002419 0.565018 -0.134227
v -0.002437 0.566475 -0.075254
v -0.001612 0.566337 -0.075254
v -0.000802 0.566254 -0.075254
v 0.000000 0.566226 -0.075254
v 0.000803 0.566254 -0.075254
v 0.001614 0.566337 -0.075254
v 0.002440 0.566476 -0.075254
v 0.004399 0.567024 0.000000
v 0.006919 0.568052 0.000000
v 0.012231 0.570377 0.000000
v 0.021714 0.574616 0.000000
v 0.036749 0.581391 0.000000
v 0.058716 0.591321 0.000000
v 0.088994 0.605026 0.000000
v 0.004366 0.565563 -0.134227
v 0.006868 0.566584 -0.134227
v 0.012140 0.568891 -0.134227
v 0.021553 0.573099 -0.134227
v 0.036477 0.579823 -0.134227
v 0.058280 0.589680 -0.134227
v 0.088334 0.603284 -0.134227
v 0.562642 0.818694 -0.075254
v 0.502611 0.791819 -0.075254
v 0.437434 0.762524 -0.075254
v 0.369814 0.732049 -0.075254
v 0.302454 0.701633 -0.075254
v 0.238057 0.672514 -0.075254
v 0.179326 0.645932 -0.075254
v 0.128965 0.623127 -0.009552
v 0.128965 0.623127 -0.019090
v 0.128965 0.623127 -0.028601
v 0.128965 0.623127 -0.038070
v 0.128965 0.623127 -0.047483
v 0.128965 0.623127 -0.056828
v 0.128965 0.623127 -0.066089
v 0.128963 0.623123 -0.084290
v 0.128950 0.623097 -0.093094
v 0.128914 0.623028 -0.101543
v 0.128845 0.622892 -0.109518
v 0.128731 0.622669 -0.116895
v 0.128561 0.622335 -0.123553
v 0.128324 0.621869 -0.129371
v -0.004393 0.567021 0.000000
v -0.006912 0.568049 0.000000
v -0.012222 0.570372 0.000000
v -0.021703 0.574611 0.000000
v -0.036736 0.581385 0.000000
v -0.058701 0.591314 0.000000
v -0.088979 0.605019 0.000000
v -0.004361 0.565560 -0.134227
v -0.006861 0.566581 -0.134227
v -0.012131 0.568887 -0.134227
v -0.021542 0.573094 -0.134227
v -0.036464 0.579818 -0.134227
v -0.058266 0.589673 -0.134227
v -0.088319 0.603277 -0.134227
v -0.562637 0.818691 -0.075254
v -0.502604 0.791815 -0.075254
v -0.437425 0.762520 -0.075254
v -0.369803 0.732044 -0.075254
v -0.302441 0.701627 -0.075254
v -0.238043 0.672508 -0.075254
v -0.179311 0.645926 -0.075254
v -0.128949 0.623120 -0.066089
v -0.128949 0.623120 -0.056828
v -0.128949 0.623120 -0.047483
v -0.128949 0.623120 -0.038070
v -0.128949 0.623120 -0.028601
v -0.128949 0.623120 -0.019090
v -0.128949 0.623120 -0.009552
v -0.128308 0.621862 -0.129371
v -0.128546 0.622328 -0.123553
v -0.128716 0.622661 -0.116895
v -0.128829 0.622885 -0.109518
v -0.128899 0.623021 -0.101543
v -0.128934 0.623090 -0.093094
v -0.128947 0.623116 -0.084290
v 0.109797 -0.455656 -0.145786
v 0.082364 -0.514216 -0.145786
v 0.061954 -0.557162 -0.145786
v 0.047385 -0.587045 -0.145786
v 0.037477 -0.606417 -0.145786
v 0.031052 -0.617828 -0.145786
v 0.026928 -0.623829 -0.145786
v 0.021062 -0.629380 -0.145786
v 0.018148 -0.631478 -0.145786
v 0.015191 -0.633262 -0.145786
v 0.012196 -0.634729 -0.145786
v 0.009173 -0.635875 -0.145786
v 0.006128 -0.636698 -0.145786
v 0.003068 -0.637194 -0.145786
v -0.003067 -0.637194 -0.145786
v -0.006127 -0.636698 -0.145786
v -0.009172 -0.635875 -0.145786
v -0.012196 -0.634729 -0.145786
v -0.015190 -0.633262 -0.145786
v -0.018148 -0.631478 -0.145786
v -0.021062 -0.629380 -0.145786
v -0.026927 -0.623829 -0.145786
v -0.031051 -0.617828 -0.145786
v -0.037477 -0.606417 -0.145786
v -0.047384 -0.587045 -0.145786
v -0.061953 -0.557162 -0.145786
v -0.082364 -0.514216 -0.145786
v -0.109796 -0.455656 -0.145786
v 0.599549 0.613011 -0.145786
v 0.626012 0.671939 -0.145786
v 0.645244 0.715332 -0.145786
v 0.658407 0.745749 -0.145786
v 0.666663 0.765747 -0.145786
v 0.671173 0.777884 -0.145786
v 0.673100 0.784719 -0.145786
v 0.673656 0.792284 -0.145786
v 0.673449 0.795566 -0.145786
v 0.672986 0.798648 -0.145786
v 0.672269 0.801522 -0.145786
v 0.671299 0.804183 -0.145786
v 0.670080 0.806623 -0.145786
v 0.668613 0.808837 -0.145786
v 0.664944 0.812556 -0.145786
v 0.662751 0.814052 -0.145786
v 0.660327 0.815304 -0.145786
v 0.657679 0.816309 -0.145786
v 0.654815 0.817065 -0.145786
v 0.651739 0.817570 -0.145786
v 0.648461 0.817821 -0.145786
v 0.641136 0.817474 -0.145786
v 0.636011 0.816391 -0.145786
v 0.628522 0.814084 -0.145786
v 0.617582 0.810069 -0.145786
v 0.602106 0.803864 -0.145786
v 0.581007 0.794986 -0.145786
v 0.553197 0.782950 -0.145786
v -0.599548 0.613011 -0.145786
v -0.626011 0.671939 -0.145786
v -0.645243 0.715332 -0.145786
v -0.658407 0.745748 -0.145786
v -0.666663 0.765746 -0.145786
v -0.671173 0.777884 -0.145786
v -0.673100 0.784718 -0.145786
v -0.673656 0.792284 -0.145786
v -0.673449 0.795566 -0.145786
v -0.672986 0.798647 -0.145786
v -0.672268 0.801522 -0.145786
v -0.671299 0.804183 -0.145786
v -0.670080 0.806623 -0.145786
v -0.668613 0.808836 -0.145786
v -0.664944 0.812555 -0.145786
v -0.662750 0.814052 -0.145786
v -0.660327 0.815304 -0.145786
v -0.657679 0.816309 -0.145786
v -0.654814 0.817065 -0.145786
v -0.651739 0.817569 -0.145786
v -0.648460 0.817821 -0.145786
v -0.641136 0.817474 -0.145786
v -0.636011 0.816391 -0.145786
v -0.628521 0.814083 -0.145786
v -0.617582 0.810069 -0.145786
v -0.602105 0.803864 -0.145786
v -0.581005 0.794985 -0.145786
v -0.553195 0.782949 -0.145786
v 0.189856 -0.282778 -0.145786
v 0.241296 -0.171080 -0.145786
v 0.297384 -0.049008 -0.145786
v 0.355752 0.078268 -0.145786
v 0.414034 0.205577 -0.145786
v 0.469863 0.327747 -0.145786
v 0.520872 0.439609 -0.145786
v -0.189856 -0.282778 -0.145786
v -0.241296 -0.171080 -0.145786
v -0.297383 -0.049008 -0.145786
v -0.355752 0.078268 -0.145786
v -0.414034 0.205577 -0.145786
v -0.469863 0.327747 -0.145786
v -0.520872 0.439609 -0.145786
v 0.150966 0.602290 -0.145786
v 0.200409 0.624668 -0.145786
v 0.254622 0.649182 -0.145786
v 0.311329 0.674788 -0.145786
v 0.368255 0.700444 -0.145786
v 0.423124 0.725105 -0.145786
v 0.473661 0.747730 -0.145786
v -0.150953 0.602285 -0.145786
v -0.200397 0.624663 -0.145786
v -0.254611 0.649177 -0.145786
v -0.311319 0.674784 -0.145786
v -0.368247 0.700440 -0.145786
v -0.423118 0.725102 -0.145786
v -0.473657 0.747728 -0.145786
v 0.002054 0.535400 -0.145786
v 0.001359 0.535283 -0.145786
v 0.000676 0.535213 -0.145786
v 0.000001 0.535190 -0.145786
v -0.000675 0.535213 -0.145786
v -0.001357 0.535283 -0.145786
v -0.002052 0.535399 -0.145786
v 0.003703 0.535861 -0.145786
v 0.005825 0.536727 -0.145786
v 0.010297 0.538684 -0.145786
v 0.018280 0.542253 -0.145786
v 0.030938 0.547956 -0.145786
v 0.049430 0.556316 -0.145786
v 0.074920 0.567853 -0.145786
v -0.003698 0.535859 -0.145786
v -0.005819 0.536724 -0.145786
v -0.010289 0.538680 -0.145786
v -0.018271 0.542248 -0.145786
v -0.030926 0.547951 -0.145786
v -0.049418 0.556310 -0.145786
v -0.074907 0.567848 -0.145786
v -0.663565 0.565058 -0.138043
v -0.660026 0.564018 -0.140910
v -0.654351 0.562349 -0.142964
v -0.645704 0.559807 -0.144341
v -0.633249 0.556146 -0.145176
v -0.616153 0.551120 -0.145605
v -0.593579 0.544483 -0.145763
v -0.152870 -0.417241 -0.145763
v -0.158684 -0.447179 -0.145605
v -0.163087 -0.469852 -0.145176
v -0.166294 -0.486369 -0.144341
v -0.168521 -0.497837 -0.142964
v -0.169983 -0.505364 -0.140910
v -0.170894 -0.510057 -0.138043
v 0.783667 0.888002 -0.138043
v 0.779487 0.885240 -0.140910
v 0.772785 0.880809 -0.142964
v 0.762573 0.874059 -0.144341
v 0.747865 0.864336 -0.145176
v 0.727674 0.850989 -0.145605
v 0.701015 0.833367 -0.145763
v 0.677978 0.840725 -0.145763
v 0.703762 0.858628 -0.145605
v 0.723289 0.872186 -0.145176
v 0.737514 0.882063 -0.144341
v 0.747390 0.888921 -0.142964
v 0.753872 0.893422 -0.140910
v 0.757914 0.896228 -0.138043
v 0.608215 0.836837 -0.138043
v 0.604971 0.834347 -0.140910
v 0.599769 0.830354 -0.142964
v 0.591844 0.824270 -0.144341
v 0.580428 0.815508 -0.145176
v 0.564758 0.803480 -0.145605
v 0.544067 0.787598 -0.145763
v 0.114123 0.593993 -0.145763
v 0.118463 0.602512 -0.145605
v 0.121750 0.608965 -0.145176
v 0.124144 0.613665 -0.144341
v 0.125807 0.616928 -0.142964
v 0.126898 0.619070 -0.140910
v 0.127578 0.620405 -0.138043
v -0.003250 0.564555 -0.138043
v -0.003233 0.563517 -0.140910
v -0.003205 0.561853 -0.142964
v -0.003163 0.559317 -0.144341
v -0.003102 0.555665 -0.145176
v -0.003018 0.550652 -0.145605
v -0.002907 0.544033 -0.145763
v -0.114109 0.593987 -0.145763
v -0.118448 0.602506 -0.145605
v -0.121735 0.608958 -0.145176
v -0.124129 0.613658 -0.144341
v -0.125792 0.616921 -0.142964
v -0.126883 0.619063 -0.140910
v -0.127563 0.620398 -0.138043
v 0.028114 -0.801525 -0.138043
v 0.027964 -0.795278 -0.140910
v 0.027724 -0.785258 -0.142964
v 0.027357 -0.769992 -0.144341
v 0.026830 -0.748005 -0.145177
v 0.026105 -0.717822 -0.145605
v 0.025149 -0.677969 -0.145763
v 0.152871 -0.417241 -0.145763
v 0.158684 -0.447179 -0.145605
v 0.163087 -0.469852 -0.145177
v 0.166295 -0.486369 -0.144341
v 0.168522 -0.497837 -0.142964
v 0.169983 -0.505364 -0.140910
v 0.170895 -0.510057 -0.138043
v -0.544064 0.787596 -0.145763
v -0.564755 0.803478 -0.145605
v -0.580425 0.815506 -0.145176
v -0.591840 0.824268 -0.144341
v -0.599766 0.830352 -0.142964
v -0.604968 0.834345 -0.140910
v -0.608211 0.836835 -0.138042
v 0.002911 0.544034 -0.145763
v 0.003021 0.550654 -0.145605
v 0.003105 0.555667 -0.145176
v 0.003166 0.559319 -0.144341
v 0.003209 0.561854 -0.142964
v 0.003237 0.563519 -0.140910
v 0.003254 0.564556 -0.138043
v -0.791545 0.862141 -0.138042
v -0.787324 0.859516 -0.140910
v -0.780554 0.855307 -0.142964
v -0.770239 0.848894 -0.144341
v -0.755383 0.839656 -0.145176
v -0.734989 0.826976 -0.145605
v -0.708062 0.810233 -0.145763
v 0.000000 -0.813733 -0.138043
v 0.000000 -0.807420 -0.140910
v 0.000000 -0.797296 -0.142964
v 0.000000 -0.781871 -0.144341
v 0.000000 -0.759655 -0.145177
v 0.000000 -0.729157 -0.145605
v 0.000000 -0.688889 -0.145763
v -0.783667 0.888002 -0.138042
v -0.779488 0.885239 -0.140910
v -0.772785 0.880809 -0.142964
v -0.762573 0.874058 -0.144341
v -0.747865 0.864336 -0.145176
v -0.727674 0.850989 -0.145605
v -0.701014 0.833367 -0.145763
v -0.028114 -0.801525 -0.138043
v -0.027964 -0.795278 -0.140910
v -0.027723 -0.785258 -0.142964
v -0.027357 -0.769992 -0.144341
v -0.026829 -0.748005 -0.145177
v -0.026105 -0.717822 -0.145605
v -0.025148 -0.677969 -0.145763
v -0.757914 0.896228 -0.138042
v -0.753873 0.893422 -0.140910
v -0.747390 0.888921 -0.142964
v -0.737514 0.882063 -0.144341
v -0.723289 0.872186 -0.145176
v -0.703762 0.858627 -0.145605
v -0.677978 0.840725 -0.145763
v 0.663565 0.565059 -0.138043
v 0.660026 0.564018 -0.140910
v 0.654351 0.562350 -0.142964
v 0.645704 0.559808 -0.144341
v 0.633250 0.556146 -0.145176
v 0.616153 0.551120 -0.145605
v 0.593580 0.544484 -0.145763
v 0.708062 0.810233 -0.145763
v 0.734989 0.826976 -0.145605
v 0.755383 0.839656 -0.145176
v 0.770239 0.848894 -0.144341
v 0.780554 0.855307 -0.142964
v 0.787324 0.859517 -0.140910
v 0.791545 0.862141 -0.138043
v 0.057391 0.046674 -0.145786
v 0.043572 0.043603 -0.145786
v 0.031180 0.037493 -0.145786
v 0.021557 0.025401 -0.145786
v 0.015423 0.005287 -0.145786
v 0.012169 -0.020639 -0.145786
v 0.010854 -0.048647 -0.145786
v 0.009356 -0.050174 -0.145786
v 0.007751 -0.026012 -0.145786
v 0.006081 -0.007812 -0.145786
v 0.004483 -0.001063 -0.145786
v 0.003049 -0.009128 -0.145786
v 0.001797 -0.028598 -0.145786
v 0.000737 -0.053916 -0.145786
v -0.000736 -0.053916 -0.145786
v -0.001795 -0.028598 -0.145786
v -0.003047 -0.009128 -0.145786
v -0.004481 -0.001063 -0.145786
v -0.006080 -0.007812 -0.145786
v -0.007749 -0.026012 -0.145786
v -0.009355 -0.050174 -0.145786
v -0.010853 -0.048647 -0.145786
v -0.012167 -0.020639 -0.145786
v -0.015422 0.005287 -0.145786
v -0.021555 0.025401 -0.145786
v -0.031178 0.037493 -0.145786
v -0.043570 0.043603 -0.145786
v -0.057389 0.046674 -0.145786
v 0.241307 0.447978 -0.145786
v 0.237052 0.465733 -0.145786
v 0.235453 0.483106 -0.145786
v 0.239076 0.499815 -0.145786
v 0.249606 0.515921 -0.145786
v 0.265299 0.531172 -0.145786
v 0.283255 0.545038 -0.145786
v 0.283477 0.547049 -0.145786
v 0.266590 0.537731 -0.145786
v 0.253608 0.531045 -0.145786
v 0.248238 0.529281 -0.145786
v 0.252758 0.533834 -0.145786
v 0.264922 0.543208 -0.145786
v 0.281062 0.554978 -0.145786
v 0.280181 0.555871 -0.145786
v 0.262773 0.545386 -0.145786
v 0.249112 0.537530 -0.145786
v 0.242876 0.534715 -0.145786
v 0.246334 0.538417 -0.145786
v 0.257319 0.547128 -0.145786
v 0.272285 0.558392 -0.145786
v 0.270444 0.558272 -0.145786
v 0.252121 0.546522 -0.145786
v 0.235806 0.536634 -0.145786
v 0.224310 0.530725 -0.145786
v 0.219331 0.530082 -0.145786
v 0.219340 0.533467 -0.145786
v 0.221995 0.538932 -0.145786
v -0.241305 0.447978 -0.145786
v -0.237050 0.465733 -0.145786
v -0.235451 0.483106 -0.145786
v -0.239075 0.499815 -0.145786
v -0.249605 0.515921 -0.145786
v -0.265298 0.531172 -0.145786
v -0.283254 0.545038 -0.145786
v -0.283475 0.547049 -0.145786
v -0.266589 0.537731 -0.145786
v -0.253606 0.531045 -0.145786
v -0.248236 0.529281 -0.145786
v -0.252757 0.533834 -0.145786
v -0.264920 0.543208 -0.145786
v -0.281060 0.554978 -0.145786
v -0.280179 0.555870 -0.145786
v -0.262772 0.545386 -0.145786
v -0.249110 0.537530 -0.145786
v -0.242875 0.534715 -0.145786
v -0.246333 0.538417 -0.145786
v -0.257318 0.547128 -0.145786
v -0.272284 0.558392 -0.145786
v -0.270442 0.558272 -0.145786
v -0.252119 0.546522 -0.145786
v -0.235805 0.536634 -0.145786
v -0.224308 0.530724 -0.145786
v -0.219328 0.530082 -0.145786
v -0.219338 0.533467 -0.145786
v -0.221992 0.538932 -0.145786
v 0.076535 0.088010 -0.145786
v 0.089629 0.143009 -0.145786
v 0.107796 0.202768 -0.145786
v 0.131404 0.262196 -0.145786
v 0.160274 0.317286 -0.145786
v 0.191822 0.366013 -0.145786
v 0.222496 0.406515 -0.145786
v -0.076534 0.088010 -0.145786
v -0.089627 0.143009 -0.145786
v -0.107794 0.202768 -0.145786
v -0.131402 0.262196 -0.145786
v -0.160273 0.317286 -0.145786
v -0.191821 0.366013 -0.145786
v -0.222494 0.406515 -0.145786
v 0.060504 0.466400 -0.145786
v 0.073863 0.468346 -0.145786
v 0.092038 0.473435 -0.145786
v 0.115251 0.482671 -0.145786
v 0.143245 0.496488 -0.145786
v 0.173593 0.513237 -0.145786
v 0.202976 0.530513 -0.145786
v -0.060498 0.466397 -0.145786
v -0.073857 0.468344 -0.145786
v -0.092032 0.473433 -0.145786
v -0.115246 0.482669 -0.145786
v -0.143240 0.496487 -0.145786
v -0.173589 0.513236 -0.145786
v -0.202973 0.530512 -0.145786
v 0.001008 0.439676 -0.145786
v 0.000694 0.435499 -0.145786
v 0.000353 0.432324 -0.145786
v 0.000001 0.431076 -0.145786
v -0.000351 0.432324 -0.145786
v -0.000691 0.435499 -0.145786
v -0.001005 0.439675 -0.145786
v 0.001492 0.439826 -0.145786
v 0.002631 0.436203 -0.145786
v 0.005462 0.434330 -0.145786
v 0.010811 0.435497 -0.145786
v 0.019221 0.440511 -0.145786
v 0.030104 0.448544 -0.145786
v 0.042318 0.458166 -0.145786
v -0.001489 0.439825 -0.145786
v -0.002627 0.436202 -0.145786
v -0.005458 0.434329 -0.145786
v -0.010806 0.435496 -0.145786
v -0.019216 0.440509 -0.145786
v -0.030097 0.448542 -0.145786
v -0.042312 0.458163 -0.145786
v 0.604359 0.789608 -0.145786
v 0.557808 0.757285 -0.145786
v 0.507570 0.722399 -0.145786
v 0.455882 0.686505 -0.145786
v 0.404980 0.651154 -0.145786
v 0.357083 0.617884 -0.145786
v 0.314852 0.588546 -0.145786
v 0.249504 0.562469 -0.145786
v 0.284493 0.588987 -0.145786
v 0.323778 0.618880 -0.145786
v 0.365215 0.650505 -0.145786
v 0.407054 0.682508 -0.145786
v 0.447555 0.713539 -0.145786
v 0.484980 0.742245 -0.145786
v 0.022418 -0.564176 -0.145786
v 0.020691 -0.492223 -0.145786
v 0.018827 -0.414569 -0.145786
v 0.016907 -0.334675 -0.145786
v 0.015016 -0.255996 -0.145786
v 0.013234 -0.181960 -0.145786
v 0.011661 -0.116682 -0.145786
v 0.074405 0.011813 -0.145786
v 0.082741 -0.039803 -0.145786
v 0.092624 -0.097409 -0.145786
v 0.103466 -0.157895 -0.145786
v 0.114731 -0.218757 -0.145786
v 0.125859 -0.277525 -0.145786
v 0.136282 -0.331737 -0.145786
v -0.101728 0.569667 -0.145786
v -0.093967 0.554320 -0.145786
v -0.085709 0.537811 -0.145786
v -0.077396 0.520910 -0.145786
v -0.069460 0.504381 -0.145786
v -0.062307 0.488972 -0.145786
v -0.056377 0.475558 -0.145786
v -0.249501 0.562468 -0.145786
v -0.284490 0.588986 -0.145786
v -0.323775 0.618879 -0.145786
v -0.365212 0.650503 -0.145786
v -0.407051 0.682507 -0.145786
v -0.447552 0.713538 -0.145786
v -0.484976 0.742244 -0.145786
v -0.631176 0.762427 -0.145786
v -0.582559 0.732198 -0.145786
v -0.530089 0.699573 -0.145786
v -0.476106 0.666006 -0.145786
v -0.422941 0.632948 -0.145786
v -0.372912 0.601839 -0.145786
v -0.328800 0.574408 -0.145786
v -0.272258 0.443559 -0.145786
v -0.310414 0.457023 -0.145786
v -0.353261 0.471354 -0.145786
v -0.398460 0.485846 -0.145786
v -0.444101 0.500000 -0.145786
v -0.488285 0.513368 -0.145786
v -0.529114 0.525511 -0.145786
v 0.000000 -0.573911 -0.145786
v 0.000000 -0.501207 -0.145786
v 0.000001 -0.422744 -0.145786
v 0.000001 -0.342017 -0.145786
v 0.000001 -0.262516 -0.145786
v 0.000001 -0.187707 -0.145786
v 0.000001 -0.121745 -0.145786
v 0.002595 0.525134 -0.145786
v 0.002395 0.513184 -0.145786
v 0.002180 0.500288 -0.145786
v 0.001960 0.487022 -0.145786
v 0.001743 0.473960 -0.145786
v 0.001540 0.461673 -0.145786
v 0.001362 0.450843 -0.145786
v -0.001359 0.450842 -0.145786
v -0.001537 0.461672 -0.145786
v -0.001740 0.473959 -0.145786
v -0.001956 0.487021 -0.145786
v -0.002177 0.500287 -0.145786
v -0.002392 0.513182 -0.145786
v -0.002591 0.525133 -0.145786
v -0.624894 0.783049 -0.145786
v -0.576760 0.751230 -0.145786
v -0.524814 0.716891 -0.145786
v -0.471368 0.681558 -0.145786
v -0.418733 0.646760 -0.145786
v -0.369204 0.614012 -0.145786
v -0.325532 0.585134 -0.145786
v -0.022418 -0.564176 -0.145786
v -0.020690 -0.492223 -0.145786
v -0.018826 -0.414569 -0.145786
v -0.016906 -0.334675 -0.145786
v -0.015014 -0.255996 -0.145786
v -0.013233 -0.181960 -0.145786
v -0.011660 -0.116682 -0.145786
v 0.101741 0.569673 -0.145786
v 0.093979 0.554325 -0.145786
v 0.085720 0.537816 -0.145786
v 0.077406 0.520914 -0.145786
v 0.069469 0.504384 -0.145786
v 0.062316 0.488975 -0.145786
v 0.056385 0.475560 -0.145786
v -0.604359 0.789608 -0.145786
v -0.557808 0.757285 -0.145786
v -0.507569 0.722399 -0.145786
v -0.455881 0.686505 -0.145786
v -0.404979 0.651153 -0.145786
v -0.357082 0.617884 -0.145786
v -0.314851 0.588546 -0.145786
v -0.136281 -0.331737 -0.145786
v -0.125858 -0.277526 -0.145786
v -0.114730 -0.218757 -0.145786
v -0.103465 -0.157895 -0.145786
v -0.092623 -0.097409 -0.145786
v -0.082739 -0.039803 -0.145786
v -0.074404 0.011813 -0.145786
v 0.529115 0.525512 -0.145786
v 0.488285 0.513368 -0.145786
v 0.444102 0.500001 -0.145786
v 0.398461 0.485846 -0.145786
v 0.353262 0.471354 -0.145786
v 0.310415 0.457023 -0.145786
v 0.272260 0.443559 -0.145786
v 0.328801 0.574408 -0.145786
v 0.372914 0.601839 -0.145786
v 0.422942 0.632948 -0.145786
v 0.476107 0.666007 -0.145786
v 0.530090 0.699573 -0.145786
v 0.582559 0.732198 -0.145786
v 0.631176 0.762428 -0.145786
v 0.325533 0.585134 -0.145786
v 0.369205 0.614012 -0.145786
v 0.418734 0.646760 -0.145786
v 0.471369 0.681558 -0.145786
v 0.524814 0.716891 -0.145786
v 0.576761 0.751231 -0.145786
v 0.624894 0.783049 -0.145786
v 0.129456 -0.603486 0.134227
v 0.097112 -0.672531 0.134227
v 0.073046 -0.723167 0.134227
v 0.055869 -0.758401 0.134227
v 0.044187 -0.781241 0.134227
v 0.036611 -0.794694 0.134227
v 0.031749 -0.801770 0.134227
v 0.024833 -0.808315 0.134227
v 0.021398 -0.810789 0.134227
v 0.017910 -0.812893 0.134227
v 0.014380 -0.814622 0.134227
v 0.010815 -0.815973 0.134227
v 0.007224 -0.816943 0.134227
v 0.003617 -0.817528 0.134227
v -0.003616 -0.817528 0.134227
v -0.007224 -0.816943 0.134227
v -0.010815 -0.815973 0.134227
v -0.014380 -0.814622 0.134227
v -0.017910 -0.812893 0.134227
v -0.021397 -0.810789 0.134227
v -0.024833 -0.808315 0.134227
v -0.031748 -0.801770 0.134227
v -0.036611 -0.794695 0.134227
v -0.044187 -0.781241 0.134227
v -0.055868 -0.758401 0.134227
v -0.073046 -0.723166 0.134227
v -0.097111 -0.672531 0.134227
v -0.129456 -0.603486 0.134227
v 0.706898 0.656527 0.134227
v 0.738099 0.726005 0.134227
v 0.760775 0.777168 0.134227
v 0.776295 0.813031 0.134227
v 0.786029 0.836610 0.134227
v 0.791347 0.850920 0.134227
v 0.793619 0.858979 0.134227
v 0.794274 0.867898 0.134227
v 0.794030 0.871768 0.134227
v 0.793484 0.875401 0.134227
v 0.792639 0.878791 0.134227
v 0.791496 0.881928 0.134227
v 0.790058 0.884805 0.134227
v 0.788329 0.887415 0.134227
v 0.784002 0.891800 0.134227
v 0.781416 0.893565 0.134227
v 0.778559 0.895041 0.134227
v 0.775437 0.896226 0.134227
v 0.772059 0.897117 0.134227
v 0.768434 0.897712 0.134227
v 0.764568 0.898008 0.134227
v 0.755932 0.897599 0.134227
v 0.749889 0.896322 0.134227
v 0.741059 0.893601 0.134227
v 0.728161 0.888868 0.134227
v 0.709914 0.881552 0.134227
v 0.685036 0.871084 0.134227
v 0.652247 0.856893 0.134227
v -0.706898 0.656526 0.134227
v -0.738099 0.726005 0.134227
v -0.760775 0.777168 0.134227
v -0.776295 0.813031 0.134227
v -0.786029 0.836609 0.134227
v -0.791347 0.850920 0.134227
v -0.793619 0.858978 0.134227
v -0.794274 0.867898 0.134227
v -0.794030 0.871768 0.134227
v -0.793484 0.875401 0.134227
v -0.792639 0.878790 0.134227
v -0.791496 0.881928 0.134227
v -0.790058 0.884805 0.134227
v -0.788329 0.887415 0.134227
v -0.784003 0.891799 0.134227
v -0.781417 0.893564 0.134227
v -0.778559 0.895041 0.134227
v -0.775437 0.896225 0.134227
v -0.772060 0.897116 0.134227
v -0.768434 0.897711 0.134227
v -0.764568 0.898008 0.134227
v -0.755932 0.897599 0.134227
v -0.749889 0.896322 0.134227
v -0.741059 0.893601 0.134227
v -0.728161 0.888868 0.134227
v -0.709913 0.881552 0.134227
v -0.685035 0.871083 0.134227
v -0.652245 0.856892 0.134227
v 0.223850 -0.399654 0.134227
v 0.284500 -0.267957 0.134227
v 0.350630 -0.124027 0.134227
v 0.419450 0.026038 0.134227
v 0.488167 0.176141 0.134227
v 0.553992 0.320186 0.134227
v 0.614134 0.452077 0.134227
v -0.223850 -0.399654 0.134227
v -0.284500 -0.267957 0.134227
v -0.350630 -0.124027 0.134227
v -0.419449 0.026038 0.134227
v -0.488167 0.176141 0.134227
v -0.553992 0.320186 0.134227
v -0.614134 0.452077 0.134227
v 0.177997 0.643887 0.134227
v 0.236292 0.670271 0.134227
v 0.300212 0.699174 0.134227
v 0.367073 0.729365 0.134227
v 0.434191 0.759614 0.134227
v 0.498885 0.788691 0.134227
v 0.558471 0.815367 0.134227
v -0.177982 0.643880 0.134227
v -0.236278 0.670265 0.134227
v -0.300199 0.699168 0.134227
v -0.367061 0.729360 0.134227
v -0.434182 0.759610 0.134227
v -0.498878 0.788688 0.134227
v -0.558465 0.815364 0.134227
v 0.000000 -0.826578 0.084290
v 0.000000 -0.826457 0.093094
v 0.000000 -0.826127 0.101543
v 0.000000 -0.825486 0.109518
v 0.000000 -0.824429 0.116895
v 0.000000 -0.822853 0.123553
v 0.000000 -0.820652 0.129371
v 0.614815 0.841903 0.084290
v 0.614753 0.841855 0.093094
v 0.614584 0.841725 0.101543
v 0.614254 0.841473 0.109518
v 0.613711 0.841056 0.116895
v 0.612901 0.840434 0.123553
v 0.611770 0.839566 0.129371
v -0.792171 0.893623 0.084290
v -0.792090 0.893570 0.093094
v -0.791873 0.893426 0.101544
v -0.791448 0.893146 0.109518
v -0.790748 0.892683 0.116895
v -0.789704 0.891993 0.123553
v -0.788248 0.891030 0.129371
v -0.028419 -0.814238 0.084290
v -0.028416 -0.814118 0.093094
v -0.028408 -0.813792 0.101543
v -0.028393 -0.813158 0.109518
v -0.028368 -0.812111 0.116895
v -0.028330 -0.810551 0.123553
v -0.028278 -0.808373 0.129371
v -0.614811 0.841901 0.084290
v -0.614749 0.841853 0.093094
v -0.614580 0.841723 0.101544
v -0.614250 0.841471 0.109518
v -0.613707 0.841054 0.116895
v -0.612897 0.840432 0.123553
v -0.611766 0.839564 0.129371
v -0.766139 0.901939 0.084290
v -0.766061 0.901885 0.093094
v -0.765850 0.901738 0.101544
v -0.765440 0.901453 0.109518
v -0.764763 0.900983 0.116895
v -0.763754 0.900283 0.123553
v -0.762345 0.899304 0.129371
v -0.172749 -0.519607 0.084290
v -0.172731 -0.519516 0.093094
v -0.172684 -0.519272 0.101543
v -0.172591 -0.518795 0.109518
v -0.172439 -0.518009 0.116895
v -0.172211 -0.516837 0.123553
v -0.171893 -0.515201 0.129371
v 0.800134 0.867482 0.084290
v 0.800053 0.867432 0.093094
v 0.799833 0.867295 0.101543
v 0.799405 0.867028 0.109518
v 0.798698 0.866589 0.116895
v 0.797643 0.865933 0.123553
v 0.796172 0.865018 0.129371
v 0.792171 0.893624 0.084290
v 0.792090 0.893570 0.093094
v 0.791872 0.893426 0.101543
v 0.791448 0.893146 0.109518
v 0.790748 0.892683 0.116895
v 0.789704 0.891993 0.123553
v 0.788247 0.891030 0.129371
v -0.670765 0.567175 0.084290
v -0.670697 0.567155 0.093094
v -0.670513 0.567101 0.101544
v -0.670153 0.566995 0.109518
v -0.669561 0.566821 0.116895
v -0.668677 0.566561 0.123553
v -0.667443 0.566199 0.129371
v 0.766139 0.901939 0.084290
v 0.766061 0.901885 0.093094
v 0.765850 0.901739 0.101543
v 0.765440 0.901453 0.109518
v 0.764763 0.900984 0.116895
v 0.763753 0.900283 0.123553
v 0.762344 0.899304 0.129371
v 0.000000 -0.826595 0.009552
v 0.000000 -0.826595 0.019090
v 0.000000 -0.826595 0.028601
v 0.000000 -0.826595 0.038070
v 0.000000 -0.826595 0.047483
v 0.000000 -0.826595 0.056828
v 0.000000 -0.826595 0.066089
v 0.028278 -0.808373 0.129371
v 0.028331 -0.810551 0.123553
v 0.028368 -0.812111 0.116895
v 0.028393 -0.813158 0.109518
v 0.028408 -0.813792 0.101543
v 0.028416 -0.814118 0.093094
v 0.028419 -0.814238 0.084290
v 0.028420 -0.814255 0.066089
v 0.028419 -0.814255 0.056828
v 0.028420 -0.814255 0.047483
v 0.028419 -0.814255 0.038070
v 0.028420 -0.814255 0.028601
v 0.028420 -0.814255 0.019090
v 0.028420 -0.814255 0.009552
v 0.614824 0.841910 0.009552
v 0.614824 0.841910 0.019090
v 0.614824 0.841910 0.028601
v 0.614824 0.841910 0.038070
v 0.614824 0.841910 0.047483
v 0.614824 0.841910 0.056828
v 0.614824 0.841910 0.066089
v 0.003273 0.565694 0.129371
v 0.003279 0.566055 0.123553
v 0.003283 0.566315 0.116895
v 0.003286 0.566488 0.109518
v 0.003288 0.566594 0.101543
v 0.003289 0.566648 0.093094
v 0.003289 0.566668 0.084290
v 0.003289 0.566671 0.066089
v 0.003289 0.566671 0.056828
v 0.003289 0.566671 0.047483
v 0.003289 0.566671 0.038070
v 0.003289 0.566671 0.028601
v 0.003289 0.566671 0.019090
v 0.003289 0.566671 0.009552
v -0.792182 0.893631 0.009552
v -0.792182 0.893631 0.019090
v -0.792182 0.893631 0.028601
v -0.792182 0.893631 0.038070
v -0.792182 0.893631 0.047483
v -0.792182 0.893631 0.056828
v -0.792182 0.893631 0.066089
v -0.796172 0.865018 0.129371
v -0.797643 0.865933 0.123553
v -0.798698 0.866588 0.116895
v -0.799405 0.867028 0.109518
v -0.799833 0.867294 0.101544
v -0.800053 0.867431 0.093094
v -0.800135 0.867482 0.084290
v -0.800146 0.867489 0.066089
v -0.800146 0.867489 0.056828
v -0.800146 0.867489 0.047483
v -0.800146 0.867489 0.038070
v -0.800146 0.867489 0.028601
v -0.800146 0.867489 0.019090
v -0.800146 0.867489 0.009552
v -0.028419 -0.814255 0.009552
v -0.028419 -0.814255 0.019090
v -0.028419 -0.814255 0.028601
v -0.028419 -0.814255 0.038070
v -0.028419 -0.814255 0.047483
v -0.028419 -0.814255 0.056828
v -0.028419 -0.814255 0.066089
v -0.614820 0.841908 0.009552
v -0.614820 0.841908 0.019090
v -0.614820 0.841908 0.028601
v -0.614820 0.841908 0.038070
v -0.614820 0.841908 0.047483
v -0.614820 0.841908 0.056828
v -0.614820 0.841908 0.066089
v -0.003269 0.565692 0.129371
v -0.003275 0.566054 0.123553
v -0.003279 0.566313 0.116895
v -0.003282 0.566487 0.109518
v -0.003284 0.566592 0.101543
v -0.003285 0.566646 0.093094
v -0.003285 0.566666 0.084290
v -0.003285 0.566669 0.066089
v -0.003285 0.566669 0.056828
v -0.003285 0.566669 0.047483
v -0.003285 0.566669 0.038070
v -0.003285 0.566669 0.028601
v -0.003285 0.566669 0.019090
v -0.003285 0.566669 0.009552
v -0.766150 0.901946 0.009552
v -0.766150 0.901946 0.019090
v -0.766150 0.901946 0.028601
v -0.766150 0.901946 0.038070
v -0.766150 0.901946 0.047483
v -0.766150 0.901946 0.056828
v -0.766150 0.901946 0.066089
v -0.172751 -0.519619 0.009552
v -0.172751 -0.519619 0.019090
v -0.172751 -0.519620 0.028601
v -0.172751 -0.519619 0.038070
v -0.172751 -0.519619 0.047483
v -0.172751 -0.519619 0.056828
v -0.172751 -0.519619 0.066089
v 0.800146 0.867489 0.009552
v 0.800146 0.867489 0.019090
v 0.800146 0.867489 0.028601
v 0.800146 0.867489 0.038070
v 0.800146 0.867489 0.047483
v 0.800146 0.867489 0.056828
v 0.800146 0.867489 0.066089
v 0.667443 0.566199 0.129371
v 0.668677 0.566562 0.123553
v 0.669561 0.566821 0.116895
v 0.670153 0.566996 0.109518
v 0.670513 0.567101 0.101543
v 0.670697 0.567155 0.093094
v 0.670765 0.567175 0.084290
v 0.670775 0.567178 0.066089
v 0.670775 0.567178 0.056828
v 0.670775 0.567178 0.047483
v 0.670775 0.567178 0.038070
v 0.670775 0.567178 0.028601
v 0.670775 0.567178 0.019090
v 0.670775 0.567178 0.009552
v 0.171894 -0.515201 0.129371
v 0.172211 -0.516837 0.123553
v 0.172439 -0.518009 0.116895
v 0.172591 -0.518795 0.109518
v 0.172684 -0.519272 0.101543
v 0.172731 -0.519516 0.093094
v 0.172749 -0.519607 0.084290
v 0.172752 -0.519619 0.066089
v 0.172752 -0.519619 0.056828
v 0.172752 -0.519619 0.047483
v 0.172751 -0.519619 0.038070
v 0.172752 -0.519619 0.028601
v 0.172751 -0.519619 0.019090
v 0.172752 -0.519619 0.009552
v 0.792182 0.893631 0.009552
v 0.792182 0.893631 0.019090
v 0.792182 0.893631 0.028601
v 0.792182 0.893631 0.038070
v 0.792182 0.893631 0.047483
v 0.792182 0.893631 0.056828
v 0.792182 0.893631 0.066089
v -0.670775 0.567178 0.009552
v -0.670775 0.567178 0.019090
v -0.670775 0.567178 0.028601
v -0.670775 0.567178 0.038070
v -0.670775 0.567178 0.047483
v -0.670775 0.567178 0.056828
v -0.670775 0.567178 0.066089
v 0.766150 0.901947 0.009552
v 0.766150 0.901947 0.019090
v 0.766150 0.901947 0.028601
v 0.766150 0.901947 0.038070
v 0.766150 0.901947 0.047483
v 0.766150 0.901947 0.056828
v 0.766150 0.901947 0.066089
v -0.799547 0.862631 0.075254
v -0.797258 0.854512 0.075254
v -0.791900 0.840095 0.075254
v -0.782093 0.816340 0.075254
v -0.766457 0.780209 0.075254
v -0.743612 0.728664 0.075254
v -0.712178 0.658667 0.075254
v 0.031986 -0.810522 0.075254
v 0.036885 -0.803394 0.075254
v 0.044517 -0.789839 0.075254
v 0.056286 -0.766829 0.075254
v 0.073592 -0.731332 0.075254
v 0.097837 -0.680318 0.075254
v 0.130423 -0.610757 0.075254
v 0.657119 0.860530 0.075254
v 0.690153 0.874827 0.075254
v 0.715216 0.885373 0.075254
v 0.733600 0.892744 0.075254
v 0.746594 0.897513 0.075254
v 0.755490 0.900253 0.075254
v 0.761578 0.901540 0.075254
v 0.770279 0.901952 0.075254
v 0.774173 0.901653 0.075254
v 0.777826 0.901054 0.075254
v 0.781229 0.900156 0.075254
v 0.784374 0.898963 0.075254
v 0.787253 0.897476 0.075254
v 0.789858 0.895697 0.075254
v -0.618721 0.452690 0.075254
v -0.558130 0.319814 0.075254
v -0.491813 0.174693 0.075254
v -0.422582 0.023469 0.075254
v -0.353249 -0.127717 0.075254
v -0.286625 -0.272722 0.075254
v -0.225522 -0.405403 0.075254
v 0.794217 0.891280 0.075254
v 0.795960 0.888651 0.075254
v 0.797408 0.885752 0.075254
v 0.798559 0.882591 0.075254
v 0.799411 0.879177 0.075254
v 0.799961 0.875516 0.075254
v 0.800207 0.871618 0.075254
v 0.618721 0.452690 0.075254
v 0.558130 0.319814 0.075254
v 0.491814 0.174693 0.075254
v 0.422583 0.023469 0.075254
v 0.353249 -0.127717 0.075254
v 0.286625 -0.272722 0.075254
v 0.225522 -0.405403 0.075254
v 0.799546 0.862631 0.075254
v 0.797258 0.854513 0.075254
v 0.791900 0.840095 0.075254
v 0.782093 0.816340 0.075254
v 0.766457 0.780210 0.075254
v 0.743612 0.728665 0.075254
v 0.712178 0.658667 0.075254
v -0.657117 0.860529 0.075254
v -0.690151 0.874826 0.075254
v -0.715216 0.885373 0.075254
v -0.733599 0.892744 0.075254
v -0.746594 0.897512 0.075254
v -0.755490 0.900253 0.075254
v -0.761579 0.901540 0.075254
v -0.130423 -0.610757 0.075254
v -0.097837 -0.680318 0.075254
v -0.073592 -0.731332 0.075254
v -0.056285 -0.766829 0.075254
v -0.044517 -0.789839 0.075254
v -0.036884 -0.803394 0.075254
v -0.031986 -0.810522 0.075254
v -0.770279 0.901952 0.075254
v -0.774174 0.901653 0.075254
v -0.777826 0.901054 0.075254
v -0.781229 0.900156 0.075254
v -0.784374 0.898962 0.075254
v -0.787253 0.897475 0.075254
v -0.789859 0.895697 0.075254
v -0.088979 0.605019 0.075254
v -0.058701 0.591314 0.075254
v -0.036736 0.581385 0.075254
v -0.021703 0.574611 0.075254
v -0.012222 0.570372 0.075254
v -0.006912 0.568049 0.075254
v -0.004393 0.567021 0.075254
v -0.025018 -0.817116 0.075254
v -0.021557 -0.819609 0.075254
v -0.018044 -0.821728 0.075254
v -0.014487 -0.823470 0.075254
v -0.010895 -0.824832 0.075254
v -0.007278 -0.825809 0.075254
v -0.003643 -0.826398 0.075254
v -0.794217 0.891280 0.075254
v -0.795960 0.888651 0.075254
v -0.797408 0.885752 0.075254
v -0.798559 0.882591 0.075254
v -0.799411 0.879176 0.075254
v -0.799961 0.875516 0.075254
v -0.800207 0.871617 0.075254
v 0.088994 0.605026 0.075254
v 0.058716 0.591321 0.075254
v 0.036749 0.581391 0.075254
v 0.021714 0.574616 0.075254
v 0.012231 0.570377 0.075254
v 0.006919 0.568052 0.075254
v 0.004399 0.567024 0.075254
v 0.003644 -0.826398 0.075254
v 0.007278 -0.825809 0.075254
v 0.010896 -0.824832 0.075254
v 0.014487 -0.823470 0.075254
v 0.018044 -0.821728 0.075254
v 0.021557 -0.819609 0.075254
v 0.025019 -0.817117 0.075254
v 0.002422 0.565019 0.134227
v 0.001602 0.564882 0.134227
v 0.000797 0.564799 0.134227
v 0.000000 0.564771 0.134227
v -0.000796 0.564798 0.134227
v -0.001600 0.564881 0.134227
v -0.002419 0.565018 0.134227
v -0.002437 0.566475 0.075254
v -0.001612 0.566337 0.075254
v -0.000802 0.566254 0.075254
v 0.000000 0.566226 0.075254
v 0.000803 0.566254 0.075254
v 0.001614 0.566337 0.075254
v 0.002440 0.566476 0.075254
v 0.004366 0.565563 0.134227
v 0.006868 0.566584 0.134227
v 0.012140 0.568891 0.134227
v 0.021553 0.573099 0.134227
v 0.036477 0.579823 0.134227
v 0.058280 0.589680 0.134227
v 0.088334 0.603284 0.134227
v 0.562642 0.818694 0.075254
v 0.502611 0.791819 0.075254
v 0.437434 0.762524 0.075254
v 0.369814 0.732049 0.075254
v 0.302454 0.701633 0.075254
v 0.238057 0.672514 0.075254
v 0.179326 0.645932 0.075254
v 0.128965 0.623127 0.009552
v 0.128965 0.623127 0.019090
v 0.128965 0.623127 0.028601
v 0.128965 0.623127 0.038070
v 0.128965 0.623127 0.047483
v 0.128965 0.623127 0.056828
v 0.128965 0.623127 0.066089
v 0.128963 0.623123 0.084290
v 0.128950 0.623097 0.093094
v 0.128914 0.623028 0.101543
v 0.128845 0.622892 0.109518
v 0.128731 0.622668 0.116895
v 0.128561 0.622335 0.123553
v 0.128324 0.621869 0.129371
v -0.004360 0.565560 0.134227
v -0.006860 0.566581 0.134227
v -0.012131 0.568887 0.134227
v -0.021542 0.573094 0.134227
v -0.036464 0.579818 0.134227
v -0.058266 0.589673 0.134227
v -0.088319 0.603277 0.134227
v -0.562637 0.818691 0.075254
v -0.502604 0.791815 0.075254
v -0.437425 0.762520 0.075254
v -0.369803 0.732044 0.075254
v -0.302441 0.701627 0.075254
v -0.238043 0.672508 0.075254
v -0.179311 0.645926 0.075254
v -0.128949 0.623120 0.066089
v -0.128949 0.623120 0.056828
v -0.128949 0.623120 0.047483
v -0.128949 0.623120 0.038070
v -0.128949 0.623120 0.028601
v -0.128949 0.623120 0.019090
v -0.128949 0.623120 0.009552
v -0.128308 0.621862 0.129371
v -0.128546 0.622328 0.123553
v -0.128715 0.622661 0.116895
v -0.128829 0.622885 0.109518
v -0.128898 0.623021 0.101543
v -0.128934 0.623090 0.093094
v -0.128947 0.623116 0.084290
v 0.109797 -0.455656 0.145786
v 0.082365 -0.514216 0.145786
v 0.061954 -0.557162 0.145786
v 0.047385 -0.587045 0.145786
v 0.037477 -0.606417 0.145786
v 0.031052 -0.617828 0.145786
v 0.026928 -0.623829 0.145786
v 0.021062 -0.629380 0.145786
v 0.018148 -0.631478 0.145786
v 0.015191 -0.633262 0.145786
v 0.012196 -0.634729 0.145786
v 0.009173 -0.635875 0.145786
v 0.006127 -0.636698 0.145786
v 0.003068 -0.637194 0.145786
v -0.003067 -0.637194 0.145786
v -0.006127 -0.636698 0.145786
v -0.009172 -0.635875 0.145786
v -0.012196 -0.634729 0.145786
v -0.015190 -0.633262 0.145786
v -0.018148 -0.631478 0.145786
v -0.021062 -0.629380 0.145786
v -0.026927 -0.623829 0.145786
v -0.031051 -0.617828 0.145786
v -0.037476 -0.606417 0.145786
v -0.047384 -0.587045 0.145786
v -0.061953 -0.557162 0.145786
v -0.082364 -0.514216 0.145786
v -0.109796 -0.455656 0.145786
v 0.599549 0.613011 0.145786
v 0.626012 0.671939 0.145786
v 0.645244 0.715332 0.145786
v 0.658407 0.745749 0.145786
v 0.666663 0.765747 0.145786
v 0.671173 0.777884 0.145786
v 0.673100 0.784719 0.145786
v 0.673656 0.792284 0.145786
v 0.673449 0.795566 0.145786
v 0.672986 0.798648 0.145786
v 0.672269 0.801522 0.145786
v 0.671299 0.804183 0.145786
v 0.670080 0.806623 0.145786
v 0.668613 0.808837 0.145786
v 0.664944 0.812556 0.145786
v 0.662751 0.814052 0.145786
v 0.660327 0.815304 0.145786
v 0.657679 0.816309 0.145786
v 0.654815 0.817065 0.145786
v 0.651739 0.817570 0.145786
v 0.648461 0.817821 0.145786
v 0.641136 0.817474 0.145786
v 0.636011 0.816391 0.145786
v 0.628522 0.814084 0.145786
v 0.617582 0.810069 0.145786
v 0.602106 0.803864 0.145786
v 0.581007 0.794986 0.145786
v 0.553197 0.782950 0.145786
v -0.599548 0.613011 0.145786
v -0.626011 0.671938 0.145786
v -0.645243 0.715332 0.145786
v -0.658407 0.745748 0.145786
v -0.666662 0.765746 0.145786
v -0.671173 0.777884 0.145786
v -0.673100 0.784718 0.145786
v -0.673656 0.792284 0.145786
v -0.673449 0.795566 0.145786
v -0.672985 0.798647 0.145786
v -0.672268 0.801522 0.145786
v -0.671299 0.804183 0.145786
v -0.670080 0.806623 0.145786
v -0.668613 0.808836 0.145786
v -0.664944 0.812555 0.145786
v -0.662750 0.814052 0.145786
v -0.660327 0.815304 0.145786
v -0.657679 0.816309 0.145786
v -0.654814 0.817065 0.145786
v -0.651739 0.817569 0.145786
v -0.648460 0.817821 0.145786
v -0.641136 0.817474 0.145786
v -0.636011 0.816391 0.145786
v -0.628521 0.814083 0.145786
v -0.617582 0.810069 0.145786
v -0.602105 0.803864 0.145786
v -0.581005 0.794985 0.145786
v -0.553195 0.782949 0.145786
v 0.189856 -0.282778 0.145786
v 0.241296 -0.171080 0.145786
v 0.297384 -0.049008 0.145786
v 0.355752 0.078268 0.145786
v 0.414034 0.205577 0.145786
v 0.469863 0.327747 0.145786
v 0.520872 0.439609 0.145786
v -0.189856 -0.282778 0.145786
v -0.241296 -0.171080 0.145786
v -0.297383 -0.049008 0.145786
v -0.355752 0.078268 0.145786
v -0.414034 0.205577 0.145786
v -0.469863 0.327747 0.145786
v -0.520872 0.439609 0.145786
v 0.150966 0.602290 0.145786
v 0.200409 0.624668 0.145786
v 0.254622 0.649182 0.145786
v 0.311329 0.674788 0.145786
v 0.368255 0.700444 0.145786
v 0.423124 0.725105 0.145786
v 0.473661 0.747730 0.145786
v -0.150953 0.602285 0.145786
v -0.200397 0.624663 0.145786
v -0.254611 0.649177 0.145786
v -0.311319 0.674784 0.145786
v -0.368247 0.700440 0.145786
v -0.423118 0.725102 0.145786
v -0.473656 0.747728 0.145786
v 0.002054 0.535400 0.145786
v 0.001359 0.535283 0.145786
v 0.000676 0.535213 0.145786
v 0.000001 0.535190 0.145786
v -0.000675 0.535213 0.145786
v -0.001357 0.535283 0.145786
v -0.002052 0.535399 0.145786
v 0.003703 0.535861 0.145786
v 0.005825 0.536727 0.145786
v 0.010297 0.538684 0.145786
v 0.018280 0.542253 0.145786
v 0.030938 0.547956 0.145786
v 0.049430 0.556316 0.145786
v 0.074920 0.567853 0.145786
v -0.003698 0.535859 0.145786
v -0.005818 0.536724 0.145786
v -0.010289 0.538680 0.145786
v -0.018271 0.542248 0.145786
v -0.030926 0.547951 0.145786
v -0.049418 0.556310 0.145786
v -0.074907 0.567848 0.145786
v -0.663565 0.565058 0.138043
v -0.660026 0.564018 0.140910
v -0.654351 0.562349 0.142964
v -0.645704 0.559807 0.144341
v -0.633249 0.556146 0.145177
v -0.616153 0.551120 0.145605
v -0.593579 0.544483 0.145763
v -0.152870 -0.417241 0.145763
v -0.158684 -0.447179 0.145605
v -0.163087 -0.469852 0.145176
v -0.166294 -0.486369 0.144341
v -0.168521 -0.497837 0.142964
v -0.169983 -0.505364 0.140910
v -0.170894 -0.510057 0.138043
v 0.783667 0.888002 0.138043
v 0.779487 0.885240 0.140910
v 0.772785 0.880809 0.142964
v 0.762573 0.874059 0.144341
v 0.747865 0.864336 0.145176
v 0.727674 0.850989 0.145605
v 0.701015 0.833367 0.145763
v 0.677978 0.840725 0.145763
v 0.703761 0.858628 0.145605
v 0.723289 0.872186 0.145176
v 0.737514 0.882063 0.144341
v 0.747390 0.888921 0.142964
v 0.753872 0.893422 0.140910
v 0.757914 0.896228 0.138043
v 0.608215 0.836837 0.138043
v 0.604971 0.834347 0.140910
v 0.599770 0.830354 0.142964
v 0.591844 0.824270 0.144341
v 0.580428 0.815508 0.145176
v 0.564758 0.803480 0.145605
v 0.544068 0.787598 0.145763
v 0.114123 0.593993 0.145763
v 0.118463 0.602512 0.145605
v 0.121750 0.608965 0.145176
v 0.124144 0.613665 0.144341
v 0.125807 0.616928 0.142964
v 0.126898 0.619070 0.140910
v 0.127578 0.620405 0.138043
v -0.003250 0.564554 0.138043
v -0.003233 0.563517 0.140910
v -0.003205 0.561853 0.142964
v -0.003163 0.559317 0.144341
v -0.003102 0.555665 0.145176
v -0.003018 0.550652 0.145605
v -0.002907 0.544033 0.145763
v -0.114109 0.593987 0.145763
v -0.118448 0.602506 0.145605
v -0.121735 0.608958 0.145176
v -0.124129 0.613658 0.144341
v -0.125791 0.616921 0.142964
v -0.126882 0.619063 0.140910
v -0.127563 0.620398 0.138043
v 0.028114 -0.801525 0.138042
v 0.027964 -0.795278 0.140910
v 0.027724 -0.785258 0.142964
v 0.027357 -0.769992 0.144341
v 0.026830 -0.748005 0.145176
v 0.026105 -0.717822 0.145605
v 0.025149 -0.677969 0.145763
v 0.152871 -0.417241 0.145763
v 0.158684 -0.447179 0.145605
v 0.163087 -0.469852 0.145176
v 0.166295 -0.486369 0.144341
v 0.168522 -0.497837 0.142964
v 0.169983 -0.505364 0.140910
v 0.170895 -0.510057 0.138043
v -0.544064 0.787596 0.145763
v -0.564754 0.803478 0.145605
v -0.580425 0.815506 0.145177
v -0.591840 0.824269 0.144341
v -0.599766 0.830352 0.142964
v -0.604968 0.834345 0.140910
v -0.608211 0.836835 0.138043
v 0.002911 0.544034 0.145763
v 0.003022 0.550654 0.145605
v 0.003105 0.555667 0.145176
v 0.003166 0.559319 0.144341
v 0.003209 0.561854 0.142964
v 0.003237 0.563519 0.140910
v 0.003254 0.564556 0.138043
v -0.791545 0.862141 0.138043
v -0.787324 0.859516 0.140910
v -0.780554 0.855307 0.142964
v -0.770239 0.848894 0.144341
v -0.755383 0.839656 0.145177
v -0.734989 0.826976 0.145605
v -0.708062 0.810233 0.145764
v 0.000000 -0.813733 0.138043
v 0.000000 -0.807420 0.140910
v 0.000000 -0.797296 0.142964
v 0.000000 -0.781871 0.144341
v 0.000000 -0.759655 0.145176
v 0.000000 -0.729157 0.145605
v 0.000000 -0.688889 0.145763
v -0.783667 0.888002 0.138043
v -0.779488 0.885239 0.140910
v -0.772785 0.880809 0.142964
v -0.762573 0.874058 0.144341
v -0.747865 0.864336 0.145177
v -0.727674 0.850989 0.145605
v -0.701014 0.833367 0.145764
v -0.028114 -0.801525 0.138043
v -0.027964 -0.795278 0.140910
v -0.027723 -0.785259 0.142964
v -0.027357 -0.769992 0.144341
v -0.026829 -0.748005 0.145176
v -0.026105 -0.717822 0.145605
v -0.025148 -0.677969 0.145763
v -0.757914 0.896228 0.138043
v -0.753873 0.893422 0.140910
v -0.747390 0.888921 0.142964
v -0.737514 0.882063 0.144341
v -0.723289 0.872186 0.145177
v -0.703761 0.858627 0.145605
v -0.677978 0.840725 0.145764
v 0.663565 0.565058 0.138043
v 0.660026 0.564018 0.140910
v 0.654351 0.562350 0.142964
v 0.645704 0.559807 0.144341
v 0.633250 0.556146 0.145176
v 0.616153 0.551120 0.145605
v 0.593580 0.544483 0.145763
v 0.708062 0.810233 0.145763
v 0.734989 0.826976 0.145605
v 0.755383 0.839656 0.145176
v 0.770239 0.848894 0.144341
v 0.780554 0.855307 0.142964
v 0.787324 0.859517 0.140910
v 0.791545 0.862141 0.138043
v 0.057391 0.046674 0.145786
v 0.043572 0.043603 0.145786
v 0.031180 0.037493 0.145786
v 0.021557 0.025401 0.145786
v 0.015423 0.005287 0.145786
v 0.012169 -0.020639 0.145786
v 0.010854 -0.048647 0.145786
v 0.009356 -0.050174 0.145786
v 0.007751 -0.026012 0.145786
v 0.006081 -0.007812 0.145786
v 0.004483 -0.001063 0.145786
v 0.003049 -0.009128 0.145786
v 0.001797 -0.028598 0.145786
v 0.000737 -0.053916 0.145786
v -0.000735 -0.053916 0.145786
v -0.001795 -0.028598 0.145786
v -0.003047 -0.009128 0.145786
v -0.004481 -0.001063 0.145786
v -0.006080 -0.007812 0.145786
v -0.007749 -0.026012 0.145786
v -0.009355 -0.050174 0.145786
v -0.010853 -0.048647 0.145786
v -0.012167 -0.020639 0.145786
v -0.015421 0.005286 0.145786
v -0.021555 0.025401 0.145786
v -0.031178 0.037493 0.145786
v -0.043570 0.043602 0.145786
v -0.057389 0.046674 0.145786
v 0.241307 0.447978 0.145786
v 0.237052 0.465733 0.145786
v 0.235453 0.483106 0.145786
v 0.239076 0.499815 0.145786
v 0.249606 0.515921 0.145786
v 0.265299 0.531172 0.145786
v 0.283255 0.545038 0.145786
v 0.283477 0.547049 0.145786
v 0.266590 0.537731 0.145786
v 0.253608 0.531045 0.145786
v 0.248238 0.529281 0.145786
v 0.252758 0.533834 0.145786
v 0.264922 0.543208 0.145786
v 0.281062 0.554978 0.145786
v 0.280181 0.555870 0.145786
v 0.262773 0.545386 0.145786
v 0.249112 0.537530 0.145786
v 0.242876 0.534715 0.145786
v 0.246334 0.538417 0.145786
v 0.257319 0.547128 0.145786
v 0.272286 0.558392 0.145786
v 0.270444 0.558272 0.145786
v 0.252121 0.546522 0.145786
v 0.235807 0.536634 0.145786
v 0.224310 0.530725 0.145786
v 0.219331 0.530082 0.145786
v 0.219340 0.533467 0.145786
v 0.221995 0.538932 0.145786
v -0.241305 0.447978 0.145786
v -0.237050 0.465733 0.145786
v -0.235451 0.483106 0.145786
v -0.239075 0.499815 0.145786
v -0.249605 0.515921 0.145786
v -0.265298 0.531172 0.145786
v -0.283254 0.545038 0.145786
v -0.283475 0.547049 0.145786
v -0.266589 0.537731 0.145786
v -0.253606 0.531045 0.145786
v -0.248236 0.529281 0.145786
v -0.252757 0.533834 0.145786
v -0.264920 0.543208 0.145786
v -0.281060 0.554978 0.145786
v -0.280179 0.555870 0.145786
v -0.262772 0.545386 0.145786
v -0.249110 0.537530 0.145786
v -0.242875 0.534715 0.145786
v -0.246333 0.538417 0.145786
v -0.257318 0.547128 0.145786
v -0.272284 0.558392 0.145786
v -0.270442 0.558272 0.145786
v -0.252119 0.546522 0.145786
v -0.235805 0.536634 0.145786
v -0.224308 0.530724 0.145786
v -0.219328 0.530082 0.145786
v -0.219338 0.533466 0.145786
v -0.221992 0.538932 0.145786
v 0.076535 0.088010 0.145786
v 0.089629 0.143009 0.145786
v 0.107796 0.202768 0.145786
v 0.131404 0.262196 0.145786
v 0.160274 0.317286 0.145786
v 0.191823 0.366013 0.145786
v 0.222496 0.406515 0.145786
v -0.076533 0.088010 0.145786
v -0.089627 0.143009 0.145786
v -0.107794 0.202768 0.145786
v -0.131402 0.262196 0.145786
v -0.160273 0.317286 0.145786
v -0.191821 0.366013 0.145786
v -0.222494 0.406515 0.145786
v 0.060504 0.466400 0.145786
v 0.073863 0.468346 0.145786
v 0.092038 0.473435 0.145786
v 0.115251 0.482671 0.145786
v 0.143245 0.496488 0.145786
v 0.173593 0.513237 0.145786
v 0.202976 0.530513 0.145786
v -0.060498 0.466397 0.145786
v -0.073857 0.468344 0.145786
v -0.092032 0.473433 0.145786
v -0.115246 0.482669 0.145786
v -0.143240 0.496487 0.145786
v -0.173589 0.513236 0.145786
v -0.202973 0.530512 0.145786
v 0.001008 0.439676 0.145786
v 0.000694 0.435499 0.145786
v 0.000353 0.432324 0.145786
v 0.000001 0.431076 0.145786
v -0.000351 0.432324 0.145786
v -0.000691 0.435499 0.145786
v -0.001005 0.439675 0.145786
v 0.001492 0.439826 0.145786
v 0.002631 0.436203 0.145786
v 0.005462 0.434330 0.145786
v 0.010811 0.435497 0.145786
v 0.019222 0.440511 0.145786
v 0.030104 0.448544 0.145786
v 0.042318 0.458166 0.145786
v -0.001489 0.439825 0.145786
v -0.002627 0.436202 0.145786
v -0.005458 0.434329 0.145786
v -0.010806 0.435496 0.145786
v -0.019216 0.440509 0.145786
v -0.030097 0.448542 0.145786
v -0.042311 0.458163 0.145786
v 0.604359 0.789608 0.145786
v 0.557808 0.757285 0.145786
v 0.507570 0.722399 0.145786
v 0.455882 0.686505 0.145786
v 0.404980 0.651153 0.145786
v 0.357083 0.617884 0.145786
v 0.314852 0.588546 0.145786
v 0.249504 0.562469 0.145786
v 0.284493 0.588987 0.145786
v 0.323778 0.618880 0.145786
v 0.365215 0.650504 0.145786
v 0.407054 0.682508 0.145786
v 0.447555 0.713539 0.145786
v 0.484980 0.742245 0.145786
v 0.022418 -0.564177 0.145786
v 0.020691 -0.492223 0.145786
v 0.018827 -0.414569 0.145786
v 0.016907 -0.334675 0.145786
v 0.015016 -0.255996 0.145786
v 0.013234 -0.181960 0.145786
v 0.011661 -0.116682 0.145786
v 0.074405 0.011813 0.145786
v 0.082741 -0.039803 0.145786
v 0.092625 -0.097409 0.145786
v 0.103466 -0.157895 0.145786
v 0.114731 -0.218757 0.145786
v 0.125859 -0.277525 0.145786
v 0.136282 -0.331737 0.145786
v -0.101728 0.569667 0.145786
v -0.093967 0.554320 0.145786
v -0.085709 0.537811 0.145786
v -0.077396 0.520910 0.145786
v -0.069460 0.504381 0.145786
v -0.062307 0.488972 0.145786
v -0.056377 0.475557 0.145786
v -0.249501 0.562468 0.145786
v -0.284490 0.588986 0.145786
v -0.323775 0.618879 0.145786
v -0.365212 0.650503 0.145786
v -0.407051 0.682507 0.145786
v -0.447551 0.713538 0.145786
v -0.484976 0.742244 0.145786
v -0.631176 0.762427 0.145786
v -0.582559 0.732198 0.145786
v -0.530089 0.699573 0.145786
v -0.476106 0.666006 0.145786
v -0.422941 0.632948 0.145786
v -0.372912 0.601839 0.145786
v -0.328800 0.574408 0.145786
v -0.272258 0.443559 0.145786
v -0.310414 0.457023 0.145786
v -0.353261 0.471354 0.145786
v -0.398460 0.485846 0.145786
v -0.444101 0.500000 0.145786
v -0.488285 0.513368 0.145786
v -0.529114 0.525511 0.145786
v 0.000000 -0.573911 0.145786
v 0.000000 -0.501207 0.145786
v 0.000001 -0.422744 0.145786
v 0.000001 -0.342017 0.145786
v 0.000001 -0.262516 0.145786
v 0.000001 -0.187707 0.145786
v 0.000001 -0.121745 0.145786
v 0.002595 0.525134 0.145786
v 0.002395 0.513184 0.145786
v 0.002180 0.500288 0.145786
v 0.001960 0.487022 0.145786
v 0.001743 0.473960 0.145786
v 0.001540 0.461673 0.145786
v 0.001362 0.450843 0.145786
v -0.001359 0.450842 0.145786
v -0.001537 0.461672 0.145786
v -0.001740 0.473959 0.145786
v -0.001956 0.487021 0.145786
v -0.002177 0.500287 0.145786
v -0.002392 0.513182 0.145786
v -0.002591 0.525133 0.145786
v -0.624894 0.783049 0.145786
v -0.576760 0.751231 0.145786
v -0.524814 0.716891 0.145786
v -0.471368 0.681558 0.145786
v -0.418733 0.646760 0.145786
v -0.369204 0.614012 0.145786
v -0.325532 0.585134 0.145786
v -0.022417 -0.564177 0.145786
v -0.020690 -0.492223 0.145786
v -0.018826 -0.414569 0.145786
v -0.016906 -0.334675 0.145786
v -0.015014 -0.255996 0.145786
v -0.013233 -0.181960 0.145786
v -0.011660 -0.116682 0.145786
v 0.101741 0.569673 0.145786
v 0.093979 0.554325 0.145786
v 0.085720 0.537816 0.145786
v 0.077406 0.520914 0.145786
v 0.069469 0.504384 0.145786
v 0.062316 0.488975 0.145786
v 0.056385 0.475560 0.145786
v -0.604359 0.789608 0.145786
v -0.557808 0.757285 0.145786
v -0.507569 0.722399 0.145786
v -0.455881 0.686505 0.145786
v -0.404979 0.651153 0.145786
v -0.357082 0.617884 0.145786
v -0.314851 0.588546 0.145786
v -0.136281 -0.331737 0.145786
v -0.125858 -0.277526 0.145786
v -0.114730 -0.218757 0.145786
v -0.103465 -0.157896 0.145786
v -0.092623 -0.097409 0.145786
v -0.082739 -0.039803 0.145786
v -0.074404 0.011813 0.145786
v 0.529115 0.525511 0.145786
v 0.488285 0.513368 0.145786
v 0.444102 0.500001 0.145786
v 0.398461 0.485846 0.145786
v 0.353262 0.471354 0.145786
v 0.310415 0.457023 0.145786
v 0.272260 0.443559 0.145786
v 0.328801 0.574408 0.145786
v 0.372914 0.601839 0.145786
v 0.422942 0.632948 0.145786
v 0.476107 0.666007 0.145786
v 0.530090 0.699573 0.145786
v 0.582559 0.732198 0.145786
v 0.631176 0.762427 0.145786
v 0.325533 0.585134 0.145786
v 0.369205 0.614012 0.145786
v 0.418734 0.646760 0.145786
v 0.471369 0.681558 0.145786
v 0.524814 0.716891 0.145786
v 0.576761 0.751231 0.145786
v 0.624894 0.783049 0.145786
v 0.025019 -0.817099 -0.084290
v 0.021557 -0.819591 -0.084290
v 0.018044 -0.821710 -0.084290
v 0.014487 -0.823453 -0.084290
v 0.010896 -0.824814 -0.084290
v 0.007278 -0.825792 -0.084290
v 0.003644 -0.826381 -0.084290
v 0.025016 -0.816979 -0.093094
v 0.021555 -0.819471 -0.093094
v 0.018042 -0.821590 -0.093094
v 0.014486 -0.823332 -0.093094
v 0.010895 -0.824693 -0.093094
v 0.007278 -0.825670 -0.093094
v 0.003643 -0.826259 -0.093094
v 0.025009 -0.816653 -0.101544
v 0.021549 -0.819144 -0.101544
v 0.018037 -0.821262 -0.101544
v 0.014482 -0.823003 -0.101544
v 0.010892 -0.824365 -0.101544
v 0.007276 -0.825341 -0.101544
v 0.003642 -0.825930 -0.101544
v 0.024996 -0.816017 -0.109518
v 0.021537 -0.818506 -0.109518
v 0.018027 -0.820624 -0.109518
v 0.014474 -0.822364 -0.109518
v 0.010886 -0.823725 -0.109518
v 0.007272 -0.824701 -0.109518
v 0.003640 -0.825289 -0.109518
v 0.024974 -0.814968 -0.116895
v 0.021519 -0.817456 -0.116895
v 0.018011 -0.819571 -0.116895
v 0.014461 -0.821310 -0.116895
v 0.010876 -0.822669 -0.116895
v 0.007265 -0.823645 -0.116895
v 0.003637 -0.824232 -0.116895
v 0.024941 -0.813404 -0.123553
v 0.021490 -0.815888 -0.123553
v 0.017988 -0.818000 -0.123553
v 0.014442 -0.819737 -0.123553
v 0.010862 -0.821095 -0.123553
v 0.007256 -0.822069 -0.123553
v 0.003632 -0.822656 -0.123553
v 0.024895 -0.811221 -0.129371
v 0.021450 -0.813700 -0.129371
v 0.017954 -0.815809 -0.129371
v 0.014415 -0.817542 -0.129371
v 0.010842 -0.818897 -0.129371
v 0.007242 -0.819870 -0.129371
v 0.003626 -0.820456 -0.129371
v 0.179324 0.645929 -0.084290
v 0.238054 0.672510 -0.084290
v 0.302450 0.701628 -0.084290
v 0.369809 0.732044 -0.084290
v 0.437428 0.762519 -0.084290
v 0.502604 0.791813 -0.084290
v 0.562634 0.818687 -0.084290
v 0.179306 0.645900 -0.093094
v 0.238030 0.672479 -0.093094
v 0.302419 0.701594 -0.093094
v 0.369772 0.732007 -0.093094
v 0.437384 0.762479 -0.093094
v 0.502553 0.791770 -0.093094
v 0.562577 0.818642 -0.093094
v 0.179256 0.645825 -0.101543
v 0.237964 0.672396 -0.101543
v 0.302336 0.701503 -0.101543
v 0.369670 0.731908 -0.101543
v 0.437263 0.762371 -0.101543
v 0.502415 0.791654 -0.101543
v 0.562422 0.818518 -0.101543
v 0.179160 0.645677 -0.109518
v 0.237837 0.672234 -0.109518
v 0.302174 0.701326 -0.109518
v 0.369472 0.731714 -0.109518
v 0.437029 0.762161 -0.109518
v 0.502145 0.791428 -0.109518
v 0.562121 0.818278 -0.109518
v 0.179002 0.645433 -0.116895
v 0.237626 0.671967 -0.116895
v 0.301907 0.701033 -0.116895
v 0.369145 0.731394 -0.116895
v 0.436643 0.761814 -0.116895
v 0.501701 0.791055 -0.116895
v 0.561624 0.817881 -0.116895
v 0.178766 0.645069 -0.123553
v 0.237313 0.671568 -0.123553
v 0.301508 0.700595 -0.123553
v 0.368658 0.730917 -0.123553
v 0.436066 0.761297 -0.123553
v 0.501039 0.790499 -0.123553
v 0.560882 0.817290 -0.123553
v 0.178436 0.644562 -0.129371
v 0.236875 0.671012 -0.129371
v 0.300952 0.699986 -0.129371
v 0.367978 0.730251 -0.129371
v 0.435262 0.760575 -0.129371
v 0.500115 0.789724 -0.129371
v 0.559848 0.816465 -0.129371
v -0.800195 0.871610 -0.084290
v -0.799950 0.875509 -0.084290
v -0.799400 0.879169 -0.084290
v -0.798548 0.882584 -0.084290
v -0.797397 0.885744 -0.084290
v -0.795948 0.888643 -0.084290
v -0.794206 0.891272 -0.084290
v -0.800114 0.871559 -0.093093
v -0.799869 0.875457 -0.093093
v -0.799319 0.879117 -0.093093
v -0.798467 0.882532 -0.093093
v -0.797316 0.885692 -0.093093
v -0.795868 0.888591 -0.093093
v -0.794125 0.891219 -0.093093
v -0.799894 0.871421 -0.101543
v -0.799648 0.875318 -0.101543
v -0.799099 0.878977 -0.101543
v -0.798247 0.882391 -0.101543
v -0.797096 0.885550 -0.101543
v -0.795649 0.888448 -0.101543
v -0.793907 0.891076 -0.101543
v -0.799466 0.871153 -0.109518
v -0.799220 0.875047 -0.109518
v -0.798670 0.878705 -0.109518
v -0.797819 0.882116 -0.109518
v -0.796669 0.885274 -0.109518
v -0.795222 0.888170 -0.109518
v -0.793481 0.890797 -0.109518
v -0.798759 0.870709 -0.116895
v -0.798513 0.874601 -0.116895
v -0.797964 0.878255 -0.116895
v -0.797114 0.881663 -0.116895
v -0.795965 0.884818 -0.116895
v -0.794519 0.887712 -0.116895
v -0.792780 0.890336 -0.116895
v -0.797704 0.870048 -0.123553
v -0.797459 0.873935 -0.123553
v -0.796911 0.877584 -0.123553
v -0.796062 0.880988 -0.123553
v -0.794914 0.884139 -0.123553
v -0.793470 0.887028 -0.123553
v -0.791733 0.889649 -0.123553
v -0.796233 0.869126 -0.129371
v -0.795988 0.873005 -0.129371
v -0.795441 0.876647 -0.129371
v -0.794593 0.880045 -0.129371
v -0.793447 0.883190 -0.129371
v -0.792006 0.886075 -0.129371
v -0.790272 0.888690 -0.129371
v -0.003643 -0.826381 -0.084290
v -0.007278 -0.825792 -0.084290
v -0.010895 -0.824814 -0.084290
v -0.014487 -0.823453 -0.084290
v -0.018043 -0.821710 -0.084290
v -0.021557 -0.819591 -0.084290
v -0.025018 -0.817099 -0.084290
v -0.003643 -0.826259 -0.093094
v -0.007277 -0.825670 -0.093094
v -0.010894 -0.824693 -0.093094
v -0.014485 -0.823332 -0.093094
v -0.018042 -0.821590 -0.093094
v -0.021555 -0.819471 -0.093094
v -0.025016 -0.816979 -0.093094
v -0.003642 -0.825930 -0.101544
v -0.007275 -0.825341 -0.101544
v -0.010891 -0.824365 -0.101544
v -0.014481 -0.823003 -0.101544
v -0.018037 -0.821262 -0.101544
v -0.021549 -0.819144 -0.101544
v -0.025009 -0.816652 -0.101544
v -0.003640 -0.825289 -0.109518
v -0.007271 -0.824701 -0.109518
v -0.010885 -0.823724 -0.109518
v -0.014473 -0.822364 -0.109518
v -0.018027 -0.820624 -0.109518
v -0.021537 -0.818506 -0.109518
v -0.024995 -0.816016 -0.109518
v -0.003637 -0.824232 -0.116895
v -0.007265 -0.823644 -0.116895
v -0.010876 -0.822669 -0.116895
v -0.014461 -0.821310 -0.116895
v -0.018011 -0.819571 -0.116895
v -0.021518 -0.817456 -0.116895
v -0.024973 -0.814968 -0.116895
v -0.003632 -0.822656 -0.123553
v -0.007255 -0.822069 -0.123553
v -0.010861 -0.821095 -0.123553
v -0.014441 -0.819737 -0.123553
v -0.017987 -0.818000 -0.123553
v -0.021490 -0.815888 -0.123553
v -0.024940 -0.813404 -0.123553
v -0.003625 -0.820456 -0.129371
v -0.007242 -0.819870 -0.129371
v -0.010841 -0.818897 -0.129371
v -0.014415 -0.817542 -0.129371
v -0.017954 -0.815809 -0.129371
v -0.021450 -0.813700 -0.129371
v -0.024894 -0.811221 -0.129371
v -0.179309 0.645921 -0.084290
v -0.179290 0.645894 -0.093094
v -0.179241 0.645818 -0.101543
v -0.179145 0.645670 -0.109518
v -0.178987 0.645426 -0.116895
v -0.178750 0.645062 -0.123553
v -0.178421 0.644555 -0.129371
v -0.238040 0.672503 -0.084290
v -0.238016 0.672473 -0.093094
v -0.237950 0.672389 -0.101543
v -0.237823 0.672227 -0.109518
v -0.237612 0.671960 -0.116895
v -0.237299 0.671561 -0.123553
v -0.236861 0.671005 -0.129371
v -0.302437 0.701622 -0.084290
v -0.302406 0.701589 -0.093094
v -0.302323 0.701497 -0.101543
v -0.302161 0.701320 -0.109518
v -0.301894 0.701027 -0.116895
v -0.301495 0.700590 -0.123553
v -0.300939 0.699980 -0.129371
v -0.369798 0.732039 -0.084290
v -0.369760 0.732002 -0.093094
v -0.369659 0.731903 -0.101543
v -0.369460 0.731709 -0.109518
v -0.369134 0.731389 -0.116895
v -0.368647 0.730912 -0.123553
v -0.367966 0.730246 -0.129371
v -0.437419 0.762514 -0.084290
v -0.437374 0.762474 -0.093094
v -0.437254 0.762366 -0.101543
v -0.437020 0.762156 -0.109518
v -0.436633 0.761809 -0.116895
v -0.436057 0.761292 -0.123553
v -0.435252 0.760570 -0.129371
v -0.502597 0.791809 -0.084290
v -0.502546 0.791766 -0.093094
v -0.502407 0.791650 -0.101543
v -0.502138 0.791424 -0.109518
v -0.501694 0.791052 -0.116895
v -0.501032 0.790496 -0.123553
v -0.500108 0.789720 -0.129371
v -0.562629 0.818685 -0.084290
v -0.562572 0.818639 -0.093094
v -0.562417 0.818516 -0.101543
v -0.562115 0.818275 -0.109518
v -0.561618 0.817879 -0.116895
v -0.560877 0.817288 -0.123553
v -0.559842 0.816462 -0.129371
v -0.789847 0.895690 -0.084290
v -0.787242 0.897468 -0.084290
v -0.784363 0.898955 -0.084290
v -0.781218 0.900149 -0.084290
v -0.777815 0.901046 -0.084290
v -0.774163 0.901646 -0.084290
v -0.770268 0.901944 -0.084290
v -0.789767 0.895636 -0.093093
v -0.787162 0.897414 -0.093093
v -0.784283 0.898901 -0.093093
v -0.781139 0.900095 -0.093093
v -0.777736 0.900992 -0.093093
v -0.774084 0.901592 -0.093093
v -0.770190 0.901890 -0.093093
v -0.789550 0.895492 -0.101543
v -0.786945 0.897269 -0.101543
v -0.784068 0.898756 -0.101543
v -0.780924 0.899949 -0.101543
v -0.777522 0.900846 -0.101543
v -0.773871 0.901445 -0.101543
v -0.769978 0.901744 -0.101543
v -0.789127 0.895210 -0.109518
v -0.786524 0.896986 -0.109518
v -0.783647 0.898472 -0.109518
v -0.780505 0.899665 -0.109518
v -0.777106 0.900562 -0.109518
v -0.773456 0.901160 -0.109518
v -0.769565 0.901459 -0.109518
v -0.788429 0.894746 -0.116895
v -0.785828 0.896520 -0.116895
v -0.782954 0.898005 -0.116895
v -0.779815 0.899197 -0.116895
v -0.776419 0.900093 -0.116895
v -0.772772 0.900691 -0.116895
v -0.768885 0.900989 -0.116895
v -0.787388 0.894053 -0.123553
v -0.784791 0.895825 -0.123553
v -0.781921 0.897308 -0.123553
v -0.778786 0.898498 -0.123553
v -0.775394 0.899393 -0.123553
v -0.771752 0.899990 -0.123553
v -0.767870 0.900288 -0.123553
v -0.785936 0.893086 -0.129371
v -0.783343 0.894855 -0.129371
v -0.780478 0.896335 -0.129371
v -0.777349 0.897523 -0.129371
v -0.773963 0.898416 -0.129371
v -0.770328 0.899013 -0.129371
v -0.766453 0.899309 -0.129371
v -0.031985 -0.810505 -0.084290
v -0.036884 -0.803377 -0.084290
v -0.044517 -0.789823 -0.084290
v -0.056285 -0.766812 -0.084290
v -0.073590 -0.731316 -0.084290
v -0.097835 -0.680303 -0.084290
v -0.130421 -0.610743 -0.084290
v -0.031982 -0.810386 -0.093094
v -0.036880 -0.803258 -0.093094
v -0.044512 -0.789705 -0.093094
v -0.056279 -0.766697 -0.093094
v -0.073583 -0.731204 -0.093094
v -0.097825 -0.680196 -0.093094
v -0.130408 -0.610644 -0.093094
v -0.031973 -0.810061 -0.101544
v -0.036870 -0.802935 -0.101544
v -0.044500 -0.789386 -0.101544
v -0.056264 -0.766384 -0.101544
v -0.073563 -0.730901 -0.101544
v -0.097798 -0.679907 -0.101544
v -0.130372 -0.610374 -0.101544
v -0.031956 -0.809428 -0.109518
v -0.036850 -0.802306 -0.109518
v -0.044476 -0.788765 -0.109518
v -0.056234 -0.765775 -0.109518
v -0.073523 -0.730311 -0.109518
v -0.097746 -0.679345 -0.109518
v -0.130302 -0.609848 -0.109518
v -0.031928 -0.808386 -0.116895
v -0.036818 -0.801270 -0.116895
v -0.044436 -0.787740 -0.116895
v -0.056184 -0.764771 -0.116895
v -0.073458 -0.729338 -0.116895
v -0.097660 -0.678417 -0.116895
v -0.130187 -0.608982 -0.116895
v -0.031886 -0.806830 -0.123553
v -0.036769 -0.799724 -0.123553
v -0.044378 -0.786212 -0.123553
v -0.056110 -0.763273 -0.123553
v -0.073361 -0.727887 -0.123553
v -0.097531 -0.677033 -0.123553
v -0.130015 -0.607690 -0.123553
v -0.031827 -0.804659 -0.129371
v -0.036701 -0.797566 -0.129371
v -0.044296 -0.784079 -0.129371
v -0.056006 -0.761182 -0.129371
v -0.073226 -0.725862 -0.129371
v -0.097351 -0.675101 -0.129371
v -0.129775 -0.605886 -0.129371
v -0.761568 0.901532 -0.084290
v -0.755479 0.900246 -0.084290
v -0.746583 0.897505 -0.084290
v -0.733589 0.892736 -0.084290
v -0.715205 0.885365 -0.084290
v -0.690142 0.874818 -0.084290
v -0.657107 0.860522 -0.084290
v -0.761490 0.901478 -0.093093
v -0.755403 0.900192 -0.093093
v -0.746508 0.897451 -0.093093
v -0.733515 0.892683 -0.093093
v -0.715133 0.885313 -0.093093
v -0.690072 0.874767 -0.093094
v -0.657040 0.860472 -0.093094
v -0.761281 0.901332 -0.101543
v -0.755195 0.900046 -0.101543
v -0.746302 0.897306 -0.101543
v -0.733313 0.892539 -0.101543
v -0.714936 0.885171 -0.101543
v -0.689882 0.874628 -0.101543
v -0.656860 0.860337 -0.101543
v -0.760873 0.901047 -0.109518
v -0.754790 0.899762 -0.109518
v -0.745902 0.897024 -0.109518
v -0.732920 0.892259 -0.109518
v -0.714553 0.884895 -0.109518
v -0.689512 0.874358 -0.109518
v -0.656508 0.860074 -0.109518
v -0.760200 0.900578 -0.116895
v -0.754123 0.899293 -0.116895
v -0.745243 0.896558 -0.116895
v -0.732272 0.891797 -0.116895
v -0.713921 0.884440 -0.116895
v -0.688902 0.873912 -0.116895
v -0.655927 0.859641 -0.116895
v -0.759196 0.899877 -0.123553
v -0.753127 0.898594 -0.123553
v -0.744259 0.895862 -0.123553
v -0.731305 0.891109 -0.123553
v -0.712978 0.883761 -0.123553
v -0.687993 0.873247 -0.123553
v -0.655061 0.858995 -0.123553
v -0.757796 0.898900 -0.129371
v -0.751738 0.897619 -0.129371
v -0.742886 0.894892 -0.129371
v -0.729956 0.890147 -0.129371
v -0.711663 0.882813 -0.129371
v -0.686724 0.872318 -0.129371
v -0.653853 0.858092 -0.129371
v 0.712168 0.658663 -0.084290
v 0.712096 0.658634 -0.093094
v 0.711900 0.658554 -0.101544
v 0.711518 0.658400 -0.109518
v 0.710889 0.658145 -0.116895
v 0.709951 0.657764 -0.123553
v 0.708641 0.657233 -0.129371
v 0.743602 0.728660 -0.084290
v 0.743526 0.728623 -0.093094
v 0.743322 0.728524 -0.101544
v 0.742923 0.728332 -0.109518
v 0.742266 0.728015 -0.116895
v 0.741287 0.727543 -0.123553
v 0.739919 0.726883 -0.129371
v 0.766446 0.780204 -0.084290
v 0.766369 0.780162 -0.093094
v 0.766158 0.780049 -0.101544
v 0.765747 0.779830 -0.109518
v 0.765070 0.779467 -0.116895
v 0.764060 0.778926 -0.123553
v 0.762650 0.778172 -0.129371
v 0.782082 0.816334 -0.084290
v 0.782003 0.816289 -0.093094
v 0.781788 0.816166 -0.101544
v 0.781368 0.815926 -0.109518
v 0.780678 0.815532 -0.116895
v 0.779647 0.814944 -0.123553
v 0.778209 0.814123 -0.129371
v 0.791889 0.840088 -0.084290
v 0.791808 0.840041 -0.093094
v 0.791591 0.839911 -0.101544
v 0.791166 0.839659 -0.109518
v 0.790467 0.839244 -0.116895
v 0.789423 0.838625 -0.123553
v 0.787967 0.837760 -0.129371
v 0.797246 0.854505 -0.084290
v 0.797166 0.854456 -0.093094
v 0.796946 0.854323 -0.101544
v 0.796519 0.854064 -0.109518
v 0.795815 0.853635 -0.116895
v 0.794764 0.852997 -0.123553
v 0.793298 0.852106 -0.129371
v 0.799535 0.862624 -0.084290
v 0.799454 0.862574 -0.093094
v 0.799234 0.862439 -0.101544
v 0.798805 0.862175 -0.109518
v 0.798099 0.861739 -0.116895
v 0.797046 0.861090 -0.123553
v 0.795575 0.860184 -0.129371
v 0.225519 -0.405392 -0.084290
v 0.225496 -0.405313 -0.093094
v 0.225434 -0.405100 -0.101544
v 0.225313 -0.404684 -0.109518
v 0.225114 -0.404000 -0.116895
v 0.224817 -0.402978 -0.123553
v 0.224402 -0.401552 -0.129371
v 0.286621 -0.272712 -0.084290
v 0.286592 -0.272647 -0.093094
v 0.286513 -0.272470 -0.101544
v 0.286360 -0.272126 -0.109518
v 0.286106 -0.271558 -0.116895
v 0.285729 -0.270711 -0.123553
v 0.285202 -0.269529 -0.129371
v 0.353244 -0.127710 -0.084290
v 0.353208 -0.127659 -0.093094
v 0.353111 -0.127522 -0.101544
v 0.352922 -0.127256 -0.109518
v 0.352610 -0.126816 -0.116895
v 0.352144 -0.126160 -0.123553
v 0.351495 -0.125245 -0.129371
v 0.422576 0.023474 -0.084290
v 0.422534 0.023509 -0.093094
v 0.422417 0.023604 -0.101544
v 0.422191 0.023790 -0.109518
v 0.421818 0.024096 -0.116895
v 0.421261 0.024553 -0.123553
v 0.420484 0.025190 -0.129371
v 0.491806 0.174696 -0.084290
v 0.491757 0.174716 -0.093094
v 0.491621 0.174770 -0.101544
v 0.491358 0.174874 -0.109518
v 0.490923 0.175047 -0.116895
v 0.490275 0.175304 -0.123553
v 0.489371 0.175663 -0.129371
v 0.558122 0.319815 -0.084290
v 0.558066 0.319820 -0.093094
v 0.557912 0.319834 -0.101544
v 0.557613 0.319861 -0.109518
v 0.557120 0.319905 -0.116895
v 0.556385 0.319971 -0.123553
v 0.555358 0.320063 -0.129371
v 0.618712 0.452689 -0.084290
v 0.618650 0.452680 -0.093094
v 0.618479 0.452658 -0.101544
v 0.618148 0.452613 -0.109518
v 0.617602 0.452540 -0.116895
v 0.616786 0.452431 -0.123553
v 0.615648 0.452279 -0.129371
v 0.800195 0.871610 -0.084290
v 0.800114 0.871560 -0.093094
v 0.799894 0.871422 -0.101544
v 0.799465 0.871153 -0.109518
v 0.798758 0.870710 -0.116895
v 0.797704 0.870049 -0.123553
v 0.796232 0.869126 -0.129371
v 0.799949 0.875509 -0.084290
v 0.799868 0.875458 -0.093094
v 0.799648 0.875318 -0.101544
v 0.799220 0.875048 -0.109518
v 0.798513 0.874601 -0.116895
v 0.797459 0.873935 -0.123553
v 0.795988 0.873005 -0.129371
v 0.799399 0.879169 -0.084290
v 0.799318 0.879118 -0.093094
v 0.799098 0.878978 -0.101544
v 0.798670 0.878705 -0.109518
v 0.797964 0.878255 -0.116895
v 0.796911 0.877584 -0.123553
v 0.795440 0.876648 -0.129371
v 0.798548 0.882584 -0.084290
v 0.798467 0.882532 -0.093094
v 0.798247 0.882391 -0.101544
v 0.797819 0.882116 -0.109518
v 0.797114 0.881663 -0.116895
v 0.796061 0.880988 -0.123553
v 0.794593 0.880045 -0.129371
v 0.797396 0.885745 -0.084290
v 0.797315 0.885692 -0.093094
v 0.797096 0.885550 -0.101544
v 0.796669 0.885274 -0.109518
v 0.795965 0.884819 -0.116895
v 0.794914 0.884139 -0.123553
v 0.793447 0.883190 -0.129371
v 0.795948 0.888643 -0.084290
v 0.795867 0.888591 -0.093094
v 0.795648 0.888448 -0.101544
v 0.795222 0.888170 -0.109518
v 0.794519 0.887712 -0.116895
v 0.793470 0.887029 -0.123553
v 0.792006 0.886075 -0.129371
v 0.794205 0.891272 -0.084290
v 0.794125 0.891220 -0.093094
v 0.793906 0.891076 -0.101544
v 0.793481 0.890797 -0.109518
v 0.792779 0.890336 -0.116895
v 0.791733 0.889649 -0.123553
v 0.790272 0.888691 -0.129371
v -0.225518 -0.405392 -0.084290
v -0.286621 -0.272712 -0.084290
v -0.353244 -0.127710 -0.084290
v -0.422576 0.023474 -0.084290
v -0.491806 0.174696 -0.084290
v -0.558122 0.319815 -0.084290
v -0.618712 0.452689 -0.084290
v -0.225496 -0.405313 -0.093094
v -0.286592 -0.272647 -0.093094
v -0.353208 -0.127659 -0.093094
v -0.422533 0.023509 -0.093094
v -0.491756 0.174716 -0.093094
v -0.558066 0.319820 -0.093094
v -0.618650 0.452680 -0.093094
v -0.225434 -0.405100 -0.101543
v -0.286513 -0.272470 -0.101543
v -0.353111 -0.127522 -0.101543
v -0.422417 0.023604 -0.101543
v -0.491621 0.174769 -0.101543
v -0.557912 0.319834 -0.101543
v -0.618479 0.452657 -0.101543
v -0.225313 -0.404685 -0.109518
v -0.286359 -0.272126 -0.109518
v -0.352922 -0.127256 -0.109518
v -0.422191 0.023790 -0.109518
v -0.491358 0.174874 -0.109518
v -0.557613 0.319861 -0.109518
v -0.618148 0.452613 -0.109518
v -0.225114 -0.404000 -0.116895
v -0.286106 -0.271558 -0.116895
v -0.352610 -0.126816 -0.116895
v -0.421818 0.024096 -0.116895
v -0.490923 0.175046 -0.116895
v -0.557120 0.319905 -0.116895
v -0.617602 0.452540 -0.116895
v -0.224816 -0.402978 -0.123553
v -0.285729 -0.270711 -0.123553
v -0.352144 -0.126160 -0.123553
v -0.421261 0.024552 -0.123553
v -0.490275 0.175304 -0.123553
v -0.556385 0.319971 -0.123553
v -0.616786 0.452431 -0.123553
v -0.224402 -0.401552 -0.129371
v -0.285201 -0.269529 -0.129371
v -0.351495 -0.125245 -0.129371
v -0.420484 0.025190 -0.129371
v -0.489371 0.175663 -0.129371
v -0.555358 0.320063 -0.129371
v -0.615648 0.452279 -0.129371
v 0.789847 0.895690 -0.084290
v 0.789767 0.895637 -0.093094
v 0.789550 0.895492 -0.101544
v 0.789126 0.895210 -0.109518
v 0.788429 0.894746 -0.116895
v 0.787388 0.894053 -0.123553
v 0.785935 0.893086 -0.129371
v 0.787242 0.897468 -0.084290
v 0.787162 0.897414 -0.093094
v 0.786945 0.897269 -0.101543
v 0.786524 0.896987 -0.109518
v 0.785828 0.896521 -0.116895
v 0.784791 0.895826 -0.123553
v 0.783343 0.894855 -0.129371
v 0.784363 0.898955 -0.084290
v 0.784283 0.898901 -0.093094
v 0.784067 0.898756 -0.101544
v 0.783647 0.898472 -0.109518
v 0.782954 0.898005 -0.116895
v 0.781921 0.897308 -0.123553
v 0.780478 0.896335 -0.129371
v 0.781218 0.900149 -0.084290
v 0.781139 0.900095 -0.093094
v 0.780924 0.899949 -0.101544
v 0.780505 0.899665 -0.109518
v 0.779815 0.899197 -0.116895
v 0.778786 0.898498 -0.123553
v 0.777349 0.897523 -0.129371
v 0.777815 0.901047 -0.084290
v 0.777736 0.900993 -0.093094
v 0.777522 0.900846 -0.101544
v 0.777106 0.900562 -0.109518
v 0.776418 0.900093 -0.116895
v 0.775393 0.899393 -0.123553
v 0.773963 0.898416 -0.129371
v 0.774162 0.901646 -0.084290
v 0.774084 0.901592 -0.093094
v 0.773871 0.901446 -0.101543
v 0.773456 0.901161 -0.109518
v 0.772772 0.900691 -0.116895
v 0.771752 0.899990 -0.123553
v 0.770328 0.899013 -0.129371
v 0.770268 0.901944 -0.084290
v 0.770190 0.901890 -0.093094
v 0.769977 0.901744 -0.101544
v 0.769565 0.901459 -0.109518
v 0.768884 0.900989 -0.116895
v 0.767869 0.900288 -0.123553
v 0.766453 0.899310 -0.129371
v 0.761567 0.901532 -0.084290
v 0.761490 0.901479 -0.093094
v 0.761281 0.901332 -0.101544
v 0.760873 0.901047 -0.109518
v 0.760200 0.900578 -0.116895
v 0.759196 0.899877 -0.123553
v 0.757796 0.898900 -0.129371
v 0.755479 0.900246 -0.084290
v 0.755403 0.900192 -0.093094
v 0.755195 0.900046 -0.101543
v 0.754790 0.899762 -0.109518
v 0.754123 0.899293 -0.116895
v 0.753127 0.898595 -0.123553
v 0.751738 0.897620 -0.129371
v 0.746583 0.897505 -0.084290
v 0.746508 0.897452 -0.093094
v 0.746302 0.897306 -0.101544
v 0.745902 0.897024 -0.109518
v 0.745243 0.896558 -0.116895
v 0.744259 0.895863 -0.123553
v 0.742886 0.894892 -0.129371
v 0.733589 0.892737 -0.084290
v 0.733515 0.892684 -0.093094
v 0.733313 0.892540 -0.101544
v 0.732920 0.892259 -0.109518
v 0.732272 0.891798 -0.116895
v 0.731305 0.891109 -0.123553
v 0.729956 0.890148 -0.129371
v 0.715206 0.885366 -0.084290
v 0.715133 0.885314 -0.093094
v 0.714937 0.885172 -0.101544
v 0.714554 0.884896 -0.109518
v 0.713922 0.884440 -0.116895
v 0.712979 0.883761 -0.123553
v 0.711664 0.882813 -0.129371
v 0.690143 0.874820 -0.084290
v 0.690073 0.874768 -0.093094
v 0.689883 0.874629 -0.101543
v 0.689514 0.874359 -0.109518
v 0.688904 0.873913 -0.116895
v 0.687994 0.873248 -0.123553
v 0.686725 0.872319 -0.129371
v 0.657110 0.860523 -0.084290
v 0.657043 0.860473 -0.093094
v 0.656862 0.860338 -0.101544
v 0.656510 0.860076 -0.109518
v 0.655930 0.859642 -0.116895
v 0.655064 0.858996 -0.123553
v 0.653855 0.858094 -0.129371
v 0.130421 -0.610743 -0.084290
v 0.097836 -0.680303 -0.084290
v 0.073591 -0.731316 -0.084290
v 0.056285 -0.766812 -0.084290
v 0.044517 -0.789823 -0.084290
v 0.036884 -0.803377 -0.084290
v 0.031985 -0.810505 -0.084290
v 0.130408 -0.610644 -0.093094
v 0.097826 -0.680196 -0.093094
v 0.073583 -0.731204 -0.093094
v 0.056279 -0.766697 -0.093094
v 0.044512 -0.789705 -0.093094
v 0.036880 -0.803258 -0.093094
v 0.031982 -0.810386 -0.093094
v 0.130372 -0.610374 -0.101544
v 0.097799 -0.679907 -0.101544
v 0.073563 -0.730901 -0.101544
v 0.056264 -0.766384 -0.101544
v 0.044500 -0.789386 -0.101544
v 0.036870 -0.802935 -0.101544
v 0.031973 -0.810061 -0.101544
v 0.130302 -0.609848 -0.109518
v 0.097746 -0.679345 -0.109518
v 0.073524 -0.730311 -0.109518
v 0.056234 -0.765775 -0.109518
v 0.044476 -0.788765 -0.109518
v 0.036850 -0.802307 -0.109518
v 0.031956 -0.809428 -0.109518
v 0.130187 -0.608982 -0.116895
v 0.097660 -0.678417 -0.116895
v 0.073459 -0.729338 -0.116895
v 0.056184 -0.764771 -0.116895
v 0.044437 -0.787740 -0.116895
v 0.036818 -0.801270 -0.116895
v 0.031928 -0.808386 -0.116895
v 0.130015 -0.607690 -0.123553
v 0.097531 -0.677033 -0.123553
v 0.073362 -0.727887 -0.123553
v 0.056110 -0.763273 -0.123553
v 0.044378 -0.786212 -0.123553
v 0.036769 -0.799724 -0.123553
v 0.031886 -0.806830 -0.123553
v 0.129775 -0.605886 -0.129371
v 0.097351 -0.675101 -0.129371
v 0.073227 -0.725862 -0.129371
v 0.056006 -0.761183 -0.129371
v 0.044296 -0.784079 -0.129371
v 0.036702 -0.797566 -0.129371
v 0.031827 -0.804659 -0.129371
v 0.002440 0.566473 -0.084290
v 0.002439 0.566454 -0.093094
v 0.002439 0.566399 -0.101543
v 0.002437 0.566294 -0.109518
v 0.002435 0.566121 -0.116895
v 0.002432 0.565862 -0.123553
v 0.002428 0.565500 -0.129371
v 0.001614 0.566335 -0.084290
v 0.001613 0.566315 -0.093094
v 0.001613 0.566261 -0.101543
v 0.001612 0.566155 -0.109518
v 0.001611 0.565982 -0.116895
v 0.001609 0.565723 -0.123553
v 0.001606 0.565362 -0.129371
v 0.000803 0.566251 -0.084290
v 0.000803 0.566231 -0.093094
v 0.000803 0.566177 -0.101543
v 0.000802 0.566072 -0.109518
v 0.000802 0.565899 -0.116895
v 0.000801 0.565640 -0.123553
v 0.000799 0.565279 -0.129371
v 0.000000 0.566223 -0.084290
v 0.000000 0.566203 -0.093094
v 0.000000 0.566149 -0.101543
v 0.000000 0.566044 -0.109518
v 0.000000 0.565871 -0.116895
v 0.000000 0.565612 -0.123553
v 0.000000 0.565251 -0.129371
v -0.000802 0.566251 -0.084290
v -0.000802 0.566231 -0.093094
v -0.000802 0.566177 -0.101543
v -0.000801 0.566072 -0.109518
v -0.000801 0.565898 -0.116895
v -0.000799 0.565640 -0.123553
v -0.000798 0.565279 -0.129371
v -0.001612 0.566334 -0.084290
v -0.001612 0.566314 -0.093094
v -0.001611 0.566260 -0.101543
v -0.001610 0.566155 -0.109518
v -0.001609 0.565981 -0.116895
v -0.001607 0.565723 -0.123553
v -0.001604 0.565361 -0.129371
v -0.002437 0.566472 -0.084290
v -0.002437 0.566452 -0.093094
v -0.002436 0.566398 -0.101543
v -0.002435 0.566293 -0.109518
v -0.002433 0.566119 -0.116895
v -0.002430 0.565861 -0.123553
v -0.002425 0.565499 -0.129371
v -0.712168 0.658663 -0.084290
v -0.743602 0.728659 -0.084290
v -0.766446 0.780203 -0.084290
v -0.782082 0.816334 -0.084290
v -0.791889 0.840088 -0.084290
v -0.797247 0.854505 -0.084290
v -0.799535 0.862624 -0.084290
v -0.712096 0.658633 -0.093094
v -0.743526 0.728623 -0.093094
v -0.766369 0.780162 -0.093093
v -0.782003 0.816288 -0.093093
v -0.791809 0.840040 -0.093093
v -0.797166 0.854456 -0.093093
v -0.799454 0.862574 -0.093093
v -0.711900 0.658554 -0.101543
v -0.743322 0.728524 -0.101543
v -0.766158 0.780049 -0.101543
v -0.781788 0.816165 -0.101543
v -0.791591 0.839911 -0.101543
v -0.796946 0.854323 -0.101543
v -0.799234 0.862438 -0.101543
v -0.711518 0.658399 -0.109518
v -0.742923 0.728332 -0.109518
v -0.765747 0.779829 -0.109518
v -0.781369 0.815926 -0.109518
v -0.791166 0.839659 -0.109518
v -0.796519 0.854063 -0.109518
v -0.798806 0.862174 -0.109518
v -0.710889 0.658144 -0.116895
v -0.742267 0.728015 -0.116895
v -0.765070 0.779467 -0.116895
v -0.780678 0.815532 -0.116895
v -0.790467 0.839244 -0.116895
v -0.795815 0.853635 -0.116895
v -0.798099 0.861739 -0.116895
v -0.709951 0.657764 -0.123553
v -0.741287 0.727543 -0.123553
v -0.764060 0.778926 -0.123553
v -0.779647 0.814944 -0.123553
v -0.789423 0.838624 -0.123553
v -0.794764 0.852997 -0.123553
v -0.797046 0.861090 -0.123553
v -0.708641 0.657233 -0.129371
v -0.739919 0.726883 -0.129371
v -0.762651 0.778172 -0.129371
v -0.778209 0.814123 -0.129371
v -0.787967 0.837760 -0.129371
v -0.793298 0.852106 -0.129371
v -0.795575 0.860184 -0.129371
v 0.031986 -0.810522 -0.009552
v 0.031986 -0.810522 -0.019090
v 0.031986 -0.810522 -0.028601
v 0.031986 -0.810522 -0.038070
v 0.031986 -0.810522 -0.047483
v 0.031986 -0.810522 -0.056828
v 0.031986 -0.810522 -0.066089
v 0.036885 -0.803394 -0.009552
v 0.036885 -0.803394 -0.019090
v 0.036885 -0.803394 -0.028601
v 0.036885 -0.803394 -0.038070
v 0.036885 -0.803394 -0.047483
v 0.036885 -0.803394 -0.056828
v 0.036885 -0.803394 -0.066089
v 0.044517 -0.789839 -0.009552
v 0.044517 -0.789839 -0.019090
v 0.044518 -0.789839 -0.028601
v 0.044518 -0.789840 -0.038070
v 0.044517 -0.789839 -0.047483
v 0.044517 -0.789839 -0.056828
v 0.044518 -0.789840 -0.066089
v 0.056286 -0.766829 -0.009552
v 0.056286 -0.766829 -0.019090
v 0.056286 -0.766829 -0.028601
v 0.056286 -0.766829 -0.038070
v 0.056286 -0.766829 -0.047483
v 0.056286 -0.766829 -0.056828
v 0.056286 -0.766829 -0.066089
v 0.073592 -0.731332 -0.009552
v 0.073592 -0.731332 -0.019090
v 0.073592 -0.731332 -0.028601
v 0.073592 -0.731332 -0.038070
v 0.073592 -0.731332 -0.047483
v 0.073592 -0.731332 -0.056828
v 0.073592 -0.731331 -0.066089
v 0.097837 -0.680318 -0.009552
v 0.097837 -0.680318 -0.019090
v 0.097837 -0.680318 -0.028601
v 0.097837 -0.680318 -0.038070
v 0.097837 -0.680318 -0.047483
v 0.097837 -0.680318 -0.056828
v 0.097837 -0.680318 -0.066089
v 0.130423 -0.610757 -0.009552
v 0.130423 -0.610757 -0.019090
v 0.130423 -0.610757 -0.028601
v 0.130423 -0.610757 -0.038070
v 0.130423 -0.610757 -0.047483
v 0.130423 -0.610757 -0.056828
v 0.130423 -0.610757 -0.066089
v 0.562642 0.818694 -0.009552
v 0.562642 0.818694 -0.019090
v 0.562642 0.818694 -0.028601
v 0.562642 0.818694 -0.038070
v 0.562642 0.818694 -0.047483
v 0.562642 0.818694 -0.056828
v 0.562642 0.818694 -0.066089
v 0.502611 0.791819 -0.009552
v 0.502611 0.791819 -0.019090
v 0.502611 0.791819 -0.028601
v 0.502611 0.791819 -0.038070
v 0.502611 0.791819 -0.047483
v 0.502611 0.791819 -0.056828
v 0.502611 0.791819 -0.066089
v 0.437434 0.762524 -0.009552
v 0.437434 0.762524 -0.019090
v 0.437434 0.762524 -0.028601
v 0.437434 0.762524 -0.038070
v 0.437434 0.762524 -0.047483
v 0.437434 0.762524 -0.056828
v 0.437434 0.762524 -0.066089
v 0.369814 0.732049 -0.009552
v 0.369814 0.732049 -0.019090
v 0.369814 0.732049 -0.028601
v 0.369814 0.732049 -0.038070
v 0.369814 0.732049 -0.047483
v 0.369814 0.732049 -0.056828
v 0.369814 0.732049 -0.066089
v 0.302454 0.701633 -0.009552
v 0.302454 0.701633 -0.019090
v 0.302454 0.701633 -0.028601
v 0.302454 0.701633 -0.038070
v 0.302454 0.701633 -0.047483
v 0.302454 0.701633 -0.056828
v 0.302454 0.701633 -0.066089
v 0.238057 0.672514 -0.009552
v 0.238057 0.672514 -0.019090
v 0.238057 0.672514 -0.028601
v 0.238057 0.672514 -0.038070
v 0.238057 0.672514 -0.047483
v 0.238057 0.672514 -0.056828
v 0.238057 0.672514 -0.066089
v 0.179326 0.645932 -0.009552
v 0.179326 0.645932 -0.019090
v 0.179326 0.645932 -0.028601
v 0.179326 0.645932 -0.038070
v 0.179326 0.645932 -0.047483
v 0.179326 0.645932 -0.056828
v 0.179326 0.645932 -0.066089
v 0.761578 0.901540 -0.009552
v 0.761578 0.901540 -0.019090
v 0.761578 0.901540 -0.028601
v 0.761578 0.901540 -0.038070
v 0.761578 0.901540 -0.047483
v 0.761578 0.901540 -0.056828
v 0.761578 0.901540 -0.066089
v 0.755490 0.900253 -0.009552
v 0.755490 0.900253 -0.019090
v 0.755490 0.900253 -0.028601
v 0.755490 0.900253 -0.038070
v 0.755490 0.900253 -0.047483
v 0.755490 0.900253 -0.056828
v 0.755490 0.900253 -0.066089
v 0.746594 0.897513 -0.009552
v 0.746594 0.897513 -0.019090
v 0.746594 0.897513 -0.028601
v 0.746594 0.897513 -0.038070
v 0.746594 0.897513 -0.047483
v 0.746594 0.897513 -0.056828
v 0.746594 0.897513 -0.066089
v 0.733600 0.892744 -0.009552
v 0.733600 0.892744 -0.019090
v 0.733600 0.892744 -0.028601
v 0.733600 0.892744 -0.038070
v 0.733600 0.892744 -0.047483
v 0.733600 0.892744 -0.056828
v 0.733600 0.892744 -0.066089
v 0.715216 0.885373 -0.009552
v 0.715216 0.885373 -0.019090
v 0.715216 0.885373 -0.028601
v 0.715216 0.885373 -0.038070
v 0.715216 0.885373 -0.047483
v 0.715216 0.885373 -0.056828
v 0.715216 0.885373 -0.066089
v 0.690153 0.874827 -0.009552
v 0.690153 0.874827 -0.019090
v 0.690153 0.874827 -0.028601
v 0.690153 0.874827 -0.038070
v 0.690153 0.874827 -0.047483
v 0.690153 0.874827 -0.056828
v 0.690153 0.874827 -0.066089
v 0.657119 0.860530 -0.009552
v 0.657119 0.860530 -0.019090
v 0.657119 0.860530 -0.028601
v 0.657119 0.860530 -0.038070
v 0.657119 0.860530 -0.047483
v 0.657119 0.860530 -0.056828
v 0.657119 0.860530 -0.066089
v 0.789858 0.895698 -0.009552
v 0.789858 0.895697 -0.019090
v 0.789858 0.895697 -0.028601
v 0.789858 0.895697 -0.038070
v 0.789858 0.895697 -0.047483
v 0.789858 0.895697 -0.056828
v 0.789858 0.895697 -0.066089
v 0.787253 0.897476 -0.009552
v 0.787253 0.897475 -0.019090
v 0.787253 0.897475 -0.028601
v 0.787253 0.897476 -0.038070
v 0.787253 0.897476 -0.047483
v 0.787253 0.897475 -0.056828
v 0.787253 0.897476 -0.066089
v 0.784374 0.898963 -0.009552
v 0.784374 0.898963 -0.019090
v 0.784374 0.898963 -0.028601
v 0.784374 0.898963 -0.038070
v 0.784374 0.898963 -0.047483
v 0.784374 0.898962 -0.056828
v 0.784374 0.898963 -0.066089
v 0.781229 0.900156 -0.009552
v 0.781229 0.900156 -0.019090
v 0.781229 0.900156 -0.028601
v 0.781229 0.900156 -0.038070
v 0.781229 0.900156 -0.047483
v 0.781229 0.900156 -0.056828
v 0.781229 0.900156 -0.066089
v 0.777826 0.901054 -0.009552
v 0.777826 0.901054 -0.019090
v 0.777826 0.901054 -0.028601
v 0.777826 0.901054 -0.038070
v 0.777826 0.901054 -0.047483
v 0.777826 0.901054 -0.056828
v 0.777826 0.901054 -0.066089
v 0.774173 0.901653 -0.009552
v 0.774173 0.901653 -0.019090
v 0.774174 0.901654 -0.028601
v 0.774174 0.901654 -0.038070
v 0.774173 0.901653 -0.047483
v 0.774173 0.901653 -0.056828
v 0.774173 0.901653 -0.066089
v 0.770279 0.901952 -0.009552
v 0.770279 0.901952 -0.019090
v 0.770279 0.901952 -0.028601
v 0.770279 0.901952 -0.038070
v 0.770279 0.901952 -0.047483
v 0.770279 0.901952 -0.056828
v 0.770279 0.901952 -0.066089
v -0.618721 0.452690 -0.009552
v -0.618721 0.452690 -0.019090
v -0.618721 0.452690 -0.028601
v -0.618721 0.452690 -0.038070
v -0.618721 0.452690 -0.047483
v -0.618721 0.452690 -0.056828
v -0.618721 0.452690 -0.066089
v -0.558130 0.319814 -0.009552
v -0.558130 0.319814 -0.019090
v -0.558130 0.319814 -0.028601
v -0.558130 0.319814 -0.038070
v -0.558130 0.319814 -0.047483
v -0.558130 0.319814 -0.056828
v -0.558130 0.319814 -0.066089
v -0.491813 0.174693 -0.009552
v -0.491813 0.174693 -0.019090
v -0.491813 0.174693 -0.028601
v -0.491813 0.174693 -0.038070
v -0.491813 0.174693 -0.047483
v -0.491813 0.174693 -0.056828
v -0.491813 0.174693 -0.066089
v -0.422582 0.023469 -0.009552
v -0.422583 0.023468 -0.019090
v -0.422582 0.023469 -0.028601
v -0.422582 0.023469 -0.038070
v -0.422582 0.023469 -0.047483
v -0.422582 0.023469 -0.056828
v -0.422582 0.023469 -0.066089
v -0.353249 -0.127717 -0.009552
v -0.353249 -0.127717 -0.019090
v -0.353249 -0.127717 -0.028601
v -0.353249 -0.127717 -0.038070
v -0.353249 -0.127717 -0.047483
v -0.353249 -0.127717 -0.056828
v -0.353249 -0.127717 -0.066089
v -0.286625 -0.272722 -0.009552
v -0.286625 -0.272722 -0.019090
v -0.286625 -0.272722 -0.028601
v -0.286625 -0.272722 -0.038070
v -0.286625 -0.272722 -0.047483
v -0.286625 -0.272722 -0.056828
v -0.286625 -0.272722 -0.066089
v -0.225522 -0.405403 -0.009552
v -0.225522 -0.405403 -0.019090
v -0.225522 -0.405403 -0.028601
v -0.225522 -0.405403 -0.038070
v -0.225522 -0.405403 -0.047483
v -0.225522 -0.405403 -0.056828
v -0.225522 -0.405403 -0.066089
v 0.800207 0.871618 -0.009552
v 0.800207 0.871618 -0.019090
v 0.800207 0.871618 -0.028601
v 0.800207 0.871618 -0.038070
v 0.800207 0.871618 -0.047483
v 0.800207 0.871618 -0.056828
v 0.800207 0.871618 -0.066089
v 0.799961 0.875516 -0.009552
v 0.799961 0.875516 -0.019090
v 0.799961 0.875516 -0.028601
v 0.799961 0.875516 -0.038070
v 0.799961 0.875516 -0.047483
v 0.799961 0.875516 -0.056828
v 0.799961 0.875516 -0.066089
v 0.799411 0.879177 -0.009552
v 0.799411 0.879177 -0.019090
v 0.799411 0.879177 -0.028601
v 0.799411 0.879177 -0.038070
v 0.799411 0.879177 -0.047483
v 0.799411 0.879177 -0.056828
v 0.799411 0.879177 -0.066089
v 0.798559 0.882591 -0.009552
v 0.798559 0.882591 -0.019090
v 0.798559 0.882591 -0.028601
v 0.798559 0.882591 -0.038070
v 0.798559 0.882591 -0.047483
v 0.798559 0.882591 -0.056828
v 0.798559 0.882591 -0.066089
v 0.797408 0.885752 -0.009552
v 0.797408 0.885752 -0.019090
v 0.797408 0.885752 -0.028601
v 0.797408 0.885752 -0.038070
v 0.797408 0.885752 -0.047483
v 0.797408 0.885752 -0.056828
v 0.797408 0.885752 -0.066089
v 0.795960 0.888651 -0.009552
v 0.795960 0.888651 -0.019090
v 0.795960 0.888651 -0.028601
v 0.795960 0.888651 -0.038070
v 0.795960 0.888651 -0.047483
v 0.795960 0.888651 -0.056828
v 0.795960 0.888651 -0.066089
v 0.794217 0.891280 -0.009552
v 0.794217 0.891280 -0.019090
v 0.794217 0.891280 -0.028601
v 0.794217 0.891280 -0.038070
v 0.794217 0.891280 -0.047483
v 0.794217 0.891280 -0.056828
v 0.794217 0.891280 -0.066089
v 0.225522 -0.405403 -0.009552
v 0.225522 -0.405403 -0.019090
v 0.225522 -0.405403 -0.028601
v 0.225522 -0.405403 -0.038070
v 0.225522 -0.405403 -0.047483
v 0.225522 -0.405403 -0.056828
v 0.225522 -0.405403 -0.066089
v 0.286625 -0.272721 -0.009552
v 0.286625 -0.272721 -0.019090
v 0.286625 -0.272721 -0.028601
v 0.286625 -0.272721 -0.038070
v 0.286625 -0.272721 -0.047483
v 0.286625 -0.272721 -0.056828
v 0.286625 -0.272721 -0.066089
v 0.353249 -0.127717 -0.009552
v 0.353249 -0.127717 -0.019090
v 0.353249 -0.127717 -0.028601
v 0.353249 -0.127717 -0.038070
v 0.353249 -0.127717 -0.047483
v 0.353249 -0.127717 -0.056828
v 0.353249 -0.127717 -0.066089
v 0.422583 0.023469 -0.009552
v 0.422583 0.023469 -0.019090
v 0.422583 0.023469 -0.028601
v 0.422583 0.023469 -0.038070
v 0.422583 0.023469 -0.047483
v 0.422583 0.023469 -0.056828
v 0.422583 0.023469 -0.066089
v 0.491814 0.174693 -0.009552
v 0.491814 0.174693 -0.019090
v 0.491814 0.174693 -0.028601
v 0.491814 0.174693 -0.038070
v 0.491814 0.174693 -0.047483
v 0.491814 0.174693 -0.056828
v 0.491813 0.174693 -0.066089
v 0.558130 0.319814 -0.009552
v 0.558130 0.319814 -0.019090
v 0.558130 0.319814 -0.028601
v 0.558130 0.319814 -0.038070
v 0.558130 0.319814 -0.047483
v 0.558130 0.319814 -0.056828
v 0.558130 0.319814 -0.066089
v 0.618721 0.452690 -0.009552
v 0.618721 0.452690 -0.019090
v 0.618721 0.452690 -0.028601
v 0.618721 0.452690 -0.038070
v 0.618721 0.452690 -0.047483
v 0.618721 0.452690 -0.056828
v 0.618721 0.452690 -0.066089
v 0.712178 0.658667 -0.009552
v 0.712178 0.658667 -0.019090
v 0.712178 0.658667 -0.028601
v 0.712178 0.658667 -0.038070
v 0.712178 0.658667 -0.047483
v 0.712178 0.658667 -0.056828
v 0.712178 0.658667 -0.066089
v 0.743612 0.728665 -0.009552
v 0.743612 0.728665 -0.019090
v 0.743612 0.728665 -0.028601
v 0.743612 0.728665 -0.038070
v 0.743612 0.728665 -0.047483
v 0.743612 0.728665 -0.056828
v 0.743612 0.728665 -0.066089
v 0.766457 0.780210 -0.009552
v 0.766457 0.780210 -0.019090
v 0.766457 0.780210 -0.028601
v 0.766457 0.780210 -0.038070
v 0.766457 0.780210 -0.047483
v 0.766457 0.780210 -0.056828
v 0.766457 0.780210 -0.066089
v 0.782093 0.816340 -0.009552
v 0.782093 0.816340 -0.019090
v 0.782093 0.816340 -0.028601
v 0.782093 0.816340 -0.038070
v 0.782093 0.816340 -0.047483
v 0.782093 0.816340 -0.056828
v 0.782093 0.816340 -0.066089
v 0.791900 0.840095 -0.009552
v 0.791900 0.840095 -0.019090
v 0.791900 0.840095 -0.028601
v 0.791900 0.840095 -0.038070
v 0.791900 0.840095 -0.047483
v 0.791900 0.840095 -0.056828
v 0.791900 0.840095 -0.066089
v 0.797258 0.854513 -0.009552
v 0.797258 0.854513 -0.019090
v 0.797258 0.854513 -0.028601
v 0.797258 0.854513 -0.038070
v 0.797258 0.854513 -0.047483
v 0.797258 0.854513 -0.056828
v 0.797258 0.854513 -0.066089
v 0.799546 0.862631 -0.009552
v 0.799546 0.862631 -0.019090
v 0.799547 0.862631 -0.028601
v 0.799547 0.862631 -0.038070
v 0.799547 0.862631 -0.047483
v 0.799546 0.862631 -0.056828
v 0.799546 0.862631 -0.066089
v -0.657117 0.860529 -0.009552
v -0.657117 0.860529 -0.019090
v -0.657117 0.860529 -0.028601
v -0.657117 0.860529 -0.038069
v -0.657117 0.860529 -0.047483
v -0.657117 0.860529 -0.056828
v -0.657117 0.860529 -0.066089
v -0.690152 0.874826 -0.009552
v -0.690152 0.874826 -0.019090
v -0.690152 0.874826 -0.028601
v -0.690152 0.874826 -0.038069
v -0.690152 0.874826 -0.047483
v -0.690152 0.874826 -0.056828
v -0.690152 0.874826 -0.066089
v -0.715216 0.885373 -0.009552
v -0.715216 0.885373 -0.019090
v -0.715216 0.885373 -0.028601
v -0.715216 0.885373 -0.038069
v -0.715216 0.885373 -0.047483
v -0.715216 0.885373 -0.056828
v -0.715216 0.885373 -0.066089
v -0.733599 0.892744 -0.009552
v -0.733599 0.892744 -0.019090
v -0.733599 0.892744 -0.028600
v -0.733599 0.892744 -0.038069
v -0.733599 0.892744 -0.047483
v -0.733599 0.892744 -0.056828
v -0.733599 0.892744 -0.066089
v -0.746594 0.897512 -0.009552
v -0.746594 0.897512 -0.019090
v -0.746594 0.897512 -0.028600
v -0.746594 0.897512 -0.038069
v -0.746594 0.897512 -0.047483
v -0.746594 0.897512 -0.056828
v -0.746594 0.897512 -0.066089
v -0.755490 0.900253 -0.009552
v -0.755490 0.900253 -0.019090
v -0.755490 0.900253 -0.028600
v -0.755490 0.900253 -0.038069
v -0.755490 0.900253 -0.047483
v -0.755490 0.900253 -0.056828
v -0.755490 0.900253 -0.066089
v -0.761579 0.901540 -0.009552
v -0.761579 0.901540 -0.019090
v -0.761579 0.901540 -0.028600
v -0.761579 0.901540 -0.038069
v -0.761579 0.901540 -0.047483
v -0.761579 0.901540 -0.056828
v -0.761579 0.901540 -0.066089
v -0.130423 -0.610757 -0.009552
v -0.130423 -0.610757 -0.019090
v -0.130423 -0.610757 -0.028601
v -0.130423 -0.610757 -0.038070
v -0.130423 -0.610757 -0.047483
v -0.130423 -0.610757 -0.056828
v -0.130423 -0.610757 -0.066089
v -0.097837 -0.680318 -0.009552
v -0.097837 -0.680318 -0.019090
v -0.097837 -0.680318 -0.028601
v -0.097837 -0.680318 -0.038070
v -0.097837 -0.680318 -0.047483
v -0.097837 -0.680318 -0.056828
v -0.097837 -0.680318 -0.066089
v -0.073592 -0.731332 -0.009552
v -0.073591 -0.731332 -0.019090
v -0.073592 -0.731332 -0.028601
v -0.073592 -0.731332 -0.038070
v -0.073592 -0.731332 -0.047483
v -0.073592 -0.731331 -0.056828
v -0.073592 -0.731332 -0.066089
v -0.056286 -0.766829 -0.009552
v -0.056286 -0.766829 -0.019090
v -0.056285 -0.766829 -0.028601
v -0.056286 -0.766829 -0.038070
v -0.056286 -0.766829 -0.047483
v -0.056286 -0.766829 -0.056828
v -0.056286 -0.766829 -0.066089
v -0.044517 -0.789839 -0.009552
v -0.044517 -0.789839 -0.019090
v -0.044517 -0.789840 -0.028601
v -0.044517 -0.789840 -0.038070
v -0.044517 -0.789840 -0.047483
v -0.044517 -0.789839 -0.056828
v -0.044517 -0.789840 -0.066089
v -0.036884 -0.803394 -0.009552
v -0.036884 -0.803394 -0.019090
v -0.036884 -0.803394 -0.028601
v -0.036884 -0.803394 -0.038070
v -0.036884 -0.803394 -0.047483
v -0.036884 -0.803394 -0.056828
v -0.036884 -0.803394 -0.066089
v -0.031986 -0.810522 -0.009552
v -0.031986 -0.810522 -0.019090
v -0.031986 -0.810522 -0.028601
v -0.031986 -0.810522 -0.038070
v -0.031986 -0.810522 -0.047483
v -0.031986 -0.810522 -0.056828
v -0.031986 -0.810522 -0.066089
v -0.770279 0.901952 -0.009552
v -0.770279 0.901952 -0.019090
v -0.770279 0.901952 -0.028600
v -0.770279 0.901952 -0.038069
v -0.770279 0.901952 -0.047483
v -0.770279 0.901952 -0.056828
v -0.770279 0.901952 -0.066089
v -0.774174 0.901653 -0.009552
v -0.774174 0.901653 -0.019090
v -0.774174 0.901653 -0.028600
v -0.774174 0.901653 -0.038069
v -0.774174 0.901653 -0.047483
v -0.774174 0.901653 -0.056828
v -0.774174 0.901653 -0.066089
v -0.777826 0.901054 -0.009552
v -0.777826 0.901054 -0.019090
v -0.777826 0.901054 -0.028600
v -0.777826 0.901054 -0.038069
v -0.777826 0.901054 -0.047483
v -0.777826 0.901054 -0.056828
v -0.777826 0.901054 -0.066089
v -0.781229 0.900156 -0.009552
v -0.781229 0.900156 -0.019090
v -0.781229 0.900156 -0.028600
v -0.781229 0.900156 -0.038069
v -0.781229 0.900156 -0.047483
v -0.781229 0.900156 -0.056828
v -0.781229 0.900156 -0.066089
v -0.784374 0.898962 -0.009552
v -0.784374 0.898962 -0.019090
v -0.784374 0.898962 -0.028600
v -0.784374 0.898962 -0.038069
v -0.784374 0.898962 -0.047483
v -0.784374 0.898962 -0.056828
v -0.784374 0.898962 -0.066089
v -0.787253 0.897475 -0.009552
v -0.787253 0.897475 -0.019090
v -0.787253 0.897475 -0.028600
v -0.787253 0.897475 -0.038069
v -0.787253 0.897475 -0.047483
v -0.787253 0.897475 -0.056828
v -0.787253 0.897475 -0.066089
v -0.789859 0.895697 -0.009552
v -0.789859 0.895697 -0.019090
v -0.789859 0.895697 -0.028600
v -0.789859 0.895697 -0.038069
v -0.789859 0.895697 -0.047483
v -0.789859 0.895697 -0.056828
v -0.789859 0.895697 -0.066089
v -0.004393 0.567021 -0.009552
v -0.004393 0.567021 -0.019090
v -0.004393 0.567021 -0.028601
v -0.004393 0.567021 -0.038070
v -0.004393 0.567021 -0.047483
v -0.004393 0.567021 -0.056828
v -0.004393 0.567021 -0.066089
v -0.006912 0.568049 -0.009552
v -0.006912 0.568049 -0.019090
v -0.006912 0.568049 -0.028601
v -0.006912 0.568049 -0.038070
v -0.006912 0.568049 -0.047483
v -0.006912 0.568049 -0.056828
v -0.006912 0.568049 -0.066089
v -0.012222 0.570372 -0.009552
v -0.012222 0.570372 -0.019090
v -0.012222 0.570372 -0.028601
v -0.012222 0.570372 -0.038070
v -0.012222 0.570372 -0.047483
v -0.012222 0.570372 -0.056828
v -0.012222 0.570372 -0.066089
v -0.021703 0.574611 -0.009552
v -0.021703 0.574611 -0.019090
v -0.021703 0.574611 -0.028601
v -0.021703 0.574611 -0.038070
v -0.021703 0.574611 -0.047483
v -0.021703 0.574611 -0.056828
v -0.021703 0.574611 -0.066089
v -0.036736 0.581385 -0.009552
v -0.036736 0.581385 -0.019090
v -0.036736 0.581385 -0.028601
v -0.036736 0.581385 -0.038070
v -0.036736 0.581385 -0.047483
v -0.036736 0.581385 -0.056828
v -0.036736 0.581385 -0.066089
v -0.058701 0.591314 -0.009552
v -0.058701 0.591314 -0.019090
v -0.058701 0.591314 -0.028601
v -0.058701 0.591314 -0.038070
v -0.058701 0.591314 -0.047483
v -0.058701 0.591314 -0.056828
v -0.058701 0.591314 -0.066089
v -0.088979 0.605019 -0.009552
v -0.088979 0.605019 -0.019090
v -0.088979 0.605019 -0.028601
v -0.088979 0.605019 -0.038070
v -0.088979 0.605019 -0.047483
v -0.088979 0.605019 -0.056828
v -0.088979 0.605019 -0.066089
v -0.794217 0.891280 -0.009552
v -0.794217 0.891280 -0.019090
v -0.794217 0.891280 -0.028600
v -0.794217 0.891280 -0.038069
v -0.794217 0.891280 -0.047483
v -0.794217 0.891280 -0.056828
v -0.794217 0.891280 -0.066089
v -0.795960 0.888651 -0.009552
v -0.795960 0.888651 -0.019090
v -0.795960 0.888651 -0.028600
v -0.795960 0.888651 -0.038069
v -0.795960 0.888651 -0.047483
v -0.795960 0.888651 -0.056828
v -0.795960 0.888651 -0.066089
v -0.797408 0.885752 -0.009552
v -0.797408 0.885752 -0.019090
v -0.797408 0.885752 -0.028600
v -0.797408 0.885752 -0.038069
v -0.797408 0.885752 -0.047483
v -0.797408 0.885752 -0.056828
v -0.797408 0.885752 -0.066089
v -0.798559 0.882591 -0.009552
v -0.798559 0.882591 -0.019090
v -0.798559 0.882591 -0.028600
v -0.798559 0.882591 -0.038069
v -0.798559 0.882591 -0.047483
v -0.798559 0.882591 -0.056828
v -0.798559 0.882591 -0.066089
v -0.799411 0.879176 -0.009552
v -0.799411 0.879176 -0.019090
v -0.799411 0.879176 -0.028600
v -0.799411 0.879176 -0.038069
v -0.799411 0.879176 -0.047483
v -0.799411 0.879176 -0.056828
v -0.799411 0.879176 -0.066089
v -0.799961 0.875516 -0.009552
v -0.799961 0.875516 -0.019090
v -0.799961 0.875516 -0.028600
v -0.799961 0.875516 -0.038069
v -0.799961 0.875516 -0.047483
v -0.799961 0.875516 -0.056828
v -0.799961 0.875516 -0.066089
v -0.800207 0.871617 -0.009552
v -0.800207 0.871617 -0.019090
v -0.800207 0.871617 -0.028600
v -0.800207 0.871617 -0.038069
v -0.800207 0.871617 -0.047483
v -0.800207 0.871617 -0.056828
v -0.800207 0.871617 -0.066089
v 0.004399 0.567024 -0.009552
v 0.006919 0.568052 -0.009552
v 0.012231 0.570377 -0.009552
v 0.021714 0.574616 -0.009552
v 0.036749 0.581391 -0.009552
v 0.058716 0.591321 -0.009552
v 0.088994 0.605026 -0.009552
v 0.004399 0.567024 -0.019090
v 0.006919 0.568052 -0.019090
v 0.012231 0.570377 -0.019090
v 0.021714 0.574616 -0.019090
v 0.036749 0.581391 -0.019090
v 0.058716 0.591321 -0.019090
v 0.088994 0.605026 -0.019090
v 0.004399 0.567024 -0.028601
v 0.006919 0.568052 -0.028601
v 0.012231 0.570377 -0.028601
v 0.021714 0.574616 -0.028601
v 0.036749 0.581391 -0.028601
v 0.058716 0.591321 -0.028601
v 0.088994 0.605026 -0.028601
v 0.004399 0.567024 -0.038070
v 0.006919 0.568052 -0.038070
v 0.012231 0.570377 -0.038070
v 0.021714 0.574616 -0.038070
v 0.036749 0.581391 -0.038070
v 0.058716 0.591321 -0.038070
v 0.088994 0.605026 -0.038070
v 0.004399 0.567024 -0.047483
v 0.006919 0.568052 -0.047483
v 0.012231 0.570377 -0.047483
v 0.021714 0.574616 -0.047483
v 0.036749 0.581391 -0.047483
v 0.058716 0.591321 -0.047483
v 0.088994 0.605026 -0.047483
v 0.004399 0.567024 -0.056828
v 0.006919 0.568052 -0.056828
v 0.012231 0.570377 -0.056828
v 0.021714 0.574616 -0.056828
v 0.036749 0.581391 -0.056828
v 0.058716 0.591321 -0.056828
v 0.088994 0.605026 -0.056828
v 0.004399 0.567024 -0.066089
v 0.006919 0.568052 -0.066089
v 0.012231 0.570377 -0.066089
v 0.021714 0.574616 -0.066089
v 0.036749 0.581391 -0.066089
v 0.058716 0.591321 -0.066089
v 0.088994 0.605026 -0.066089
v -0.179311 0.645926 -0.066089
v -0.238043 0.672508 -0.066089
v -0.302441 0.701627 -0.066089
v -0.369803 0.732044 -0.066089
v -0.437425 0.762520 -0.066089
v -0.502604 0.791815 -0.066089
v -0.562637 0.818691 -0.066089
v -0.179311 0.645926 -0.056828
v -0.238043 0.672508 -0.056828
v -0.302441 0.701627 -0.056828
v -0.369803 0.732044 -0.056828
v -0.437425 0.762520 -0.056828
v -0.502604 0.791815 -0.056828
v -0.562637 0.818691 -0.056828
v -0.179311 0.645926 -0.047483
v -0.238043 0.672508 -0.047483
v -0.302441 0.701627 -0.047483
v -0.369803 0.732044 -0.047483
v -0.437425 0.762520 -0.047483
v -0.502604 0.791815 -0.047483
v -0.562637 0.818691 -0.047483
v -0.179311 0.645926 -0.038070
v -0.238043 0.672508 -0.038070
v -0.302441 0.701627 -0.038070
v -0.369803 0.732044 -0.038070
v -0.437425 0.762520 -0.038070
v -0.502604 0.791815 -0.038070
v -0.562637 0.818691 -0.038070
v -0.179311 0.645926 -0.028601
v -0.238043 0.672508 -0.028601
v -0.302441 0.701627 -0.028601
v -0.369803 0.732044 -0.028601
v -0.437425 0.762520 -0.028601
v -0.502604 0.791815 -0.028601
v -0.562637 0.818691 -0.028601
v -0.179311 0.645926 -0.019090
v -0.238043 0.672508 -0.019090
v -0.302441 0.701627 -0.019090
v -0.369803 0.732044 -0.019090
v -0.437425 0.762520 -0.019090
v -0.502604 0.791815 -0.019090
v -0.562637 0.818691 -0.019090
v -0.179311 0.645926 -0.009552
v -0.238043 0.672508 -0.009552
v -0.302441 0.701627 -0.009552
v -0.369803 0.732044 -0.009552
v -0.437425 0.762520 -0.009552
v -0.502604 0.791815 -0.009552
v -0.562637 0.818691 -0.009552
v 0.002440 0.566476 -0.009552
v 0.002440 0.566476 -0.019090
v 0.002440 0.566476 -0.028601
v 0.002440 0.566476 -0.038070
v 0.002440 0.566476 -0.047483
v 0.002440 0.566476 -0.056828
v 0.002440 0.566476 -0.066089
v 0.001614 0.566337 -0.009552
v 0.001614 0.566337 -0.019090
v 0.001614 0.566337 -0.028601
v 0.001614 0.566337 -0.038070
v 0.001614 0.566337 -0.047483
v 0.001614 0.566337 -0.056828
v 0.001614 0.566337 -0.066089
v 0.000803 0.566254 -0.009552
v 0.000803 0.566254 -0.019090
v 0.000803 0.566254 -0.028601
v 0.000803 0.566254 -0.038070
v 0.000803 0.566254 -0.047483
v 0.000803 0.566254 -0.056828
v 0.000803 0.566254 -0.066089
v 0.000000 0.566226 -0.009552
v 0.000000 0.566226 -0.019090
v 0.000000 0.566226 -0.028601
v 0.000000 0.566226 -0.038070
v 0.000000 0.566226 -0.047483
v 0.000000 0.566226 -0.056828
v 0.000000 0.566226 -0.066089
v -0.000802 0.566254 -0.009552
v -0.000802 0.566254 -0.019090
v -0.000802 0.566254 -0.028601
v -0.000802 0.566254 -0.038070
v -0.000802 0.566254 -0.047483
v -0.000802 0.566254 -0.056828
v -0.000802 0.566254 -0.066089
v -0.001612 0.566337 -0.009552
v -0.001612 0.566337 -0.019090
v -0.001612 0.566337 -0.028601
v -0.001612 0.566337 -0.038070
v -0.001612 0.566337 -0.047483
v -0.001612 0.566337 -0.056828
v -0.001612 0.566337 -0.066089
v -0.002437 0.566475 -0.009552
v -0.002437 0.566475 -0.019090
v -0.002437 0.566475 -0.028601
v -0.002437 0.566475 -0.038070
v -0.002437 0.566475 -0.047483
v -0.002437 0.566475 -0.056828
v -0.002437 0.566475 -0.066089
v 0.003644 -0.826398 -0.009552
v 0.003644 -0.826398 -0.019090
v 0.003644 -0.826398 -0.028601
v 0.003644 -0.826398 -0.038070
v 0.003644 -0.826398 -0.047483
v 0.003644 -0.826398 -0.056828
v 0.003644 -0.826398 -0.066089
v 0.007278 -0.825809 -0.009552
v 0.007278 -0.825809 -0.019090
v 0.007279 -0.825809 -0.028601
v 0.007279 -0.825809 -0.038070
v 0.007279 -0.825809 -0.047483
v 0.007278 -0.825809 -0.056828
v 0.007278 -0.825809 -0.066089
v 0.010896 -0.824832 -0.009552
v 0.010896 -0.824832 -0.019090
v 0.010896 -0.824832 -0.028601
v 0.010896 -0.824832 -0.038070
v 0.010896 -0.824832 -0.047483
v 0.010896 -0.824832 -0.056828
v 0.010896 -0.824832 -0.066089
v 0.014487 -0.823470 -0.009552
v 0.014487 -0.823470 -0.019090
v 0.014487 -0.823470 -0.028601
v 0.014487 -0.823470 -0.038070
v 0.014487 -0.823470 -0.047483
v 0.014487 -0.823470 -0.056828
v 0.014487 -0.823470 -0.066089
v 0.018044 -0.821728 -0.009552
v 0.018044 -0.821728 -0.019090
v 0.018044 -0.821728 -0.028601
v 0.018044 -0.821728 -0.038070
v 0.018044 -0.821728 -0.047483
v 0.018044 -0.821728 -0.056828
v 0.018044 -0.821728 -0.066089
v 0.021558 -0.819609 -0.009552
v 0.021557 -0.819609 -0.019090
v 0.021557 -0.819609 -0.028601
v 0.021557 -0.819609 -0.038070
v 0.021557 -0.819609 -0.047483
v 0.021558 -0.819609 -0.056828
v 0.021558 -0.819609 -0.066089
v 0.025019 -0.817117 -0.009552
v 0.025019 -0.817116 -0.019090
v 0.025019 -0.817116 -0.028601
v 0.025019 -0.817117 -0.038070
v 0.025019 -0.817117 -0.047483
v 0.025019 -0.817117 -0.056828
v 0.025019 -0.817117 -0.066089
v 0.004399 0.567021 -0.084290
v 0.006919 0.568050 -0.084290
v 0.012231 0.570374 -0.084290
v 0.021714 0.574613 -0.084290
v 0.036749 0.581388 -0.084290
v 0.058715 0.591318 -0.084290
v 0.088993 0.605023 -0.084290
v 0.004398 0.567001 -0.093094
v 0.006918 0.568030 -0.093094
v 0.012230 0.570353 -0.093094
v 0.021712 0.574592 -0.093094
v 0.036745 0.581366 -0.093094
v 0.058709 0.591295 -0.093094
v 0.088984 0.604999 -0.093094
v 0.004397 0.566947 -0.101543
v 0.006916 0.567975 -0.101543
v 0.012226 0.570298 -0.101543
v 0.021706 0.574536 -0.101543
v 0.036735 0.581308 -0.101543
v 0.058693 0.591234 -0.101543
v 0.088959 0.604934 -0.101543
v 0.004395 0.566841 -0.109518
v 0.006913 0.567869 -0.109518
v 0.012220 0.570191 -0.109518
v 0.021694 0.574426 -0.109518
v 0.036715 0.581195 -0.109518
v 0.058661 0.591116 -0.109518
v 0.088912 0.604808 -0.109518
v 0.004391 0.566667 -0.116895
v 0.006907 0.567694 -0.116895
v 0.012209 0.570014 -0.116895
v 0.021675 0.574246 -0.116895
v 0.036683 0.581008 -0.116895
v 0.058609 0.590920 -0.116895
v 0.088833 0.604601 -0.116895
v 0.004385 0.566408 -0.123553
v 0.006897 0.567433 -0.123553
v 0.012193 0.569750 -0.123553
v 0.021646 0.573976 -0.123553
v 0.036634 0.580730 -0.123553
v 0.058532 0.590629 -0.123553
v 0.088716 0.604291 -0.123553
v 0.004377 0.566045 -0.129371
v 0.006885 0.567069 -0.129371
v 0.012170 0.569381 -0.129371
v 0.021606 0.573600 -0.129371
v 0.036567 0.580341 -0.129371
v 0.058424 0.590222 -0.129371
v 0.088552 0.603859 -0.129371
v -0.025019 -0.817117 -0.009552
v -0.025019 -0.817117 -0.019090
v -0.025018 -0.817116 -0.028601
v -0.025018 -0.817117 -0.038070
v -0.025018 -0.817116 -0.047483
v -0.025018 -0.817117 -0.056828
v -0.025018 -0.817117 -0.066089
v -0.021557 -0.819609 -0.009552
v -0.021557 -0.819609 -0.019090
v -0.021557 -0.819609 -0.028601
v -0.021557 -0.819609 -0.038070
v -0.021557 -0.819609 -0.047483
v -0.021557 -0.819609 -0.056828
v -0.021557 -0.819609 -0.066089
v -0.018044 -0.821728 -0.009552
v -0.018044 -0.821728 -0.019090
v -0.018044 -0.821728 -0.028601
v -0.018044 -0.821728 -0.038070
v -0.018044 -0.821728 -0.047483
v -0.018044 -0.821728 -0.056828
v -0.018044 -0.821728 -0.066089
v -0.014487 -0.823470 -0.009552
v -0.014487 -0.823470 -0.019090
v -0.014487 -0.823470 -0.028601
v -0.014487 -0.823470 -0.038070
v -0.014487 -0.823470 -0.047483
v -0.014487 -0.823470 -0.056828
v -0.014487 -0.823470 -0.066089
v -0.010896 -0.824832 -0.009552
v -0.010895 -0.824832 -0.019090
v -0.010895 -0.824832 -0.028601
v -0.010895 -0.824832 -0.038070
v -0.010895 -0.824832 -0.047483
v -0.010895 -0.824832 -0.056828
v -0.010896 -0.824832 -0.066089
v -0.007278 -0.825809 -0.009552
v -0.007278 -0.825809 -0.019090
v -0.007278 -0.825809 -0.028601
v -0.007278 -0.825809 -0.038070
v -0.007278 -0.825809 -0.047483
v -0.007278 -0.825809 -0.056828
v -0.007278 -0.825809 -0.066089
v -0.003643 -0.826398 -0.009552
v -0.003643 -0.826398 -0.019090
v -0.003643 -0.826398 -0.028601
v -0.003643 -0.826398 -0.038070
v -0.003643 -0.826398 -0.047483
v -0.003643 -0.826398 -0.056828
v -0.003643 -0.826398 -0.066089
v -0.004393 0.567018 -0.084290
v -0.004393 0.566998 -0.093094
v -0.004391 0.566944 -0.101543
v -0.004389 0.566839 -0.109518
v -0.004385 0.566665 -0.116895
v -0.004379 0.566405 -0.123553
v -0.004371 0.566043 -0.129371
v -0.006912 0.568046 -0.084290
v -0.006911 0.568026 -0.093094
v -0.006909 0.567972 -0.101543
v -0.006905 0.567866 -0.109518
v -0.006899 0.567691 -0.116895
v -0.006890 0.567430 -0.123553
v -0.006877 0.567065 -0.129371
v -0.012221 0.570369 -0.084290
v -0.012220 0.570349 -0.093094
v -0.012217 0.570294 -0.101543
v -0.012210 0.570187 -0.109518
v -0.012200 0.570010 -0.116895
v -0.012183 0.569746 -0.123553
v -0.012161 0.569377 -0.129371
v -0.021703 0.574608 -0.084290
v -0.021701 0.574587 -0.093094
v -0.021695 0.574531 -0.101543
v -0.021683 0.574421 -0.109518
v -0.021664 0.574241 -0.116895
v -0.021635 0.573971 -0.123553
v -0.021595 0.573595 -0.129371
v -0.036736 0.581382 -0.084290
v -0.036732 0.581360 -0.093094
v -0.036722 0.581302 -0.101543
v -0.036702 0.581189 -0.109518
v -0.036670 0.581002 -0.116895
v -0.036621 0.580724 -0.123553
v -0.036554 0.580335 -0.129371
v -0.058701 0.591311 -0.084290
v -0.058695 0.591289 -0.093094
v -0.058678 0.591228 -0.101543
v -0.058647 0.591109 -0.109518
v -0.058595 0.590914 -0.116895
v -0.058518 0.590622 -0.123553
v -0.058410 0.590215 -0.129371
v -0.088978 0.605016 -0.084290
v -0.088969 0.604992 -0.093094
v -0.088944 0.604927 -0.101543
v -0.088896 0.604801 -0.109518
v -0.088818 0.604594 -0.116895
v -0.088701 0.604284 -0.123553
v -0.088537 0.603852 -0.129371
v -0.223098 -0.397068 -0.138043
v -0.283544 -0.265813 -0.138043
v -0.349452 -0.122367 -0.138043
v -0.418040 0.027193 -0.138043
v -0.486527 0.176792 -0.138043
v -0.552131 0.320353 -0.138043
v -0.612071 0.451801 -0.138043
v -0.221908 -0.392978 -0.140910
v -0.282032 -0.262422 -0.140910
v -0.347588 -0.119742 -0.140910
v -0.415811 0.029021 -0.140910
v -0.483932 0.177822 -0.140910
v -0.549186 0.320618 -0.140910
v -0.608806 0.451364 -0.140910
v -0.220000 -0.386417 -0.142964
v -0.279607 -0.256985 -0.142964
v -0.344600 -0.115531 -0.142964
v -0.412235 0.031953 -0.142964
v -0.479771 0.179475 -0.142964
v -0.544464 0.321042 -0.142964
v -0.603572 0.450665 -0.142964
v -0.217093 -0.376422 -0.144341
v -0.275912 -0.248700 -0.144341
v -0.340046 -0.109115 -0.144341
v -0.406788 0.036420 -0.144341
v -0.473431 0.181992 -0.144341
v -0.537269 0.321689 -0.144341
v -0.595595 0.449598 -0.144341
v -0.212905 -0.362026 -0.145176
v -0.270590 -0.236767 -0.145176
v -0.333487 -0.099874 -0.145176
v -0.398942 0.042853 -0.145176
v -0.464300 0.185618 -0.145176
v -0.526906 0.322620 -0.145176
v -0.584108 0.448063 -0.145176
v -0.207157 -0.342263 -0.145605
v -0.263285 -0.220386 -0.145605
v -0.324484 -0.087189 -0.145605
v -0.388171 0.051685 -0.145605
v -0.451765 0.190595 -0.145605
v -0.512681 0.323899 -0.145605
v -0.568338 0.445954 -0.145605
v -0.199568 -0.316169 -0.145763
v -0.253639 -0.198757 -0.145763
v -0.312596 -0.070440 -0.145763
v -0.373950 0.063346 -0.145763
v -0.435213 0.197167 -0.145763
v -0.493898 0.325587 -0.145763
v -0.547516 0.443171 -0.145763
v 0.761999 0.896233 -0.138043
v 0.765852 0.895938 -0.138043
v 0.769465 0.895345 -0.138043
v 0.772831 0.894457 -0.138043
v 0.775943 0.893276 -0.138043
v 0.778791 0.891805 -0.138043
v 0.781368 0.890046 -0.138043
v 0.757935 0.893427 -0.140910
v 0.761767 0.893133 -0.140910
v 0.765362 0.892544 -0.140910
v 0.768710 0.891660 -0.140910
v 0.771805 0.890486 -0.140910
v 0.774638 0.889022 -0.140910
v 0.777201 0.887273 -0.140910
v 0.751418 0.888926 -0.142964
v 0.755217 0.888635 -0.142964
v 0.758781 0.888050 -0.142964
v 0.762100 0.887175 -0.142964
v 0.765168 0.886010 -0.142964
v 0.767977 0.884559 -0.142964
v 0.770518 0.882825 -0.142964
v 0.741488 0.882068 -0.144341
v 0.745237 0.881781 -0.144341
v 0.748754 0.881204 -0.144341
v 0.752029 0.880340 -0.144341
v 0.755057 0.879191 -0.144341
v 0.757828 0.877759 -0.144341
v 0.760336 0.876048 -0.144341
v 0.727187 0.872191 -0.145176
v 0.730864 0.871909 -0.145176
v 0.734312 0.871344 -0.145176
v 0.737524 0.870496 -0.145176
v 0.740493 0.869369 -0.145176
v 0.743211 0.867965 -0.145176
v 0.745671 0.866287 -0.145176
v 0.707554 0.858632 -0.145605
v 0.711132 0.858358 -0.145605
v 0.714487 0.857808 -0.145605
v 0.717613 0.856983 -0.145605
v 0.720502 0.855887 -0.145605
v 0.723146 0.854521 -0.145605
v 0.725540 0.852887 -0.145605
v 0.681632 0.840730 -0.145763
v 0.685079 0.840466 -0.145763
v 0.688311 0.839936 -0.145763
v 0.691322 0.839141 -0.145763
v 0.694105 0.838085 -0.145763
v 0.696653 0.836769 -0.145763
v 0.698958 0.835195 -0.145763
v 0.177399 0.642966 -0.138043
v 0.235498 0.669262 -0.138043
v 0.299203 0.698068 -0.138043
v 0.365839 0.728157 -0.138043
v 0.432732 0.758305 -0.138043
v 0.497209 0.787284 -0.138043
v 0.556594 0.813870 -0.138043
v 0.176453 0.641510 -0.140910
v 0.234243 0.667666 -0.140910
v 0.297608 0.696318 -0.140910
v 0.363888 0.726247 -0.140910
v 0.430424 0.756234 -0.140910
v 0.494557 0.785059 -0.140910
v 0.553626 0.811503 -0.140910
v 0.174936 0.639176 -0.142964
v 0.232228 0.665106 -0.142964
v 0.295049 0.693512 -0.142964
v 0.360759 0.723184 -0.142964
v 0.426723 0.752913 -0.142964
v 0.490304 0.781490 -0.142964
v 0.548865 0.807707 -0.142964
v 0.172624 0.635618 -0.144341
v 0.229160 0.661206 -0.144341
v 0.291150 0.689237 -0.144341
v 0.355992 0.718516 -0.144341
v 0.421084 0.747852 -0.144341
v 0.483825 0.776052 -0.144341
v 0.541612 0.801922 -0.144341
v 0.169294 0.630494 -0.145176
v 0.224740 0.655589 -0.145176
v 0.285534 0.683079 -0.145176
v 0.349126 0.711794 -0.145176
v 0.412963 0.740564 -0.145176
v 0.474493 0.768219 -0.145176
v 0.531166 0.793591 -0.145176
v 0.164724 0.623461 -0.145605
v 0.218672 0.647878 -0.145605
v 0.277825 0.674626 -0.145605
v 0.339700 0.702565 -0.145605
v 0.401814 0.730559 -0.145605
v 0.461683 0.757468 -0.145605
v 0.516826 0.782154 -0.145605
v 0.158689 0.614174 -0.145763
v 0.210661 0.637697 -0.145763
v 0.267647 0.663464 -0.145763
v 0.327255 0.690380 -0.145763
v 0.387093 0.717348 -0.145763
v 0.444769 0.743271 -0.145763
v 0.497891 0.767053 -0.145763
v 0.650056 0.855257 -0.138043
v 0.682734 0.869400 -0.138043
v 0.707528 0.879833 -0.138043
v 0.725714 0.887125 -0.138043
v 0.738569 0.891842 -0.138043
v 0.747369 0.894553 -0.138043
v 0.753392 0.895826 -0.138043
v 0.646589 0.852669 -0.140910
v 0.679093 0.866737 -0.140910
v 0.703755 0.877114 -0.140910
v 0.721844 0.884367 -0.140910
v 0.734630 0.889059 -0.140910
v 0.743383 0.891756 -0.140910
v 0.749374 0.893022 -0.140910
v 0.641029 0.848519 -0.142964
v 0.673254 0.862465 -0.142964
v 0.697704 0.872754 -0.142964
v 0.715637 0.879944 -0.142964
v 0.728313 0.884596 -0.142964
v 0.736991 0.887269 -0.142964
v 0.742931 0.888524 -0.142964
v 0.632558 0.842195 -0.144341
v 0.664357 0.855957 -0.144341
v 0.688484 0.866109 -0.144341
v 0.706180 0.873205 -0.144341
v 0.718689 0.877795 -0.144341
v 0.727252 0.880433 -0.144341
v 0.733113 0.881672 -0.144341
v 0.620358 0.833087 -0.145176
v 0.651543 0.846584 -0.145176
v 0.675205 0.856540 -0.145176
v 0.692560 0.863498 -0.145176
v 0.704827 0.868000 -0.145176
v 0.713225 0.870588 -0.145176
v 0.718973 0.871802 -0.145176
v 0.603609 0.820584 -0.145605
v 0.633953 0.833716 -0.145605
v 0.656976 0.843404 -0.145605
v 0.673862 0.850174 -0.145605
v 0.685798 0.854555 -0.145605
v 0.693970 0.857072 -0.145605
v 0.699562 0.858254 -0.145605
v 0.581495 0.804075 -0.145763
v 0.610727 0.816726 -0.145763
v 0.632906 0.826059 -0.145763
v 0.649174 0.832582 -0.145763
v 0.660673 0.836802 -0.145763
v 0.668545 0.839227 -0.145763
v 0.673933 0.840365 -0.145763
v -0.088022 0.602493 -0.138043
v -0.058070 0.588935 -0.138043
v -0.036341 0.579112 -0.138043
v -0.021470 0.572411 -0.138043
v -0.012090 0.568218 -0.138043
v -0.006837 0.565920 -0.138043
v -0.004346 0.564903 -0.138043
v -0.087553 0.601253 -0.140910
v -0.057761 0.587767 -0.140910
v -0.036148 0.577997 -0.140910
v -0.021355 0.571332 -0.140910
v -0.012026 0.567161 -0.140910
v -0.006801 0.564875 -0.140910
v -0.004323 0.563864 -0.140910
v -0.086800 0.599264 -0.142964
v -0.057264 0.585895 -0.142964
v -0.035837 0.576208 -0.142964
v -0.021172 0.569600 -0.142964
v -0.011922 0.565466 -0.142964
v -0.006743 0.563199 -0.142964
v -0.004285 0.562196 -0.142964
v -0.085653 0.596234 -0.144341
v -0.056507 0.583041 -0.144341
v -0.035363 0.573483 -0.144341
v -0.020892 0.566962 -0.144341
v -0.011765 0.562882 -0.144341
v -0.006653 0.560646 -0.144341
v -0.004229 0.559656 -0.144341
v -0.084001 0.591870 -0.145176
v -0.055417 0.578932 -0.145176
v -0.034681 0.569558 -0.145176
v -0.020489 0.563163 -0.145176
v -0.011538 0.559161 -0.145176
v -0.006525 0.556968 -0.145176
v -0.004147 0.555998 -0.145176
v -0.081733 0.585879 -0.145605
v -0.053921 0.573291 -0.145605
v -0.033745 0.564170 -0.145605
v -0.019936 0.557947 -0.145605
v -0.011226 0.554054 -0.145605
v -0.006349 0.551920 -0.145605
v -0.004035 0.550976 -0.145605
v -0.078739 0.577970 -0.145763
v -0.051946 0.565842 -0.145763
v -0.032508 0.557055 -0.145763
v -0.019205 0.551061 -0.145763
v -0.010815 0.547310 -0.145763
v -0.006116 0.545254 -0.145763
v -0.003887 0.544345 -0.145763
v 0.129021 -0.600215 -0.138043
v 0.096785 -0.669028 -0.138043
v 0.072801 -0.719493 -0.138043
v 0.055681 -0.754609 -0.138043
v 0.044039 -0.777372 -0.138043
v 0.036488 -0.790781 -0.138043
v 0.031642 -0.797833 -0.138043
v 0.128333 -0.595041 -0.140910
v 0.096269 -0.663487 -0.140910
v 0.072413 -0.713683 -0.140910
v 0.055384 -0.748612 -0.140910
v 0.043804 -0.771253 -0.140910
v 0.036294 -0.784591 -0.140910
v 0.031473 -0.791605 -0.140910
v 0.127229 -0.586743 -0.142964
v 0.095441 -0.654601 -0.142964
v 0.071790 -0.704365 -0.142964
v 0.054908 -0.738993 -0.142964
v 0.043427 -0.761441 -0.142964
v 0.035982 -0.774663 -0.142964
v 0.031203 -0.781617 -0.142964
v 0.125548 -0.574100 -0.144341
v 0.094180 -0.641061 -0.144341
v 0.070841 -0.690168 -0.144341
v 0.054182 -0.724339 -0.144341
v 0.042854 -0.746489 -0.144341
v 0.035506 -0.759537 -0.144341
v 0.030791 -0.766399 -0.144341
v 0.123127 -0.555891 -0.145177
v 0.092364 -0.621560 -0.145177
v 0.069475 -0.669721 -0.145177
v 0.053137 -0.703232 -0.145177
v 0.042027 -0.724955 -0.145177
v 0.034821 -0.737751 -0.145177
v 0.030197 -0.744481 -0.145177
v 0.119803 -0.530895 -0.145605
v 0.089870 -0.594791 -0.145605
v 0.067599 -0.641651 -0.145605
v 0.051703 -0.674258 -0.145605
v 0.040892 -0.695394 -0.145605
v 0.033881 -0.707845 -0.145605
v 0.029381 -0.714393 -0.145605
v 0.115413 -0.497890 -0.145763
v 0.086578 -0.559446 -0.145763
v 0.065123 -0.604588 -0.145763
v 0.049808 -0.636000 -0.145763
v 0.039394 -0.656363 -0.145763
v 0.032640 -0.668357 -0.145763
v 0.028305 -0.674666 -0.145763
v -0.556589 0.813868 -0.138043
v -0.497201 0.787281 -0.138042
v -0.432723 0.758300 -0.138043
v -0.365828 0.728152 -0.138043
v -0.299190 0.698062 -0.138043
v -0.235484 0.669256 -0.138043
v -0.177384 0.642959 -0.138043
v -0.553621 0.811500 -0.140910
v -0.494550 0.785055 -0.140910
v -0.430415 0.756230 -0.140910
v -0.363877 0.726242 -0.140910
v -0.297595 0.696312 -0.140910
v -0.234228 0.667660 -0.140910
v -0.176438 0.641503 -0.140910
v -0.548860 0.807704 -0.142964
v -0.490297 0.781486 -0.142964
v -0.426714 0.752908 -0.142964
v -0.360748 0.723179 -0.142964
v -0.295036 0.693506 -0.142964
v -0.232214 0.665100 -0.142964
v -0.174921 0.639169 -0.142964
v -0.541607 0.801919 -0.144341
v -0.483818 0.776048 -0.144341
v -0.421075 0.747848 -0.144341
v -0.355981 0.718511 -0.144341
v -0.291137 0.689231 -0.144341
v -0.229146 0.661200 -0.144341
v -0.172609 0.635611 -0.144341
v -0.531161 0.793588 -0.145176
v -0.474486 0.768216 -0.145176
v -0.412954 0.740560 -0.145176
v -0.349115 0.711789 -0.145176
v -0.285522 0.683073 -0.145176
v -0.224726 0.655583 -0.145176
v -0.169280 0.630488 -0.145176
v -0.516820 0.782152 -0.145605
v -0.461676 0.757465 -0.145605
v -0.401805 0.730555 -0.145605
v -0.339690 0.702561 -0.145605
v -0.277813 0.674620 -0.145605
v -0.218659 0.647872 -0.145605
v -0.164710 0.623455 -0.145605
v -0.497886 0.767051 -0.145763
v -0.444762 0.743268 -0.145763
v -0.387084 0.717344 -0.145763
v -0.327245 0.690376 -0.145763
v -0.267635 0.663459 -0.145763
v -0.210648 0.637691 -0.145763
v -0.158675 0.614168 -0.145763
v 0.004351 0.564906 -0.138043
v 0.006845 0.565923 -0.138043
v 0.012100 0.568222 -0.138043
v 0.021481 0.572416 -0.138043
v 0.036354 0.579118 -0.138043
v 0.058085 0.588942 -0.138043
v 0.088038 0.602500 -0.138043
v 0.004328 0.563866 -0.140910
v 0.006808 0.564878 -0.140910
v 0.012035 0.567165 -0.140910
v 0.021366 0.571337 -0.140910
v 0.036160 0.578003 -0.140910
v 0.057775 0.587774 -0.140910
v 0.087568 0.601260 -0.140910
v 0.004291 0.562199 -0.142964
v 0.006750 0.563202 -0.142964
v 0.011932 0.565470 -0.142964
v 0.021183 0.569605 -0.142964
v 0.035849 0.576214 -0.142964
v 0.057278 0.585901 -0.142964
v 0.086815 0.599271 -0.142964
v 0.004234 0.559659 -0.144341
v 0.006661 0.560649 -0.144341
v 0.011774 0.562886 -0.144341
v 0.020903 0.566967 -0.144341
v 0.035376 0.573489 -0.144341
v 0.056521 0.583048 -0.144341
v 0.085668 0.596241 -0.144341
v 0.004153 0.556000 -0.145176
v 0.006532 0.556971 -0.145176
v 0.011547 0.559165 -0.145176
v 0.020500 0.563168 -0.145176
v 0.034693 0.569564 -0.145176
v 0.055431 0.578938 -0.145176
v 0.084016 0.591877 -0.145176
v 0.004040 0.550978 -0.145605
v 0.006356 0.551923 -0.145605
v 0.011235 0.554058 -0.145605
v 0.019946 0.557952 -0.145605
v 0.033757 0.564175 -0.145605
v 0.053935 0.573297 -0.145605
v 0.081747 0.585886 -0.145605
v 0.003893 0.544347 -0.145763
v 0.006123 0.545257 -0.145763
v 0.010824 0.547314 -0.145763
v 0.019215 0.551065 -0.145763
v 0.032520 0.557060 -0.145763
v 0.051959 0.565848 -0.145763
v 0.078752 0.577976 -0.145763
v -0.704523 0.655564 -0.138043
v -0.735619 0.724809 -0.138042
v -0.758219 0.775800 -0.138042
v -0.773686 0.811542 -0.138042
v -0.783388 0.835041 -0.138042
v -0.788688 0.849304 -0.138042
v -0.790952 0.857335 -0.138042
v -0.700766 0.654041 -0.140910
v -0.731696 0.722916 -0.140910
v -0.754175 0.773635 -0.140910
v -0.769561 0.809187 -0.140910
v -0.779210 0.832561 -0.140910
v -0.784482 0.846748 -0.140910
v -0.786734 0.854736 -0.140910
v -0.694740 0.651598 -0.142964
v -0.725405 0.719882 -0.142964
v -0.747690 0.770165 -0.142964
v -0.762943 0.805410 -0.142964
v -0.772510 0.828584 -0.142964
v -0.777737 0.842648 -0.142964
v -0.779969 0.850568 -0.142964
v -0.685559 0.647877 -0.144341
v -0.715819 0.715258 -0.144341
v -0.737810 0.764876 -0.144341
v -0.752861 0.799656 -0.144341
v -0.762301 0.822523 -0.144341
v -0.767459 0.836402 -0.144341
v -0.769662 0.844217 -0.144341
v -0.672336 0.642516 -0.145176
v -0.702012 0.708598 -0.145176
v -0.723579 0.757259 -0.145176
v -0.738340 0.791369 -0.145176
v -0.747598 0.813795 -0.145176
v -0.752656 0.827406 -0.145176
v -0.754817 0.835070 -0.145176
v -0.654185 0.635158 -0.145605
v -0.683059 0.699456 -0.145605
v -0.704044 0.746804 -0.145605
v -0.718407 0.779992 -0.145605
v -0.727415 0.801812 -0.145605
v -0.732336 0.815056 -0.145605
v -0.734439 0.822513 -0.145605
v -0.630218 0.625443 -0.145763
v -0.658034 0.687385 -0.145763
v -0.678250 0.732998 -0.145763
v -0.692087 0.764971 -0.145763
v -0.700765 0.785992 -0.145763
v -0.705506 0.798750 -0.145763
v -0.707531 0.805934 -0.145763
v 0.024750 -0.804356 -0.138043
v 0.021326 -0.806821 -0.138043
v 0.017850 -0.808918 -0.138043
v 0.014332 -0.810641 -0.138043
v 0.010779 -0.811988 -0.138043
v 0.007200 -0.812955 -0.138043
v 0.003604 -0.813538 -0.138043
v 0.024618 -0.798094 -0.140910
v 0.021212 -0.800546 -0.140910
v 0.017755 -0.802631 -0.140910
v 0.014255 -0.804345 -0.140910
v 0.010721 -0.805685 -0.140910
v 0.007162 -0.806647 -0.140910
v 0.003585 -0.807226 -0.140910
v 0.024406 -0.788050 -0.142964
v 0.021030 -0.790481 -0.142964
v 0.017602 -0.792548 -0.142964
v 0.014133 -0.794248 -0.142964
v 0.010629 -0.795576 -0.142964
v 0.007100 -0.796529 -0.142964
v 0.003554 -0.797104 -0.142964
v 0.024084 -0.772747 -0.144341
v 0.020752 -0.775146 -0.144341
v 0.017370 -0.777186 -0.144341
v 0.013946 -0.778863 -0.144341
v 0.010489 -0.780174 -0.144341
v 0.007007 -0.781114 -0.144341
v 0.003507 -0.781681 -0.144341
v 0.023619 -0.750706 -0.145177
v 0.020352 -0.753059 -0.145177
v 0.017035 -0.755060 -0.145177
v 0.013677 -0.756704 -0.145177
v 0.010286 -0.757990 -0.145177
v 0.006871 -0.758912 -0.145177
v 0.003440 -0.759468 -0.145177
v 0.022982 -0.720450 -0.145605
v 0.019802 -0.722740 -0.145605
v 0.016575 -0.724686 -0.145605
v 0.013308 -0.726287 -0.145605
v 0.010009 -0.727537 -0.145605
v 0.006686 -0.728435 -0.145605
v 0.003347 -0.728976 -0.145605
v 0.022140 -0.680501 -0.145763
v 0.019077 -0.682706 -0.145763
v 0.015968 -0.684582 -0.145763
v 0.012820 -0.686123 -0.145763
v 0.009642 -0.687328 -0.145763
v 0.006441 -0.688193 -0.145763
v 0.003224 -0.688714 -0.145763
v -0.791605 0.866225 -0.138042
v -0.791362 0.870082 -0.138042
v -0.790818 0.873703 -0.138042
v -0.789975 0.877081 -0.138042
v -0.788836 0.880208 -0.138042
v -0.787404 0.883075 -0.138042
v -0.785680 0.885676 -0.138042
v -0.787384 0.863579 -0.140910
v -0.787142 0.867415 -0.140910
v -0.786601 0.871017 -0.140910
v -0.785762 0.874376 -0.140910
v -0.784630 0.877487 -0.140910
v -0.783205 0.880339 -0.140910
v -0.781490 0.882926 -0.140910
v -0.780613 0.859334 -0.142964
v -0.780374 0.863137 -0.142964
v -0.779837 0.866708 -0.142964
v -0.779006 0.870039 -0.142964
v -0.777883 0.873123 -0.142964
v -0.776470 0.875951 -0.142964
v -0.774770 0.878515 -0.142964
v -0.770298 0.852868 -0.144341
v -0.770061 0.856620 -0.144341
v -0.769532 0.860144 -0.144341
v -0.768712 0.863431 -0.144341
v -0.767603 0.866474 -0.144341
v -0.766209 0.869264 -0.144341
v -0.764532 0.871795 -0.144341
v -0.755441 0.843554 -0.145176
v -0.755208 0.847234 -0.145176
v -0.754689 0.850690 -0.145176
v -0.753885 0.853913 -0.145176
v -0.752798 0.856897 -0.145176
v -0.751431 0.859634 -0.145176
v -0.749786 0.862116 -0.145176
v -0.735045 0.830768 -0.145605
v -0.734819 0.834349 -0.145605
v -0.734314 0.837712 -0.145605
v -0.733532 0.840848 -0.145605
v -0.732474 0.843752 -0.145605
v -0.731144 0.846414 -0.145605
v -0.729543 0.848829 -0.145605
v -0.708116 0.813886 -0.145763
v -0.707898 0.817336 -0.145763
v -0.707412 0.820576 -0.145763
v -0.706658 0.823597 -0.145763
v -0.705639 0.826394 -0.145763
v -0.704357 0.828959 -0.145763
v -0.702815 0.831286 -0.145763
v -0.003604 -0.813538 -0.138043
v -0.007200 -0.812955 -0.138043
v -0.010778 -0.811988 -0.138043
v -0.014331 -0.810641 -0.138043
v -0.017850 -0.808918 -0.138043
v -0.021325 -0.806821 -0.138043
v -0.024750 -0.804356 -0.138043
v -0.003585 -0.807226 -0.140910
v -0.007161 -0.806647 -0.140910
v -0.010721 -0.805685 -0.140910
v -0.014255 -0.804345 -0.140910
v -0.017754 -0.802631 -0.140910
v -0.021212 -0.800546 -0.140910
v -0.024618 -0.798093 -0.140910
v -0.003554 -0.797104 -0.142964
v -0.007100 -0.796529 -0.142964
v -0.010629 -0.795576 -0.142964
v -0.014132 -0.794248 -0.142964
v -0.017602 -0.792548 -0.142964
v -0.021029 -0.790481 -0.142964
v -0.024406 -0.788050 -0.142964
v -0.003507 -0.781681 -0.144341
v -0.007006 -0.781114 -0.144341
v -0.010488 -0.780174 -0.144341
v -0.013945 -0.778863 -0.144341
v -0.017369 -0.777186 -0.144341
v -0.020751 -0.775146 -0.144341
v -0.024083 -0.772747 -0.144341
v -0.003439 -0.759469 -0.145177
v -0.006871 -0.758912 -0.145177
v -0.010286 -0.757990 -0.145177
v -0.013676 -0.756704 -0.145177
v -0.017034 -0.755060 -0.145177
v -0.020351 -0.753059 -0.145177
v -0.023619 -0.750706 -0.145177
v -0.003347 -0.728976 -0.145605
v -0.006685 -0.728435 -0.145605
v -0.010008 -0.727537 -0.145605
v -0.013307 -0.726287 -0.145605
v -0.016574 -0.724686 -0.145605
v -0.019802 -0.722740 -0.145605
v -0.022981 -0.720450 -0.145605
v -0.003224 -0.688714 -0.145763
v -0.006440 -0.688193 -0.145763
v -0.009641 -0.687328 -0.145763
v -0.012820 -0.686123 -0.145763
v -0.015967 -0.684582 -0.145763
v -0.019076 -0.682706 -0.145763
v -0.022139 -0.680501 -0.145763
v -0.781368 0.890046 -0.138042
v -0.778791 0.891805 -0.138042
v -0.775943 0.893276 -0.138042
v -0.772832 0.894457 -0.138042
v -0.769465 0.895345 -0.138042
v -0.765852 0.895938 -0.138042
v -0.761999 0.896233 -0.138042
v -0.777201 0.887273 -0.140910
v -0.774638 0.889022 -0.140910
v -0.771805 0.890485 -0.140910
v -0.768710 0.891660 -0.140910
v -0.765362 0.892543 -0.140910
v -0.761768 0.893133 -0.140910
v -0.757935 0.893427 -0.140910
v -0.770518 0.882825 -0.142964
v -0.767977 0.884559 -0.142964
v -0.765168 0.886010 -0.142964
v -0.762100 0.887174 -0.142964
v -0.758781 0.888050 -0.142964
v -0.755218 0.888635 -0.142964
v -0.751418 0.888926 -0.142964
v -0.760336 0.876047 -0.144341
v -0.757828 0.877759 -0.144341
v -0.755057 0.879191 -0.144341
v -0.752029 0.880340 -0.144341
v -0.748754 0.881204 -0.144341
v -0.745237 0.881781 -0.144341
v -0.741488 0.882068 -0.144341
v -0.745671 0.866286 -0.145176
v -0.743212 0.867965 -0.145176
v -0.740493 0.869369 -0.145176
v -0.737525 0.870496 -0.145176
v -0.734312 0.871343 -0.145176
v -0.730864 0.871909 -0.145176
v -0.727187 0.872191 -0.145176
v -0.725540 0.852887 -0.145605
v -0.723146 0.854520 -0.145605
v -0.720502 0.855886 -0.145605
v -0.717613 0.856983 -0.145605
v -0.714487 0.857808 -0.145605
v -0.711132 0.858358 -0.145605
v -0.707554 0.858632 -0.145605
v -0.698958 0.835195 -0.145763
v -0.696653 0.836768 -0.145763
v -0.694105 0.838084 -0.145763
v -0.691322 0.839141 -0.145763
v -0.688311 0.839935 -0.145763
v -0.685078 0.840466 -0.145763
v -0.681632 0.840730 -0.145763
v -0.031642 -0.797833 -0.138043
v -0.036488 -0.790781 -0.138043
v -0.044039 -0.777372 -0.138043
v -0.055681 -0.754609 -0.138043
v -0.072800 -0.719493 -0.138043
v -0.096785 -0.669028 -0.138043
v -0.129021 -0.600215 -0.138043
v -0.031473 -0.791605 -0.140910
v -0.036293 -0.784591 -0.140910
v -0.043804 -0.771253 -0.140910
v -0.055384 -0.748612 -0.140910
v -0.072412 -0.713683 -0.140910
v -0.096269 -0.663487 -0.140910
v -0.128333 -0.595041 -0.140910
v -0.031202 -0.781617 -0.142964
v -0.035981 -0.774663 -0.142964
v -0.043427 -0.761441 -0.142964
v -0.054907 -0.738993 -0.142964
v -0.071790 -0.704365 -0.142964
v -0.095441 -0.654601 -0.142964
v -0.127229 -0.586743 -0.142964
v -0.030790 -0.766399 -0.144341
v -0.035506 -0.759537 -0.144341
v -0.042853 -0.746489 -0.144341
v -0.054182 -0.724339 -0.144341
v -0.070841 -0.690168 -0.144341
v -0.094180 -0.641061 -0.144341
v -0.125548 -0.574100 -0.144341
v -0.030196 -0.744481 -0.145177
v -0.034821 -0.737751 -0.145177
v -0.042027 -0.724955 -0.145177
v -0.053137 -0.703232 -0.145177
v -0.069475 -0.669721 -0.145176
v -0.092363 -0.621561 -0.145176
v -0.123126 -0.555891 -0.145176
v -0.029381 -0.714393 -0.145605
v -0.033881 -0.707845 -0.145605
v -0.040892 -0.695394 -0.145605
v -0.051702 -0.674258 -0.145605
v -0.067599 -0.641651 -0.145605
v -0.089870 -0.594791 -0.145605
v -0.119802 -0.530895 -0.145605
v -0.028304 -0.674666 -0.145763
v -0.032639 -0.668358 -0.145763
v -0.039394 -0.656363 -0.145763
v -0.049808 -0.636000 -0.145763
v -0.065122 -0.604588 -0.145763
v -0.086577 -0.559446 -0.145763
v -0.115413 -0.497890 -0.145763
v -0.753392 0.895826 -0.138042
v -0.747369 0.894553 -0.138042
v -0.738569 0.891842 -0.138042
v -0.725714 0.887124 -0.138042
v -0.707527 0.879833 -0.138042
v -0.682733 0.869399 -0.138042
v -0.650053 0.855256 -0.138042
v -0.749374 0.893021 -0.140910
v -0.743384 0.891755 -0.140910
v -0.734630 0.889059 -0.140910
v -0.721844 0.884366 -0.140910
v -0.703754 0.877114 -0.140910
v -0.679092 0.866736 -0.140910
v -0.646587 0.852668 -0.140910
v -0.742931 0.888524 -0.142964
v -0.736991 0.887269 -0.142964
v -0.728313 0.884595 -0.142964
v -0.715637 0.879943 -0.142964
v -0.697703 0.872753 -0.142964
v -0.673253 0.862464 -0.142964
v -0.641027 0.848517 -0.142964
v -0.733113 0.881672 -0.144341
v -0.727252 0.880433 -0.144341
v -0.718689 0.877795 -0.144341
v -0.706180 0.873204 -0.144341
v -0.688483 0.866109 -0.144341
v -0.664356 0.855956 -0.144341
v -0.632556 0.842194 -0.144341
v -0.718973 0.871802 -0.145176
v -0.713225 0.870587 -0.145176
v -0.704827 0.868000 -0.145176
v -0.692559 0.863498 -0.145176
v -0.675204 0.856540 -0.145176
v -0.651542 0.846583 -0.145176
v -0.620355 0.833086 -0.145176
v -0.699562 0.858254 -0.145605
v -0.693970 0.857072 -0.145605
v -0.685798 0.854555 -0.145605
v -0.673862 0.850174 -0.145605
v -0.656975 0.843403 -0.145605
v -0.633952 0.833715 -0.145605
v -0.603607 0.820583 -0.145605
v -0.673933 0.840365 -0.145763
v -0.668545 0.839227 -0.145763
v -0.660673 0.836801 -0.145763
v -0.649174 0.832581 -0.145763
v -0.632905 0.826059 -0.145763
v -0.610726 0.816726 -0.145763
v -0.581493 0.804074 -0.145763
v -0.002411 0.564363 -0.138043
v -0.001595 0.564226 -0.138043
v -0.000793 0.564144 -0.138043
v 0.000000 0.564117 -0.138043
v 0.000794 0.564144 -0.138043
v 0.001596 0.564227 -0.138043
v 0.002414 0.564364 -0.138043
v -0.002398 0.563326 -0.140910
v -0.001586 0.563190 -0.140910
v -0.000789 0.563108 -0.140910
v 0.000000 0.563081 -0.140910
v 0.000790 0.563109 -0.140910
v 0.001588 0.563191 -0.140910
v 0.002401 0.563327 -0.140910
v -0.002377 0.561664 -0.142964
v -0.001572 0.561529 -0.142964
v -0.000782 0.561448 -0.142964
v 0.000000 0.561421 -0.142964
v 0.000783 0.561448 -0.142964
v 0.001574 0.561529 -0.142964
v 0.002380 0.561665 -0.142964
v -0.002346 0.559131 -0.144341
v -0.001552 0.558997 -0.144341
v -0.000772 0.558918 -0.144341
v 0.000000 0.558891 -0.144341
v 0.000773 0.558918 -0.144341
v 0.001553 0.558998 -0.144341
v 0.002349 0.559132 -0.144341
v -0.002301 0.555482 -0.145176
v -0.001522 0.555352 -0.145176
v -0.000757 0.555273 -0.145176
v 0.000000 0.555247 -0.145176
v 0.000758 0.555274 -0.145176
v 0.001523 0.555352 -0.145176
v 0.002303 0.555483 -0.145176
v -0.002239 0.550474 -0.145605
v -0.001481 0.550347 -0.145605
v -0.000737 0.550271 -0.145605
v 0.000001 0.550245 -0.145605
v 0.000738 0.550271 -0.145605
v 0.001482 0.550348 -0.145605
v 0.002241 0.550475 -0.145605
v -0.002157 0.543861 -0.145763
v -0.001426 0.543739 -0.145763
v -0.000710 0.543665 -0.145763
v 0.000001 0.543641 -0.145763
v 0.000711 0.543666 -0.145763
v 0.001428 0.543739 -0.145763
v 0.002159 0.543862 -0.145763
v 0.790952 0.857335 -0.138043
v 0.788688 0.849304 -0.138043
v 0.783388 0.835042 -0.138043
v 0.773686 0.811542 -0.138043
v 0.758218 0.775800 -0.138043
v 0.735619 0.724809 -0.138043
v 0.704523 0.655564 -0.138043
v 0.786734 0.854736 -0.140910
v 0.784482 0.846748 -0.140910
v 0.779210 0.832561 -0.140910
v 0.769560 0.809187 -0.140910
v 0.754175 0.773636 -0.140910
v 0.731696 0.722917 -0.140910
v 0.700766 0.654041 -0.140910
v 0.779969 0.850568 -0.142964
v 0.777737 0.842648 -0.142964
v 0.772510 0.828584 -0.142964
v 0.762943 0.805411 -0.142964
v 0.747690 0.770165 -0.142964
v 0.725405 0.719882 -0.142964
v 0.694740 0.651598 -0.142964
v 0.769662 0.844217 -0.144341
v 0.767459 0.836402 -0.144341
v 0.762301 0.822523 -0.144341
v 0.752861 0.799657 -0.144341
v 0.737810 0.764876 -0.144341
v 0.715818 0.715258 -0.144341
v 0.685559 0.647877 -0.144341
v 0.754817 0.835070 -0.145176
v 0.752656 0.827406 -0.145176
v 0.747598 0.813795 -0.145176
v 0.738340 0.791369 -0.145177
v 0.723579 0.757260 -0.145176
v 0.702012 0.708598 -0.145176
v 0.672336 0.642517 -0.145177
v 0.734439 0.822514 -0.145605
v 0.732336 0.815056 -0.145605
v 0.727415 0.801813 -0.145605
v 0.718407 0.779992 -0.145605
v 0.704044 0.746804 -0.145605
v 0.683059 0.699456 -0.145605
v 0.654185 0.635159 -0.145605
v 0.707531 0.805934 -0.145763
v 0.705506 0.798750 -0.145763
v 0.700765 0.785992 -0.145763
v 0.692087 0.764971 -0.145763
v 0.678250 0.732998 -0.145763
v 0.658034 0.687385 -0.145763
v 0.630218 0.625443 -0.145763
v 0.612071 0.451801 -0.138043
v 0.552131 0.320354 -0.138043
v 0.486527 0.176792 -0.138043
v 0.418040 0.027193 -0.138043
v 0.349452 -0.122367 -0.138043
v 0.283544 -0.265813 -0.138043
v 0.223098 -0.397068 -0.138043
v 0.608806 0.451365 -0.140910
v 0.549186 0.320618 -0.140910
v 0.483932 0.177823 -0.140910
v 0.415811 0.029021 -0.140910
v 0.347588 -0.119741 -0.140910
v 0.282032 -0.262422 -0.140910
v 0.221908 -0.392978 -0.140910
v 0.603572 0.450665 -0.142964
v 0.544464 0.321043 -0.142964
v 0.479771 0.179475 -0.142964
v 0.412235 0.031953 -0.142964
v 0.344600 -0.115530 -0.142964
v 0.279607 -0.256985 -0.142964
v 0.220000 -0.386417 -0.142964
v 0.595596 0.449598 -0.144341
v 0.537269 0.321689 -0.144341
v 0.473431 0.181992 -0.144341
v 0.406788 0.036420 -0.144341
v 0.340046 -0.109115 -0.144341
v 0.275912 -0.248699 -0.144341
v 0.217093 -0.376422 -0.144341
v 0.584108 0.448063 -0.145176
v 0.526906 0.322621 -0.145176
v 0.464300 0.185618 -0.145176
v 0.398942 0.042854 -0.145177
v 0.333487 -0.099874 -0.145176
v 0.270590 -0.236767 -0.145177
v 0.212906 -0.362025 -0.145177
v 0.568338 0.445955 -0.145605
v 0.512681 0.323899 -0.145605
v 0.451765 0.190595 -0.145605
v 0.388171 0.051685 -0.145605
v 0.324484 -0.087189 -0.145605
v 0.263285 -0.220386 -0.145605
v 0.207158 -0.342263 -0.145605
v 0.547516 0.443171 -0.145763
v 0.493899 0.325587 -0.145763
v 0.435214 0.197167 -0.145763
v 0.373950 0.063346 -0.145763
v 0.312596 -0.070440 -0.145763
v 0.253639 -0.198757 -0.145763
v 0.199568 -0.316169 -0.145763
v 0.785680 0.885676 -0.138043
v 0.787404 0.883075 -0.138043
v 0.788836 0.880208 -0.138043
v 0.789975 0.877081 -0.138043
v 0.790818 0.873703 -0.138043
v 0.791362 0.870082 -0.138043
v 0.791605 0.866225 -0.138043
v 0.781490 0.882926 -0.140910
v 0.783204 0.880339 -0.140910
v 0.784630 0.877487 -0.140910
v 0.785762 0.874377 -0.140910
v 0.786600 0.871017 -0.140910
v 0.787142 0.867415 -0.140910
v 0.787384 0.863579 -0.140910
v 0.774770 0.878515 -0.142964
v 0.776470 0.875951 -0.142964
v 0.777883 0.873123 -0.142964
v 0.779006 0.870040 -0.142964
v 0.779837 0.866709 -0.142964
v 0.780374 0.863138 -0.142964
v 0.780613 0.859335 -0.142964
v 0.764532 0.871795 -0.144341
v 0.766209 0.869264 -0.144341
v 0.767603 0.866474 -0.144341
v 0.768712 0.863431 -0.144341
v 0.769531 0.860144 -0.144341
v 0.770061 0.856621 -0.144341
v 0.770298 0.852868 -0.144341
v 0.749786 0.862116 -0.145176
v 0.751431 0.859634 -0.145176
v 0.752798 0.856898 -0.145176
v 0.753885 0.853914 -0.145176
v 0.754689 0.850690 -0.145176
v 0.755208 0.847234 -0.145176
v 0.755440 0.843554 -0.145176
v 0.729543 0.848830 -0.145605
v 0.731144 0.846415 -0.145605
v 0.732474 0.843752 -0.145605
v 0.733532 0.840849 -0.145605
v 0.734314 0.837712 -0.145605
v 0.734819 0.834350 -0.145605
v 0.735045 0.830768 -0.145605
v 0.702815 0.831286 -0.145763
v 0.704357 0.828960 -0.145763
v 0.705639 0.826394 -0.145763
v 0.706658 0.823597 -0.145763
v 0.707412 0.820576 -0.145763
v 0.707898 0.817337 -0.145763
v 0.708116 0.813887 -0.145763
v 0.518328 0.756924 -0.145786
v 0.544364 0.768186 -0.145786
v 0.564116 0.776491 -0.145786
v 0.578612 0.782300 -0.145786
v 0.588875 0.786070 -0.145786
v 0.595917 0.788249 -0.145786
v 0.600743 0.789280 -0.145786
v 0.478228 0.727021 -0.145786
v 0.502103 0.737303 -0.145786
v 0.520200 0.744867 -0.145786
v 0.533538 0.750191 -0.145786
v 0.543108 0.753732 -0.145786
v 0.549781 0.755862 -0.145786
v 0.554400 0.756930 -0.145786
v 0.434666 0.694589 -0.145786
v 0.455958 0.703635 -0.145786
v 0.472054 0.710234 -0.145786
v 0.484078 0.714972 -0.145786
v 0.493054 0.718366 -0.145786
v 0.499610 0.720636 -0.145786
v 0.504272 0.721931 -0.145786
v 0.389413 0.660980 -0.145786
v 0.407665 0.668478 -0.145786
v 0.421373 0.673832 -0.145786
v 0.431945 0.677876 -0.145786
v 0.440548 0.681270 -0.145786
v 0.447410 0.683978 -0.145786
v 0.452525 0.685793 -0.145786
v 0.344184 0.627505 -0.145786
v 0.358840 0.633050 -0.145786
v 0.369732 0.636822 -0.145786
v 0.378749 0.640060 -0.145786
v 0.387317 0.643663 -0.145786
v 0.395096 0.647224 -0.145786
v 0.401283 0.649992 -0.145786
v 0.300459 0.595333 -0.145786
v 0.310629 0.598259 -0.145786
v 0.318218 0.600036 -0.145786
v 0.325686 0.602397 -0.145786
v 0.334661 0.606465 -0.145786
v 0.344195 0.611436 -0.145786
v 0.352513 0.615892 -0.145786
v 0.259553 0.565556 -0.145786
v 0.263956 0.564880 -0.145786
v 0.267783 0.564217 -0.145786
v 0.273843 0.565685 -0.145786
v 0.283766 0.570513 -0.145786
v 0.296111 0.577581 -0.145786
v 0.308194 0.584852 -0.145786
v 0.102896 -0.403603 -0.145786
v 0.077189 -0.458440 -0.145786
v 0.058058 -0.498655 -0.145786
v 0.044402 -0.526650 -0.145786
v 0.035116 -0.544824 -0.145786
v 0.029094 -0.555556 -0.145786
v 0.025231 -0.561216 -0.145786
v 0.095074 -0.343668 -0.145786
v 0.071331 -0.394045 -0.145786
v 0.053636 -0.430973 -0.145786
v 0.040993 -0.456769 -0.145786
v 0.032402 -0.473708 -0.145786
v 0.026841 -0.483891 -0.145786
v 0.023281 -0.489376 -0.145786
v 0.086801 -0.278422 -0.145786
v 0.065151 -0.323600 -0.145786
v 0.048942 -0.356676 -0.145786
v 0.037331 -0.380030 -0.145786
v 0.029460 -0.395901 -0.145786
v 0.024391 -0.405943 -0.145786
v 0.021166 -0.411662 -0.145786
v 0.078545 -0.210433 -0.145786
v 0.059009 -0.249678 -0.145786
v 0.044233 -0.278324 -0.145786
v 0.033592 -0.299063 -0.145786
v 0.026413 -0.314240 -0.145786
v 0.021841 -0.324821 -0.145786
v 0.018973 -0.331427 -0.145786
v 0.070790 -0.142171 -0.145786
v 0.053282 -0.174653 -0.145786
v 0.039779 -0.198278 -0.145786
v 0.029951 -0.216324 -0.145786
v 0.023379 -0.231387 -0.145786
v 0.019282 -0.243485 -0.145786
v 0.016787 -0.251957 -0.145786
v 0.064071 -0.075711 -0.145786
v 0.048412 -0.100104 -0.145786
v 0.035891 -0.118090 -0.145786
v 0.026601 -0.133594 -0.145786
v 0.020467 -0.149319 -0.145786
v 0.016785 -0.164283 -0.145786
v 0.014679 -0.176287 -0.145786
v 0.059092 -0.012766 -0.145786
v 0.044920 -0.027218 -0.145786
v 0.032904 -0.039090 -0.145786
v 0.023738 -0.052482 -0.145786
v 0.017782 -0.069837 -0.145786
v 0.014404 -0.089359 -0.145786
v 0.012703 -0.107457 -0.145786
v -0.443814 0.723928 -0.145786
v -0.396450 0.702718 -0.145786
v -0.345025 0.679598 -0.145786
v -0.291678 0.655553 -0.145786
v -0.238546 0.631564 -0.145786
v -0.187759 0.608606 -0.145786
v -0.141444 0.587649 -0.145786
v -0.409568 0.696617 -0.145786
v -0.365795 0.676972 -0.145786
v -0.318257 0.655558 -0.145786
v -0.268981 0.633329 -0.145786
v -0.219977 0.611224 -0.145786
v -0.173189 0.590115 -0.145786
v -0.130543 0.570861 -0.145786
v -0.372513 0.667067 -0.145786
v -0.332519 0.649001 -0.145786
v -0.289057 0.629306 -0.145786
v -0.244115 0.608979 -0.145786
v -0.199624 0.588963 -0.145786
v -0.157291 0.569983 -0.145786
v -0.118769 0.552709 -0.145786
v -0.334241 0.636548 -0.145786
v -0.297992 0.619938 -0.145786
v -0.258542 0.601826 -0.145786
v -0.217965 0.583368 -0.145786
v -0.178204 0.565589 -0.145786
v -0.140669 0.549000 -0.145786
v -0.106641 0.533980 -0.145786
v -0.296347 0.606323 -0.145786
v -0.263556 0.590880 -0.145786
v -0.227787 0.574058 -0.145786
v -0.191370 0.557314 -0.145786
v -0.156372 0.541852 -0.145786
v -0.123858 0.527900 -0.145786
v -0.094633 0.515432 -0.145786
v -0.260437 0.577612 -0.145786
v -0.230457 0.562781 -0.145786
v -0.197718 0.546765 -0.145786
v -0.164981 0.531454 -0.145786
v -0.134526 0.518276 -0.145786
v -0.107114 0.507190 -0.145786
v -0.083051 0.497701 -0.145786
v -0.228343 0.551737 -0.145786
v -0.199969 0.536570 -0.145786
v -0.169229 0.520666 -0.145786
v -0.139405 0.506376 -0.145786
v -0.112987 0.495324 -0.145786
v -0.090535 0.487272 -0.145786
v -0.071976 0.481324 -0.145786
v -0.561759 0.597663 -0.145786
v -0.586531 0.652867 -0.145786
v -0.604532 0.693521 -0.145786
v -0.616859 0.722025 -0.145786
v -0.624609 0.740777 -0.145786
v -0.628862 0.752169 -0.145786
v -0.630692 0.758589 -0.145786
v -0.518303 0.579843 -0.145786
v -0.541003 0.630707 -0.145786
v -0.557473 0.668190 -0.145786
v -0.568806 0.694525 -0.145786
v -0.576059 0.711930 -0.145786
v -0.580168 0.722573 -0.145786
v -0.582033 0.728610 -0.145786
v -0.471106 0.560155 -0.145786
v -0.491301 0.606193 -0.145786
v -0.505889 0.640191 -0.145786
v -0.516074 0.664226 -0.145786
v -0.522953 0.680333 -0.145786
v -0.527203 0.690378 -0.145786
v -0.529392 0.696184 -0.145786
v -0.422091 0.539203 -0.145786
v -0.439301 0.580060 -0.145786
v -0.451599 0.610374 -0.145786
v -0.460490 0.632108 -0.145786
v -0.467233 0.647119 -0.145786
v -0.472081 0.656868 -0.145786
v -0.475037 0.662711 -0.145786
v -0.373121 0.517531 -0.145786
v -0.386755 0.552932 -0.145786
v -0.396295 0.579488 -0.145786
v -0.403773 0.599068 -0.145786
v -0.410725 0.613344 -0.145786
v -0.416810 0.623260 -0.145786
v -0.421194 0.629566 -0.145786
v -0.325821 0.495437 -0.145786
v -0.334915 0.524998 -0.145786
v -0.341154 0.547858 -0.145786
v -0.347191 0.565678 -0.145786
v -0.354791 0.579765 -0.145786
v -0.362983 0.590527 -0.145786
v -0.369909 0.598026 -0.145786
v -0.281651 0.472864 -0.145786
v -0.284808 0.496175 -0.145786
v -0.287212 0.515691 -0.145786
v -0.291905 0.532430 -0.145786
v -0.300677 0.547066 -0.145786
v -0.312049 0.559558 -0.145786
v -0.323227 0.569380 -0.145786
v 0.019736 -0.566417 -0.145786
v 0.017005 -0.568346 -0.145786
v 0.014233 -0.569981 -0.145786
v 0.011427 -0.571339 -0.145786
v 0.008594 -0.572430 -0.145786
v 0.005741 -0.573237 -0.145786
v 0.002874 -0.573739 -0.145786
v 0.018217 -0.494170 -0.145786
v 0.015694 -0.495693 -0.145786
v 0.013131 -0.496945 -0.145786
v 0.010537 -0.498082 -0.145786
v 0.007922 -0.499207 -0.145786
v 0.005290 -0.500210 -0.145786
v 0.002648 -0.500931 -0.145786
v 0.016579 -0.416007 -0.145786
v 0.014276 -0.416672 -0.145786
v 0.011932 -0.417095 -0.145786
v 0.009562 -0.417806 -0.145786
v 0.007181 -0.419158 -0.145786
v 0.004792 -0.420791 -0.145786
v 0.002397 -0.422165 -0.145786
v 0.014896 -0.335295 -0.145786
v 0.012812 -0.334440 -0.145786
v 0.010683 -0.333374 -0.145786
v 0.008536 -0.333360 -0.145786
v 0.006394 -0.335237 -0.145786
v 0.004259 -0.338154 -0.145786
v 0.002128 -0.340839 -0.145786
v 0.013243 -0.255331 -0.145786
v 0.011365 -0.251995 -0.145786
v 0.009432 -0.248558 -0.145786
v 0.007491 -0.247441 -0.145786
v 0.005581 -0.250230 -0.145786
v 0.003702 -0.255322 -0.145786
v 0.001846 -0.260280 -0.145786
v 0.011697 -0.179145 -0.145786
v 0.009994 -0.171713 -0.145786
v 0.008220 -0.164747 -0.145786
v 0.006452 -0.162131 -0.145786
v 0.004750 -0.166253 -0.145786
v 0.003119 -0.174698 -0.145786
v 0.001545 -0.183553 -0.145786
v 0.010348 -0.109748 -0.145786
v 0.008762 -0.095752 -0.145786
v 0.007088 -0.083867 -0.145786
v 0.005441 -0.079362 -0.145786
v 0.003906 -0.085249 -0.145786
v 0.002497 -0.098473 -0.145786
v 0.001206 -0.113718 -0.145786
v -0.001922 0.524977 -0.145786
v -0.001271 0.524862 -0.145786
v -0.000632 0.524790 -0.145786
v 0.000001 0.524766 -0.145786
v 0.000634 0.524791 -0.145786
v 0.001273 0.524862 -0.145786
v 0.001925 0.524978 -0.145786
v -0.001775 0.513020 -0.145786
v -0.001174 0.512871 -0.145786
v -0.000584 0.512762 -0.145786
v 0.000001 0.512721 -0.145786
v 0.000586 0.512763 -0.145786
v 0.001176 0.512871 -0.145786
v 0.001778 0.513021 -0.145786
v -0.001618 0.500085 -0.145786
v -0.001071 0.499832 -0.145786
v -0.000533 0.499615 -0.145786
v 0.000001 0.499523 -0.145786
v 0.000535 0.499615 -0.145786
v 0.001073 0.499832 -0.145786
v 0.001620 0.500086 -0.145786
v -0.001458 0.486733 -0.145786
v -0.000967 0.486267 -0.145786
v -0.000482 0.485833 -0.145786
v 0.000001 0.485642 -0.145786
v 0.000484 0.485833 -0.145786
v 0.000969 0.486267 -0.145786
v 0.001460 0.486733 -0.145786
v -0.001304 0.473509 -0.145786
v -0.000869 0.472672 -0.145786
v -0.000434 0.471875 -0.145786
v 0.000001 0.471522 -0.145786
v 0.000436 0.471876 -0.145786
v 0.000871 0.472673 -0.145786
v 0.001307 0.473510 -0.145786
v -0.001166 0.460920 -0.145786
v -0.000783 0.459445 -0.145786
v -0.000393 0.458092 -0.145786
v 0.000001 0.457508 -0.145786
v 0.000395 0.458092 -0.145786
v 0.000785 0.459445 -0.145786
v 0.001168 0.460920 -0.145786
v -0.001056 0.449468 -0.145786
v -0.000719 0.446946 -0.145786
v -0.000364 0.444803 -0.145786
v 0.000001 0.443919 -0.145786
v 0.000366 0.444803 -0.145786
v 0.000722 0.446947 -0.145786
v 0.001059 0.449469 -0.145786
v -0.631213 0.765676 -0.145786
v -0.630995 0.768736 -0.145786
v -0.630536 0.771608 -0.145786
v -0.629853 0.774294 -0.145786
v -0.628956 0.776795 -0.145786
v -0.627838 0.779098 -0.145786
v -0.626487 0.781187 -0.145786
v -0.582514 0.735143 -0.145786
v -0.582140 0.737855 -0.145786
v -0.581544 0.740396 -0.145786
v -0.580835 0.742828 -0.145786
v -0.580084 0.745188 -0.145786
v -0.579225 0.747425 -0.145786
v -0.578151 0.749464 -0.145786
v -0.529830 0.702103 -0.145786
v -0.529008 0.704261 -0.145786
v -0.527984 0.706268 -0.145786
v -0.527119 0.708345 -0.145786
v -0.526653 0.710638 -0.145786
v -0.526350 0.712985 -0.145786
v -0.525856 0.715148 -0.145786
v -0.475431 0.667976 -0.145786
v -0.473723 0.669288 -0.145786
v -0.471833 0.670476 -0.145786
v -0.470613 0.672070 -0.145786
v -0.470631 0.674421 -0.145786
v -0.471326 0.677157 -0.145786
v -0.471853 0.679721 -0.145786
v -0.421544 0.634151 -0.145786
v -0.418305 0.634207 -0.145786
v -0.414953 0.634201 -0.145786
v -0.413119 0.635159 -0.145786
v -0.413874 0.637744 -0.145786
v -0.416157 0.641255 -0.145786
v -0.418350 0.644635 -0.145786
v -0.370217 0.601897 -0.145786
v -0.364361 0.600011 -0.145786
v -0.358760 0.598333 -0.145786
v -0.356031 0.598505 -0.145786
v -0.357788 0.601525 -0.145786
v -0.362434 0.606335 -0.145786
v -0.367372 0.611236 -0.145786
v -0.323496 0.572463 -0.145786
v -0.313355 0.567597 -0.145786
v -0.304552 0.563683 -0.145786
v -0.300640 0.562937 -0.145786
v -0.303660 0.566610 -0.145786
v -0.311599 0.573360 -0.145786
v -0.320934 0.580873 -0.145786
v -0.002873 -0.573739 -0.145786
v -0.005740 -0.573237 -0.145786
v -0.008593 -0.572430 -0.145786
v -0.011426 -0.571339 -0.145786
v -0.014232 -0.569981 -0.145786
v -0.017004 -0.568346 -0.145786
v -0.019735 -0.566417 -0.145786
v -0.002647 -0.500931 -0.145786
v -0.005290 -0.500210 -0.145786
v -0.007921 -0.499207 -0.145786
v -0.010537 -0.498082 -0.145786
v -0.013130 -0.496945 -0.145786
v -0.015693 -0.495693 -0.145786
v -0.018216 -0.494170 -0.145786
v -0.002396 -0.422166 -0.145786
v -0.004791 -0.420791 -0.145786
v -0.007180 -0.419158 -0.145786
v -0.009561 -0.417806 -0.145786
v -0.011931 -0.417095 -0.145786
v -0.014275 -0.416673 -0.145786
v -0.016578 -0.416008 -0.145786
v -0.002127 -0.340839 -0.145786
v -0.004257 -0.338154 -0.145786
v -0.006393 -0.335237 -0.145786
v -0.008535 -0.333360 -0.145786
v -0.010682 -0.333374 -0.145786
v -0.012811 -0.334440 -0.145786
v -0.014895 -0.335295 -0.145786
v -0.001845 -0.260280 -0.145786
v -0.003701 -0.255322 -0.145786
v -0.005580 -0.250230 -0.145786
v -0.007490 -0.247441 -0.145786
v -0.009430 -0.248558 -0.145786
v -0.011364 -0.251995 -0.145786
v -0.013242 -0.255331 -0.145786
v -0.001543 -0.183553 -0.145786
v -0.003118 -0.174698 -0.145786
v -0.004749 -0.166253 -0.145786
v -0.006450 -0.162131 -0.145786
v -0.008218 -0.164747 -0.145786
v -0.009993 -0.171713 -0.145786
v -0.011695 -0.179145 -0.145786
v -0.001204 -0.113718 -0.145786
v -0.002495 -0.098473 -0.145786
v -0.003904 -0.085249 -0.145786
v -0.005440 -0.079362 -0.145786
v -0.007087 -0.083867 -0.145786
v -0.008761 -0.095752 -0.145786
v -0.010346 -0.109748 -0.145786
v 0.003470 0.525410 -0.145786
v 0.005458 0.526215 -0.145786
v 0.009650 0.528044 -0.145786
v 0.017134 0.531386 -0.145786
v 0.028998 0.536735 -0.145786
v 0.046330 0.544576 -0.145786
v 0.070216 0.555394 -0.145786
v 0.003202 0.513419 -0.145786
v 0.005040 0.514121 -0.145786
v 0.008918 0.515771 -0.145786
v 0.015847 0.518846 -0.145786
v 0.026831 0.523817 -0.145786
v 0.042858 0.531110 -0.145786
v 0.064912 0.541141 -0.145786
v 0.002912 0.500448 -0.145786
v 0.004591 0.500973 -0.145786
v 0.008147 0.502368 -0.145786
v 0.014511 0.505140 -0.145786
v 0.024598 0.509758 -0.145786
v 0.039265 0.516549 -0.145786
v 0.059358 0.525805 -0.145786
v 0.002612 0.487057 -0.145786
v 0.004134 0.487297 -0.145786
v 0.007383 0.488338 -0.145786
v 0.013218 0.490774 -0.145786
v 0.022462 0.495112 -0.145786
v 0.035806 0.501525 -0.145786
v 0.053902 0.510097 -0.145786
v 0.002314 0.473794 -0.145786
v 0.003690 0.473599 -0.145786
v 0.006673 0.474158 -0.145786
v 0.012066 0.476234 -0.145786
v 0.020604 0.480417 -0.145786
v 0.032752 0.486654 -0.145786
v 0.048908 0.494725 -0.145786
v 0.002027 0.461165 -0.145786
v 0.003279 0.460279 -0.145786
v 0.006075 0.460201 -0.145786
v 0.011188 0.461921 -0.145786
v 0.019263 0.466125 -0.145786
v 0.030456 0.472487 -0.145786
v 0.044796 0.480378 -0.145786
v 0.001757 0.449672 -0.145786
v 0.002922 0.447705 -0.145786
v 0.005652 0.446811 -0.145786
v 0.010723 0.448215 -0.145786
v 0.018704 0.452675 -0.145786
v 0.029349 0.459576 -0.145786
v 0.042145 0.467815 -0.145786
v -0.623050 0.784671 -0.145786
v -0.620971 0.786057 -0.145786
v -0.618676 0.787214 -0.145786
v -0.616184 0.788149 -0.145786
v -0.613511 0.788864 -0.145786
v -0.610653 0.789353 -0.145786
v -0.607605 0.789605 -0.145786
v -0.574984 0.752674 -0.145786
v -0.572896 0.753839 -0.145786
v -0.570608 0.754792 -0.145786
v -0.568230 0.755604 -0.145786
v -0.565837 0.756317 -0.145786
v -0.563367 0.756883 -0.145786
v -0.560723 0.757229 -0.145786
v -0.522988 0.718054 -0.145786
v -0.520619 0.718793 -0.145786
v -0.518064 0.719344 -0.145786
v -0.515681 0.719939 -0.145786
v -0.513712 0.720734 -0.145786
v -0.511932 0.721569 -0.145786
v -0.509998 0.722203 -0.145786
v -0.469308 0.682300 -0.145786
v -0.466232 0.682319 -0.145786
v -0.462983 0.682173 -0.145786
v -0.460402 0.682419 -0.145786
v -0.459054 0.683428 -0.145786
v -0.458397 0.684822 -0.145786
v -0.457612 0.686036 -0.145786
v -0.416143 0.646872 -0.145786
v -0.411729 0.645743 -0.145786
v -0.407199 0.644509 -0.145786
v -0.404159 0.644240 -0.145786
v -0.403671 0.645636 -0.145786
v -0.404710 0.647986 -0.145786
v -0.405703 0.650207 -0.145786
v -0.365525 0.613108 -0.145786
v -0.358704 0.610116 -0.145786
v -0.352106 0.607283 -0.145786
v -0.348314 0.606327 -0.145786
v -0.348928 0.608299 -0.145786
v -0.352406 0.612127 -0.145786
v -0.356226 0.616078 -0.145786
v -0.319492 0.582334 -0.145786
v -0.308613 0.576386 -0.145786
v -0.298988 0.571345 -0.145786
v -0.294132 0.569533 -0.145786
v -0.296074 0.572276 -0.145786
v -0.302874 0.578220 -0.145786
v -0.311118 0.585009 -0.145786
v -0.025230 -0.561216 -0.145786
v -0.029093 -0.555556 -0.145786
v -0.035115 -0.544824 -0.145786
v -0.044401 -0.526650 -0.145786
v -0.058058 -0.498655 -0.145786
v -0.077188 -0.458440 -0.145786
v -0.102895 -0.403603 -0.145786
v -0.023280 -0.489376 -0.145786
v -0.026840 -0.483891 -0.145786
v -0.032401 -0.473708 -0.145786
v -0.040992 -0.456769 -0.145786
v -0.053635 -0.430973 -0.145786
v -0.071330 -0.394045 -0.145786
v -0.095073 -0.343668 -0.145786
v -0.021165 -0.411662 -0.145786
v -0.024390 -0.405943 -0.145786
v -0.029459 -0.395902 -0.145786
v -0.037330 -0.380030 -0.145786
v -0.048941 -0.356676 -0.145786
v -0.065150 -0.323600 -0.145786
v -0.086800 -0.278422 -0.145786
v -0.018972 -0.331427 -0.145786
v -0.021840 -0.324821 -0.145786
v -0.026412 -0.314240 -0.145786
v -0.033590 -0.299063 -0.145786
v -0.044232 -0.278324 -0.145786
v -0.059008 -0.249678 -0.145786
v -0.078544 -0.210433 -0.145786
v -0.016786 -0.251957 -0.145786
v -0.019281 -0.243485 -0.145786
v -0.023378 -0.231387 -0.145786
v -0.029949 -0.216324 -0.145786
v -0.039777 -0.198278 -0.145786
v -0.053281 -0.174653 -0.145786
v -0.070788 -0.142171 -0.145786
v -0.014677 -0.176287 -0.145786
v -0.016783 -0.164283 -0.145786
v -0.020466 -0.149319 -0.145786
v -0.026599 -0.133594 -0.145786
v -0.035890 -0.118090 -0.145786
v -0.048411 -0.100104 -0.145786
v -0.064070 -0.075711 -0.145786
v -0.012702 -0.107457 -0.145786
v -0.014403 -0.089359 -0.145786
v -0.017780 -0.069837 -0.145786
v -0.023736 -0.052482 -0.145786
v -0.032902 -0.039090 -0.145786
v -0.044918 -0.027218 -0.145786
v -0.059090 -0.012766 -0.145786
v -0.070203 0.555388 -0.145786
v -0.046319 0.544571 -0.145786
v -0.028988 0.536731 -0.145786
v -0.017124 0.531382 -0.145786
v -0.009642 0.528040 -0.145786
v -0.005452 0.526213 -0.145786
v -0.003465 0.525408 -0.145786
v -0.064901 0.541136 -0.145786
v -0.042847 0.531105 -0.145786
v -0.026820 0.523813 -0.145786
v -0.015838 0.518843 -0.145786
v -0.008911 0.515768 -0.145786
v -0.005034 0.514119 -0.145786
v -0.003197 0.513417 -0.145786
v -0.059347 0.525800 -0.145786
v -0.039255 0.516545 -0.145786
v -0.024588 0.509754 -0.145786
v -0.014503 0.505136 -0.145786
v -0.008141 0.502365 -0.145786
v -0.004585 0.500970 -0.145786
v -0.002908 0.500446 -0.145786
v -0.053892 0.510093 -0.145786
v -0.035796 0.501521 -0.145786
v -0.022454 0.495109 -0.145786
v -0.013210 0.490771 -0.145786
v -0.007376 0.488336 -0.145786
v -0.004129 0.487295 -0.145786
v -0.002608 0.487055 -0.145786
v -0.048898 0.494722 -0.145786
v -0.032743 0.486651 -0.145786
v -0.020596 0.480414 -0.145786
v -0.012059 0.476231 -0.145786
v -0.006667 0.474156 -0.145786
v -0.003685 0.473597 -0.145786
v -0.002310 0.473793 -0.145786
v -0.044788 0.480375 -0.145786
v -0.030448 0.472484 -0.145786
v -0.019256 0.466123 -0.145786
v -0.011181 0.461919 -0.145786
v -0.006070 0.460199 -0.145786
v -0.003275 0.460277 -0.145786
v -0.002023 0.461164 -0.145786
v -0.042137 0.467812 -0.145786
v -0.029342 0.459574 -0.145786
v -0.018698 0.452673 -0.145786
v -0.010717 0.448214 -0.145786
v -0.005647 0.446810 -0.145786
v -0.002918 0.447704 -0.145786
v -0.001753 0.449671 -0.145786
v -0.600743 0.789280 -0.145786
v -0.595917 0.788249 -0.145786
v -0.588875 0.786070 -0.145786
v -0.578611 0.782299 -0.145786
v -0.564115 0.776490 -0.145786
v -0.544363 0.768185 -0.145786
v -0.518326 0.756923 -0.145786
v -0.554400 0.756930 -0.145786
v -0.549780 0.755862 -0.145786
v -0.543107 0.753732 -0.145786
v -0.533538 0.750190 -0.145786
v -0.520199 0.744866 -0.145786
v -0.502101 0.737303 -0.145786
v -0.478225 0.727020 -0.145786
v -0.504272 0.721931 -0.145786
v -0.499609 0.720636 -0.145786
v -0.493053 0.718366 -0.145786
v -0.484077 0.714972 -0.145786
v -0.472053 0.710233 -0.145786
v -0.455956 0.703634 -0.145786
v -0.434663 0.694588 -0.145786
v -0.452524 0.685793 -0.145786
v -0.447410 0.683978 -0.145786
v -0.440547 0.681269 -0.145786
v -0.431943 0.677876 -0.145786
v -0.421372 0.673832 -0.145786
v -0.407663 0.668477 -0.145786
v -0.389411 0.660979 -0.145786
v -0.401282 0.649992 -0.145786
v -0.395095 0.647224 -0.145786
v -0.387316 0.643663 -0.145786
v -0.378748 0.640060 -0.145786
v -0.369731 0.636822 -0.145786
v -0.358838 0.633050 -0.145786
v -0.344181 0.627504 -0.145786
v -0.352512 0.615892 -0.145786
v -0.344194 0.611436 -0.145786
v -0.334659 0.606465 -0.145786
v -0.325684 0.602397 -0.145786
v -0.318216 0.600035 -0.145786
v -0.310627 0.598259 -0.145786
v -0.300456 0.595332 -0.145786
v -0.308193 0.584852 -0.145786
v -0.296110 0.577581 -0.145786
v -0.283765 0.570513 -0.145786
v -0.273841 0.565685 -0.145786
v -0.267781 0.564216 -0.145786
v -0.263953 0.564879 -0.145786
v -0.259551 0.565555 -0.145786
v 0.630692 0.758589 -0.145786
v 0.628862 0.752169 -0.145786
v 0.624610 0.740778 -0.145786
v 0.616860 0.722026 -0.145786
v 0.604532 0.693521 -0.145786
v 0.586532 0.652867 -0.145786
v 0.561759 0.597663 -0.145786
v 0.582034 0.728610 -0.145786
v 0.580168 0.722573 -0.145786
v 0.576060 0.711930 -0.145786
v 0.568806 0.694525 -0.145786
v 0.557474 0.668190 -0.145786
v 0.541003 0.630707 -0.145786
v 0.518304 0.579843 -0.145786
v 0.529393 0.696184 -0.145786
v 0.527204 0.690379 -0.145786
v 0.522954 0.680334 -0.145786
v 0.516074 0.664227 -0.145786
v 0.505889 0.640191 -0.145786
v 0.491301 0.606193 -0.145786
v 0.471107 0.560155 -0.145786
v 0.475038 0.662711 -0.145786
v 0.472082 0.656868 -0.145786
v 0.467234 0.647120 -0.145786
v 0.460491 0.632108 -0.145786
v 0.451600 0.610375 -0.145786
v 0.439302 0.580060 -0.145786
v 0.422092 0.539204 -0.145786
v 0.421195 0.629566 -0.145786
v 0.416811 0.623261 -0.145786
v 0.410725 0.613344 -0.145786
v 0.403774 0.599068 -0.145786
v 0.396296 0.579488 -0.145786
v 0.386756 0.552932 -0.145786
v 0.373122 0.517531 -0.145786
v 0.369910 0.598026 -0.145786
v 0.362984 0.590527 -0.145786
v 0.354792 0.579765 -0.145786
v 0.347192 0.565678 -0.145786
v 0.341155 0.547859 -0.145786
v 0.334916 0.524998 -0.145786
v 0.325822 0.495437 -0.145786
v 0.323228 0.569380 -0.145786
v 0.312050 0.559558 -0.145786
v 0.300678 0.547066 -0.145786
v 0.291907 0.532430 -0.145786
v 0.287213 0.515691 -0.145786
v 0.284809 0.496175 -0.145786
v 0.281652 0.472864 -0.145786
v 0.488054 0.435219 -0.145786
v 0.440248 0.330420 -0.145786
v 0.387924 0.215958 -0.145786
v 0.333307 0.096673 -0.145786
v 0.278621 -0.022591 -0.145786
v 0.226080 -0.136983 -0.145786
v 0.177896 -0.241650 -0.145786
v 0.450391 0.430164 -0.145786
v 0.406198 0.333562 -0.145786
v 0.357820 0.228006 -0.145786
v 0.307368 0.117942 -0.145786
v 0.256935 0.007829 -0.145786
v 0.208539 -0.097811 -0.145786
v 0.164181 -0.194441 -0.145786
v 0.409630 0.424661 -0.145786
v 0.369225 0.337104 -0.145786
v 0.324969 0.241307 -0.145786
v 0.278944 0.141248 -0.145786
v 0.233167 0.040954 -0.145786
v 0.189405 -0.055337 -0.145786
v 0.149359 -0.143337 -0.145786
v 0.367519 0.418926 -0.145786
v 0.330841 0.340981 -0.145786
v 0.290619 0.255448 -0.145786
v 0.249044 0.165763 -0.145786
v 0.208159 0.075485 -0.145786
v 0.169406 -0.011334 -0.145786
v 0.134077 -0.090519 -0.145786
v 0.325806 0.413247 -0.145786
v 0.292527 0.345222 -0.145786
v 0.255970 0.270092 -0.145786
v 0.218624 0.190703 -0.145786
v 0.182679 0.110141 -0.145786
v 0.149195 0.032419 -0.145786
v 0.118938 -0.038203 -0.145786
v 0.286237 0.408192 -0.145786
v 0.255635 0.350233 -0.145786
v 0.222040 0.285215 -0.145786
v 0.188421 0.215464 -0.145786
v 0.157205 0.143720 -0.145786
v 0.129114 0.074123 -0.145786
v 0.104353 0.011270 -0.145786
v 0.250784 0.404829 -0.145786
v 0.221539 0.356696 -0.145786
v 0.189807 0.300891 -0.145786
v 0.159120 0.239482 -0.145786
v 0.132129 0.175020 -0.145786
v 0.109331 0.111828 -0.145786
v 0.090504 0.055063 -0.145786
v 0.626488 0.781187 -0.145786
v 0.627838 0.779098 -0.145786
v 0.628956 0.776795 -0.145786
v 0.629853 0.774295 -0.145786
v 0.630537 0.771608 -0.145786
v 0.630995 0.768736 -0.145786
v 0.631213 0.765676 -0.145786
v 0.578152 0.749464 -0.145786
v 0.579225 0.747425 -0.145786
v 0.580085 0.745188 -0.145786
v 0.580835 0.742828 -0.145786
v 0.581545 0.740397 -0.145786
v 0.582140 0.737855 -0.145786
v 0.582514 0.735143 -0.145786
v 0.525856 0.715148 -0.145786
v 0.526351 0.712985 -0.145786
v 0.526654 0.710638 -0.145786
v 0.527120 0.708345 -0.145786
v 0.527985 0.706268 -0.145786
v 0.529009 0.704261 -0.145786
v 0.529830 0.702103 -0.145786
v 0.471854 0.679721 -0.145786
v 0.471327 0.677157 -0.145786
v 0.470632 0.674421 -0.145786
v 0.470614 0.672070 -0.145786
v 0.471834 0.670476 -0.145786
v 0.473724 0.669289 -0.145786
v 0.475432 0.667976 -0.145786
v 0.418351 0.644635 -0.145786
v 0.416158 0.641256 -0.145786
v 0.413875 0.637744 -0.145786
v 0.413120 0.635159 -0.145786
v 0.414954 0.634202 -0.145786
v 0.418306 0.634207 -0.145786
v 0.421545 0.634151 -0.145786
v 0.367373 0.611236 -0.145786
v 0.362435 0.606335 -0.145786
v 0.357789 0.601525 -0.145786
v 0.356033 0.598505 -0.145786
v 0.358761 0.598334 -0.145786
v 0.364362 0.600011 -0.145786
v 0.370218 0.601897 -0.145786
v 0.320935 0.580873 -0.145786
v 0.311600 0.573360 -0.145786
v 0.303662 0.566610 -0.145786
v 0.300642 0.562937 -0.145786
v 0.304553 0.563683 -0.145786
v 0.313356 0.567597 -0.145786
v 0.323497 0.572463 -0.145786
v -0.177895 -0.241650 -0.145786
v -0.226079 -0.136983 -0.145786
v -0.278620 -0.022591 -0.145786
v -0.333306 0.096673 -0.145786
v -0.387923 0.215958 -0.145786
v -0.440248 0.330420 -0.145786
v -0.488054 0.435219 -0.145786
v -0.164180 -0.194442 -0.145786
v -0.208539 -0.097811 -0.145786
v -0.256934 0.007829 -0.145786
v -0.307367 0.117942 -0.145786
v -0.357819 0.228006 -0.145786
v -0.406198 0.333561 -0.145786
v -0.450390 0.430164 -0.145786
v -0.149358 -0.143337 -0.145786
v -0.189404 -0.055337 -0.145786
v -0.233166 0.040954 -0.145786
v -0.278943 0.141248 -0.145786
v -0.324968 0.241307 -0.145786
v -0.369224 0.337104 -0.145786
v -0.409629 0.424661 -0.145786
v -0.134076 -0.090519 -0.145786
v -0.169405 -0.011334 -0.145786
v -0.208158 0.075485 -0.145786
v -0.249043 0.165763 -0.145786
v -0.290618 0.255448 -0.145786
v -0.330840 0.340981 -0.145786
v -0.367518 0.418926 -0.145786
v -0.118936 -0.038203 -0.145786
v -0.149194 0.032419 -0.145786
v -0.182678 0.110141 -0.145786
v -0.218623 0.190703 -0.145786
v -0.255969 0.270092 -0.145786
v -0.292525 0.345222 -0.145786
v -0.325805 0.413247 -0.145786
v -0.104352 0.011270 -0.145786
v -0.129113 0.074123 -0.145786
v -0.157203 0.143720 -0.145786
v -0.188420 0.215464 -0.145786
v -0.222039 0.285215 -0.145786
v -0.255633 0.350233 -0.145786
v -0.286236 0.408192 -0.145786
v -0.090503 0.055063 -0.145786
v -0.109329 0.111828 -0.145786
v -0.132127 0.175020 -0.145786
v -0.159118 0.239482 -0.145786
v -0.189805 0.300891 -0.145786
v -0.221537 0.356696 -0.145786
v -0.250782 0.404829 -0.145786
v 0.607605 0.789605 -0.145786
v 0.610653 0.789353 -0.145786
v 0.613511 0.788864 -0.145786
v 0.616185 0.788149 -0.145786
v 0.618677 0.787214 -0.145786
v 0.620972 0.786057 -0.145786
v 0.623051 0.784671 -0.145786
v 0.560723 0.757230 -0.145786
v 0.563368 0.756883 -0.145786
v 0.565838 0.756317 -0.145786
v 0.568230 0.755604 -0.145786
v 0.570609 0.754793 -0.145786
v 0.572897 0.753839 -0.145786
v 0.574984 0.752674 -0.145786
v 0.509999 0.722204 -0.145786
v 0.511932 0.721569 -0.145786
v 0.513713 0.720734 -0.145786
v 0.515681 0.719939 -0.145786
v 0.518064 0.719344 -0.145786
v 0.520620 0.718794 -0.145786
v 0.522989 0.718054 -0.145786
v 0.457613 0.686036 -0.145786
v 0.458398 0.684822 -0.145786
v 0.459055 0.683428 -0.145786
v 0.460403 0.682419 -0.145786
v 0.462984 0.682173 -0.145786
v 0.466233 0.682319 -0.145786
v 0.469308 0.682301 -0.145786
v 0.405704 0.650207 -0.145786
v 0.404711 0.647986 -0.145786
v 0.403672 0.645636 -0.145786
v 0.404160 0.644240 -0.145786
v 0.407200 0.644510 -0.145786
v 0.411730 0.645744 -0.145786
v 0.416144 0.646873 -0.145786
v 0.356227 0.616078 -0.145786
v 0.352408 0.612127 -0.145786
v 0.348930 0.608299 -0.145786
v 0.348316 0.606327 -0.145786
v 0.352107 0.607283 -0.145786
v 0.358705 0.610116 -0.145786
v 0.365526 0.613108 -0.145786
v 0.311119 0.585009 -0.145786
v 0.302875 0.578220 -0.145786
v 0.296075 0.572276 -0.145786
v 0.294133 0.569533 -0.145786
v 0.298990 0.571345 -0.145786
v 0.308615 0.576386 -0.145786
v 0.319493 0.582334 -0.145786
v 0.141457 0.587655 -0.145786
v 0.187771 0.608611 -0.145786
v 0.238557 0.631569 -0.145786
v 0.291687 0.655557 -0.145786
v 0.345033 0.679601 -0.145786
v 0.396456 0.702720 -0.145786
v 0.443819 0.723930 -0.145786
v 0.130555 0.570866 -0.145786
v 0.173200 0.590120 -0.145786
v 0.219987 0.611228 -0.145786
v 0.268990 0.633333 -0.145786
v 0.318264 0.655562 -0.145786
v 0.365801 0.676975 -0.145786
v 0.409573 0.696619 -0.145786
v 0.118780 0.552713 -0.145786
v 0.157301 0.569987 -0.145786
v 0.199633 0.588967 -0.145786
v 0.244123 0.608983 -0.145786
v 0.289064 0.629309 -0.145786
v 0.332525 0.649003 -0.145786
v 0.372518 0.667069 -0.145786
v 0.106651 0.533984 -0.145786
v 0.140679 0.549004 -0.145786
v 0.178212 0.565593 -0.145786
v 0.217973 0.583371 -0.145786
v 0.258548 0.601828 -0.145786
v 0.297998 0.619940 -0.145786
v 0.334245 0.636550 -0.145786
v 0.094642 0.515436 -0.145786
v 0.123867 0.527903 -0.145786
v 0.156380 0.541855 -0.145786
v 0.191377 0.557317 -0.145786
v 0.227793 0.574060 -0.145786
v 0.263561 0.590882 -0.145786
v 0.296351 0.606324 -0.145786
v 0.083059 0.497705 -0.145786
v 0.107122 0.507193 -0.145786
v 0.134533 0.518279 -0.145786
v 0.164988 0.531457 -0.145786
v 0.197724 0.546767 -0.145786
v 0.230461 0.562783 -0.145786
v 0.260441 0.577613 -0.145786
v 0.071983 0.481327 -0.145786
v 0.090542 0.487275 -0.145786
v 0.112993 0.495327 -0.145786
v 0.139411 0.506378 -0.145786
v 0.169234 0.520668 -0.145786
v 0.199973 0.536571 -0.145786
v 0.228347 0.551738 -0.145786
v 0.000001 0.369976 -0.145786
v 0.009033 -0.001426 -0.145786
v 0.007178 0.036180 -0.145786
v 0.005325 0.062545 -0.145786
v 0.003613 0.072196 -0.145786
v 0.010047 0.040108 -0.145786
v 0.007797 0.091533 -0.145786
v 0.005272 0.130371 -0.145786
v 0.002928 0.145282 -0.145786
v 0.013328 0.074799 -0.145786
v 0.010778 0.139500 -0.145786
v 0.006993 0.197717 -0.145786
v 0.002454 0.226948 -0.145786
v 0.000001 -0.005607 -0.145786
v -0.000977 0.033246 -0.145786
v -0.002168 0.061030 -0.145786
v -0.003611 0.072196 -0.145786
v 0.000978 0.033246 -0.145786
v 0.000001 0.086210 -0.145786
v -0.001217 0.127448 -0.145786
v -0.002926 0.145282 -0.145786
v 0.002170 0.061029 -0.145786
v 0.001219 0.127448 -0.145786
v 0.000001 0.190108 -0.145786
v -0.002452 0.226948 -0.145786
v -0.009031 -0.001426 -0.145786
v -0.010046 0.040108 -0.145786
v -0.013326 0.074799 -0.145786
v -0.020053 0.099377 -0.145786
v -0.007176 0.036180 -0.145786
v -0.007795 0.091533 -0.145786
v -0.010776 0.139500 -0.145786
v -0.018424 0.172489 -0.145786
v -0.005323 0.062545 -0.145786
v -0.005270 0.130371 -0.145786
v -0.006991 0.197717 -0.145786
v -0.015203 0.250419 -0.145786
v -0.060980 0.105411 -0.145786
v -0.069844 0.165545 -0.145786
v -0.084282 0.225988 -0.145786
v -0.105496 0.283422 -0.145786
v -0.045171 0.112313 -0.145786
v -0.050420 0.179512 -0.145786
v -0.060646 0.244968 -0.145786
v -0.079785 0.304485 -0.145786
v -0.031010 0.111139 -0.145786
v -0.032371 0.184069 -0.145786
v -0.036255 0.258259 -0.145786
v -0.051281 0.327840 -0.145786
v -0.203832 0.417115 -0.145786
v -0.192036 0.432737 -0.145786
v -0.186351 0.449994 -0.145786
v -0.189150 0.468145 -0.145786
v -0.167821 0.379331 -0.145786
v -0.149683 0.396077 -0.145786
v -0.138423 0.415391 -0.145786
v -0.139742 0.437013 -0.145786
v -0.134126 0.334749 -0.145786
v -0.110743 0.354266 -0.145786
v -0.090801 0.377227 -0.145786
v -0.086408 0.405622 -0.145786
v -0.250975 0.525774 -0.145786
v -0.225047 0.510760 -0.145786
v -0.206563 0.500665 -0.145786
v -0.199215 0.497745 -0.145786
v -0.223888 0.506184 -0.145786
v -0.188599 0.485463 -0.145786
v -0.161526 0.470605 -0.145786
v -0.150390 0.466060 -0.145786
v -0.202378 0.486962 -0.145786
v -0.158136 0.460673 -0.145786
v -0.117626 0.438693 -0.145786
v -0.095984 0.430313 -0.145786
v -0.248634 0.534270 -0.145786
v -0.222318 0.517823 -0.145786
v -0.203195 0.506304 -0.145786
v -0.194931 0.502141 -0.145786
v -0.223487 0.516638 -0.145786
v -0.187833 0.494034 -0.145786
v -0.159823 0.476666 -0.145786
v -0.147186 0.469737 -0.145786
v -0.205785 0.503672 -0.145786
v -0.161242 0.475174 -0.145786
v -0.119094 0.448462 -0.145786
v -0.093990 0.433694 -0.145786
v -0.240359 0.536808 -0.145786
v -0.213378 0.519018 -0.145786
v -0.191562 0.505341 -0.145786
v -0.177508 0.497808 -0.145786
v -0.216638 0.519539 -0.145786
v -0.180682 0.495525 -0.145786
v -0.150278 0.475921 -0.145786
v -0.131203 0.465204 -0.145786
v -0.200304 0.507168 -0.145786
v -0.156104 0.477378 -0.145786
v -0.112789 0.448699 -0.145786
v -0.081221 0.429694 -0.145786
v -0.186748 0.515250 -0.145786
v -0.152593 0.493619 -0.145786
v -0.120392 0.474690 -0.145786
v -0.092700 0.460525 -0.145786
v -0.177098 0.504442 -0.145786
v -0.137146 0.477913 -0.145786
v -0.100166 0.454670 -0.145786
v -0.070329 0.438550 -0.145786
v -0.173285 0.498003 -0.145786
v -0.128229 0.467004 -0.145786
v -0.083284 0.436738 -0.145786
v -0.045462 0.414161 -0.145786
v -0.047189 0.452516 -0.145786
v -0.033435 0.439988 -0.145786
v -0.021058 0.429921 -0.145786
v -0.011428 0.423860 -0.145786
v -0.056884 0.450592 -0.145786
v -0.040038 0.434358 -0.145786
v -0.024257 0.420558 -0.145786
v -0.011919 0.412257 -0.145786
v -0.071704 0.452800 -0.145786
v -0.051152 0.432690 -0.145786
v -0.029782 0.412870 -0.145786
v -0.011052 0.398757 -0.145786
v -0.001197 0.431858 -0.145786
v -0.000853 0.425447 -0.145786
v -0.000444 0.420875 -0.145786
v 0.000001 0.419109 -0.145786
v -0.002366 0.426034 -0.145786
v -0.001910 0.417253 -0.145786
v -0.001071 0.410301 -0.145786
v 0.000001 0.407394 -0.145786
v -0.005426 0.422901 -0.145786
v -0.004935 0.411892 -0.145786
v -0.003227 0.401054 -0.145786
v 0.000001 0.394654 -0.145786
v 0.001201 0.431859 -0.145786
v 0.002369 0.426035 -0.145786
v 0.005430 0.422902 -0.145786
v 0.011432 0.423861 -0.145786
v 0.000856 0.425447 -0.145786
v 0.001913 0.417254 -0.145786
v 0.004938 0.411893 -0.145786
v 0.011923 0.412258 -0.145786
v 0.000447 0.420875 -0.145786
v 0.001074 0.410302 -0.145786
v 0.003230 0.401055 -0.145786
v 0.011055 0.398758 -0.145786
v 0.047196 0.452518 -0.145786
v 0.056889 0.450594 -0.145786
v 0.071709 0.452802 -0.145786
v 0.092705 0.460526 -0.145786
v 0.033441 0.439990 -0.145786
v 0.040043 0.434360 -0.145786
v 0.051157 0.432692 -0.145786
v 0.070333 0.438551 -0.145786
v 0.021063 0.429922 -0.145786
v 0.024262 0.420559 -0.145786
v 0.029786 0.412870 -0.145786
v 0.045466 0.414162 -0.145786
v 0.186751 0.515251 -0.145786
v 0.177101 0.504443 -0.145786
v 0.173287 0.498003 -0.145786
v 0.177510 0.497808 -0.145786
v 0.152597 0.493620 -0.145786
v 0.137149 0.477914 -0.145786
v 0.128232 0.467005 -0.145786
v 0.131206 0.465204 -0.145786
v 0.120396 0.474691 -0.145786
v 0.100169 0.454670 -0.145786
v 0.083287 0.436738 -0.145786
v 0.081223 0.429694 -0.145786
v 0.240361 0.536808 -0.145786
v 0.216639 0.519539 -0.145786
v 0.200306 0.507168 -0.145786
v 0.194932 0.502141 -0.145786
v 0.213380 0.519018 -0.145786
v 0.180684 0.495525 -0.145786
v 0.156106 0.477378 -0.145786
v 0.147188 0.469737 -0.145786
v 0.191564 0.505341 -0.145786
v 0.150280 0.475921 -0.145786
v 0.112791 0.448699 -0.145786
v 0.093992 0.433694 -0.145786
v 0.248636 0.534270 -0.145786
v 0.223489 0.516638 -0.145786
v 0.205787 0.503672 -0.145786
v 0.199216 0.497745 -0.145786
v 0.222319 0.517823 -0.145786
v 0.187835 0.494034 -0.145786
v 0.161244 0.475174 -0.145786
v 0.150392 0.466060 -0.145786
v 0.203197 0.506304 -0.145786
v 0.159825 0.476666 -0.145786
v 0.119096 0.448462 -0.145786
v 0.095986 0.430313 -0.145786
v 0.250977 0.525774 -0.145786
v 0.223890 0.506184 -0.145786
v 0.202380 0.486962 -0.145786
v 0.189151 0.468145 -0.145786
v 0.225049 0.510760 -0.145786
v 0.188601 0.485463 -0.145786
v 0.158138 0.460673 -0.145786
v 0.139744 0.437013 -0.145786
v 0.206564 0.500665 -0.145786
v 0.161528 0.470605 -0.145786
v 0.117628 0.438694 -0.145786
v 0.086410 0.405622 -0.145786
v 0.203834 0.417115 -0.145786
v 0.167823 0.379332 -0.145786
v 0.134128 0.334749 -0.145786
v 0.105498 0.283422 -0.145786
v 0.192038 0.432737 -0.145786
v 0.149685 0.396077 -0.145786
v 0.110745 0.354266 -0.145786
v 0.079787 0.304485 -0.145786
v 0.186353 0.449994 -0.145786
v 0.138425 0.415391 -0.145786
v 0.090803 0.377227 -0.145786
v 0.051283 0.327840 -0.145786
v 0.060981 0.105411 -0.145786
v 0.045173 0.112313 -0.145786
v 0.031012 0.111139 -0.145786
v 0.020055 0.099377 -0.145786
v 0.069846 0.165545 -0.145786
v 0.050422 0.179512 -0.145786
v 0.032373 0.184069 -0.145786
v 0.018426 0.172489 -0.145786
v 0.084283 0.225988 -0.145786
v 0.060647 0.244968 -0.145786
v 0.036257 0.258259 -0.145786
v 0.015205 0.250419 -0.145786
v -0.799547 0.862631 -0.009552
v -0.799547 0.862631 -0.019090
v -0.799547 0.862631 -0.028600
v -0.799547 0.862631 -0.038069
v -0.799547 0.862631 -0.047483
v -0.799547 0.862631 -0.056828
v -0.799547 0.862631 -0.066089
v -0.797258 0.854512 -0.009552
v -0.797258 0.854512 -0.019090
v -0.797258 0.854512 -0.028600
v -0.797258 0.854512 -0.038069
v -0.797258 0.854512 -0.047483
v -0.797258 0.854512 -0.056828
v -0.797258 0.854512 -0.066089
v -0.791900 0.840095 -0.009552
v -0.791900 0.840095 -0.019090
v -0.791900 0.840095 -0.028600
v -0.791900 0.840095 -0.038069
v -0.791900 0.840095 -0.047483
v -0.791900 0.840095 -0.056828
v -0.791900 0.840095 -0.066089
v -0.782093 0.816340 -0.009552
v -0.782093 0.816340 -0.019090
v -0.782093 0.816340 -0.028601
v -0.782094 0.816340 -0.038069
v -0.782093 0.816340 -0.047483
v -0.782093 0.816340 -0.056828
v -0.782093 0.816340 -0.066089
v -0.766457 0.780209 -0.009552
v -0.766457 0.780209 -0.019090
v -0.766458 0.780209 -0.028601
v -0.766457 0.780209 -0.038069
v -0.766457 0.780209 -0.047483
v -0.766458 0.780209 -0.056828
v -0.766457 0.780209 -0.066089
v -0.743613 0.728665 -0.009552
v -0.743612 0.728664 -0.019090
v -0.743612 0.728664 -0.028601
v -0.743613 0.728665 -0.038069
v -0.743612 0.728664 -0.047483
v -0.743612 0.728664 -0.056828
v -0.743613 0.728665 -0.066089
v -0.712178 0.658667 -0.009552
v -0.712178 0.658667 -0.019090
v -0.712178 0.658667 -0.028601
v -0.712178 0.658667 -0.038070
v -0.712178 0.658667 -0.047483
v -0.712178 0.658667 -0.056828
v -0.712178 0.658667 -0.066089
v 0.025019 -0.817099 0.084290
v 0.025016 -0.816979 0.093094
v 0.025009 -0.816652 0.101543
v 0.024996 -0.816016 0.109518
v 0.024974 -0.814968 0.116895
v 0.024941 -0.813404 0.123553
v 0.024895 -0.811221 0.129371
v 0.021557 -0.819591 0.084290
v 0.021555 -0.819471 0.093094
v 0.021549 -0.819144 0.101543
v 0.021537 -0.818506 0.109518
v 0.021518 -0.817456 0.116895
v 0.021490 -0.815888 0.123553
v 0.021451 -0.813700 0.129371
v 0.018044 -0.821710 0.084290
v 0.018042 -0.821590 0.093094
v 0.018037 -0.821262 0.101543
v 0.018027 -0.820623 0.109518
v 0.018011 -0.819571 0.116895
v 0.017988 -0.818000 0.123553
v 0.017954 -0.815809 0.129371
v 0.014487 -0.823453 0.084290
v 0.014486 -0.823332 0.093094
v 0.014482 -0.823003 0.101543
v 0.014474 -0.822364 0.109518
v 0.014461 -0.821310 0.116895
v 0.014442 -0.819737 0.123553
v 0.014415 -0.817542 0.129371
v 0.010896 -0.824814 0.084290
v 0.010895 -0.824693 0.093094
v 0.010892 -0.824365 0.101543
v 0.010886 -0.823725 0.109518
v 0.010876 -0.822669 0.116895
v 0.010862 -0.821094 0.123553
v 0.010842 -0.818897 0.129371
v 0.007278 -0.825792 0.084290
v 0.007278 -0.825670 0.093094
v 0.007276 -0.825341 0.101543
v 0.007272 -0.824701 0.109518
v 0.007265 -0.823645 0.116895
v 0.007256 -0.822069 0.123553
v 0.007242 -0.819870 0.129371
v 0.003644 -0.826381 0.084290
v 0.003643 -0.826259 0.093094
v 0.003642 -0.825930 0.101543
v 0.003640 -0.825289 0.109518
v 0.003637 -0.824233 0.116895
v 0.003632 -0.822656 0.123553
v 0.003626 -0.820456 0.129371
v 0.179324 0.645928 0.084290
v 0.179306 0.645900 0.093094
v 0.179256 0.645825 0.101543
v 0.179160 0.645677 0.109518
v 0.179002 0.645433 0.116895
v 0.178766 0.645069 0.123553
v 0.178436 0.644562 0.129371
v 0.238054 0.672510 0.084290
v 0.238030 0.672479 0.093094
v 0.237964 0.672396 0.101543
v 0.237837 0.672234 0.109518
v 0.237627 0.671967 0.116895
v 0.237313 0.671568 0.123553
v 0.236875 0.671012 0.129371
v 0.302450 0.701628 0.084290
v 0.302419 0.701594 0.093094
v 0.302336 0.701503 0.101543
v 0.302174 0.701326 0.109518
v 0.301907 0.701033 0.116895
v 0.301508 0.700595 0.123553
v 0.300952 0.699986 0.129371
v 0.369809 0.732044 0.084290
v 0.369772 0.732007 0.093094
v 0.369670 0.731908 0.101543
v 0.369472 0.731714 0.109518
v 0.369145 0.731394 0.116895
v 0.368658 0.730917 0.123553
v 0.367978 0.730251 0.129371
v 0.437428 0.762519 0.084290
v 0.437384 0.762479 0.093094
v 0.437263 0.762371 0.101543
v 0.437029 0.762161 0.109518
v 0.436643 0.761814 0.116895
v 0.436066 0.761297 0.123553
v 0.435262 0.760575 0.129371
v 0.502604 0.791813 0.084290
v 0.502553 0.791770 0.093094
v 0.502415 0.791654 0.101543
v 0.502145 0.791428 0.109518
v 0.501701 0.791055 0.116895
v 0.501039 0.790499 0.123553
v 0.500115 0.789724 0.129371
v 0.562634 0.818687 0.084290
v 0.562577 0.818642 0.093094
v 0.562422 0.818518 0.101543
v 0.562121 0.818278 0.109518
v 0.561624 0.817881 0.116895
v 0.560882 0.817290 0.123553
v 0.559848 0.816465 0.129371
v -0.800195 0.871610 0.084290
v -0.800114 0.871559 0.093094
v -0.799894 0.871421 0.101544
v -0.799465 0.871153 0.109518
v -0.798759 0.870709 0.116895
v -0.797704 0.870048 0.123553
v -0.796233 0.869126 0.129371
v -0.799950 0.875509 0.084290
v -0.799869 0.875457 0.093094
v -0.799648 0.875318 0.101544
v -0.799220 0.875047 0.109518
v -0.798513 0.874601 0.116895
v -0.797459 0.873935 0.123553
v -0.795988 0.873005 0.129371
v -0.799400 0.879169 0.084290
v -0.799319 0.879117 0.093094
v -0.799099 0.878977 0.101544
v -0.798670 0.878704 0.109518
v -0.797964 0.878255 0.116895
v -0.796911 0.877584 0.123553
v -0.795441 0.876647 0.129371
v -0.798548 0.882584 0.084290
v -0.798467 0.882532 0.093094
v -0.798247 0.882391 0.101544
v -0.797819 0.882116 0.109518
v -0.797114 0.881663 0.116895
v -0.796062 0.880988 0.123553
v -0.794593 0.880045 0.129371
v -0.797396 0.885744 0.084290
v -0.797316 0.885692 0.093094
v -0.797096 0.885550 0.101544
v -0.796669 0.885274 0.109518
v -0.795965 0.884818 0.116895
v -0.794914 0.884138 0.123553
v -0.793447 0.883190 0.129371
v -0.795948 0.888643 0.084290
v -0.795868 0.888591 0.093094
v -0.795649 0.888448 0.101544
v -0.795222 0.888170 0.109518
v -0.794519 0.887712 0.116895
v -0.793470 0.887028 0.123553
v -0.792006 0.886075 0.129371
v -0.794205 0.891272 0.084290
v -0.794125 0.891219 0.093094
v -0.793907 0.891076 0.101544
v -0.793481 0.890797 0.109518
v -0.792779 0.890336 0.116895
v -0.791733 0.889649 0.123553
v -0.790272 0.888690 0.129371
v -0.003643 -0.826381 0.084290
v -0.003643 -0.826259 0.093094
v -0.003642 -0.825930 0.101543
v -0.003640 -0.825289 0.109518
v -0.003637 -0.824232 0.116895
v -0.003632 -0.822656 0.123553
v -0.003625 -0.820456 0.129371
v -0.007278 -0.825792 0.084290
v -0.007277 -0.825670 0.093094
v -0.007275 -0.825341 0.101543
v -0.007271 -0.824701 0.109518
v -0.007265 -0.823645 0.116895
v -0.007255 -0.822069 0.123553
v -0.007242 -0.819870 0.129371
v -0.010895 -0.824814 0.084290
v -0.010894 -0.824693 0.093094
v -0.010891 -0.824365 0.101543
v -0.010885 -0.823725 0.109518
v -0.010876 -0.822669 0.116895
v -0.010861 -0.821095 0.123553
v -0.010841 -0.818897 0.129371
v -0.014487 -0.823453 0.084290
v -0.014485 -0.823332 0.093094
v -0.014481 -0.823004 0.101543
v -0.014474 -0.822364 0.109518
v -0.014461 -0.821310 0.116895
v -0.014442 -0.819737 0.123553
v -0.014415 -0.817542 0.129371
v -0.018043 -0.821710 0.084290
v -0.018041 -0.821590 0.093094
v -0.018037 -0.821262 0.101543
v -0.018027 -0.820623 0.109518
v -0.018011 -0.819571 0.116895
v -0.017987 -0.818000 0.123553
v -0.017954 -0.815809 0.129371
v -0.021557 -0.819592 0.084290
v -0.021554 -0.819471 0.093094
v -0.021549 -0.819144 0.101543
v -0.021537 -0.818506 0.109518
v -0.021518 -0.817455 0.116895
v -0.021490 -0.815888 0.123553
v -0.021450 -0.813700 0.129371
v -0.025018 -0.817099 0.084290
v -0.025016 -0.816979 0.093094
v -0.025009 -0.816652 0.101543
v -0.024995 -0.816016 0.109518
v -0.024973 -0.814968 0.116895
v -0.024940 -0.813404 0.123553
v -0.024894 -0.811221 0.129371
v -0.179309 0.645921 0.084290
v -0.238040 0.672503 0.084290
v -0.302437 0.701622 0.084290
v -0.369798 0.732039 0.084290
v -0.437419 0.762514 0.084290
v -0.502597 0.791809 0.084290
v -0.562629 0.818684 0.084290
v -0.179290 0.645893 0.093094
v -0.238016 0.672473 0.093094
v -0.302406 0.701589 0.093094
v -0.369760 0.732002 0.093094
v -0.437374 0.762474 0.093094
v -0.502546 0.791767 0.093094
v -0.562571 0.818639 0.093094
v -0.179241 0.645818 0.101544
v -0.237950 0.672389 0.101544
v -0.302323 0.701497 0.101544
v -0.369659 0.731902 0.101544
v -0.437254 0.762366 0.101544
v -0.502407 0.791650 0.101544
v -0.562417 0.818516 0.101544
v -0.179145 0.645670 0.109518
v -0.237822 0.672227 0.109518
v -0.302161 0.701320 0.109518
v -0.369460 0.731709 0.109518
v -0.437020 0.762156 0.109518
v -0.502138 0.791424 0.109518
v -0.562115 0.818275 0.109518
v -0.178987 0.645426 0.116895
v -0.237612 0.671960 0.116895
v -0.301894 0.701027 0.116895
v -0.369134 0.731389 0.116895
v -0.436633 0.761809 0.116895
v -0.501694 0.791052 0.116895
v -0.561618 0.817879 0.116895
v -0.178750 0.645062 0.123553
v -0.237299 0.671561 0.123553
v -0.301495 0.700590 0.123553
v -0.368646 0.730912 0.123553
v -0.436057 0.761292 0.123553
v -0.501032 0.790496 0.123553
v -0.560877 0.817288 0.123553
v -0.178421 0.644555 0.129371
v -0.236861 0.671005 0.129371
v -0.300939 0.699980 0.129371
v -0.367966 0.730246 0.129371
v -0.435252 0.760570 0.129371
v -0.500108 0.789720 0.129371
v -0.559842 0.816462 0.129371
v -0.789847 0.895690 0.084290
v -0.789767 0.895636 0.093094
v -0.789550 0.895492 0.101544
v -0.789127 0.895210 0.109518
v -0.788429 0.894746 0.116895
v -0.787388 0.894053 0.123553
v -0.785936 0.893086 0.129371
v -0.787242 0.897468 0.084290
v -0.787162 0.897414 0.093094
v -0.786945 0.897269 0.101544
v -0.786524 0.896986 0.109518
v -0.785828 0.896520 0.116895
v -0.784791 0.895825 0.123553
v -0.783343 0.894855 0.129371
v -0.784363 0.898955 0.084290
v -0.784283 0.898901 0.093094
v -0.784068 0.898756 0.101544
v -0.783647 0.898472 0.109518
v -0.782954 0.898005 0.116895
v -0.781921 0.897308 0.123553
v -0.780478 0.896335 0.129371
v -0.781218 0.900149 0.084290
v -0.781139 0.900095 0.093094
v -0.780924 0.899949 0.101544
v -0.780505 0.899665 0.109518
v -0.779815 0.899197 0.116895
v -0.778786 0.898498 0.123553
v -0.777349 0.897523 0.129371
v -0.777815 0.901046 0.084290
v -0.777736 0.900992 0.093094
v -0.777522 0.900846 0.101544
v -0.777106 0.900562 0.109518
v -0.776419 0.900093 0.116895
v -0.775393 0.899393 0.123553
v -0.773963 0.898416 0.129371
v -0.774162 0.901646 0.084290
v -0.774084 0.901592 0.093094
v -0.773871 0.901445 0.101544
v -0.773456 0.901160 0.109518
v -0.772772 0.900691 0.116895
v -0.771752 0.899990 0.123553
v -0.770329 0.899013 0.129371
v -0.770268 0.901944 0.084290
v -0.770190 0.901890 0.093094
v -0.769978 0.901743 0.101544
v -0.769565 0.901459 0.109518
v -0.768885 0.900989 0.116895
v -0.767870 0.900288 0.123553
v -0.766453 0.899309 0.129371
v -0.031985 -0.810505 0.084290
v -0.031982 -0.810386 0.093094
v -0.031973 -0.810061 0.101543
v -0.031956 -0.809428 0.109518
v -0.031928 -0.808385 0.116895
v -0.031886 -0.806830 0.123553
v -0.031827 -0.804659 0.129371
v -0.036884 -0.803377 0.084290
v -0.036880 -0.803258 0.093094
v -0.036870 -0.802935 0.101543
v -0.036850 -0.802307 0.109518
v -0.036818 -0.801270 0.116895
v -0.036769 -0.799724 0.123553
v -0.036701 -0.797566 0.129371
v -0.044517 -0.789823 0.084290
v -0.044512 -0.789705 0.093094
v -0.044500 -0.789386 0.101543
v -0.044476 -0.788764 0.109518
v -0.044436 -0.787740 0.116895
v -0.044378 -0.786212 0.123553
v -0.044296 -0.784079 0.129371
v -0.056285 -0.766812 0.084290
v -0.056279 -0.766697 0.093094
v -0.056264 -0.766384 0.101543
v -0.056233 -0.765775 0.109518
v -0.056184 -0.764771 0.116895
v -0.056110 -0.763273 0.123553
v -0.056006 -0.761182 0.129371
v -0.073590 -0.731316 0.084290
v -0.073583 -0.731204 0.093094
v -0.073563 -0.730901 0.101543
v -0.073523 -0.730311 0.109518
v -0.073458 -0.729338 0.116895
v -0.073361 -0.727887 0.123553
v -0.073226 -0.725862 0.129371
v -0.097835 -0.680303 0.084290
v -0.097825 -0.680196 0.093094
v -0.097799 -0.679907 0.101543
v -0.097746 -0.679345 0.109518
v -0.097660 -0.678417 0.116895
v -0.097531 -0.677033 0.123553
v -0.097351 -0.675101 0.129371
v -0.130421 -0.610743 0.084290
v -0.130408 -0.610644 0.093094
v -0.130372 -0.610374 0.101543
v -0.130302 -0.609848 0.109518
v -0.130187 -0.608982 0.116895
v -0.130015 -0.607690 0.123553
v -0.129775 -0.605886 0.129371
v -0.761567 0.901532 0.084290
v -0.761490 0.901478 0.093094
v -0.761281 0.901332 0.101544
v -0.760873 0.901047 0.109518
v -0.760200 0.900578 0.116895
v -0.759196 0.899877 0.123553
v -0.757796 0.898899 0.129371
v -0.755479 0.900245 0.084290
v -0.755403 0.900192 0.093094
v -0.755195 0.900046 0.101544
v -0.754790 0.899762 0.109518
v -0.754123 0.899293 0.116895
v -0.753127 0.898594 0.123553
v -0.751738 0.897619 0.129371
v -0.746583 0.897505 0.084290
v -0.746508 0.897451 0.093094
v -0.746302 0.897306 0.101544
v -0.745902 0.897024 0.109518
v -0.745243 0.896558 0.116895
v -0.744259 0.895862 0.123553
v -0.742886 0.894892 0.129371
v -0.733589 0.892736 0.084290
v -0.733514 0.892683 0.093094
v -0.733313 0.892539 0.101544
v -0.732920 0.892259 0.109518
v -0.732272 0.891797 0.116895
v -0.731305 0.891109 0.123553
v -0.729956 0.890147 0.129371
v -0.715205 0.885365 0.084290
v -0.715133 0.885313 0.093094
v -0.714936 0.885171 0.101544
v -0.714553 0.884895 0.109518
v -0.713921 0.884440 0.116895
v -0.712978 0.883761 0.123553
v -0.711663 0.882813 0.129371
v -0.690141 0.874819 0.084290
v -0.690072 0.874767 0.093094
v -0.689882 0.874628 0.101544
v -0.689512 0.874358 0.109518
v -0.688902 0.873912 0.116895
v -0.687993 0.873247 0.123553
v -0.686724 0.872318 0.129371
v -0.657107 0.860522 0.084290
v -0.657041 0.860472 0.093094
v -0.656860 0.860337 0.101544
v -0.656508 0.860074 0.109518
v -0.655927 0.859641 0.116895
v -0.655061 0.858995 0.123553
v -0.653853 0.858092 0.129371
v 0.712168 0.658663 0.084290
v 0.743602 0.728660 0.084290
v 0.766446 0.780204 0.084290
v 0.782082 0.816334 0.084290
v 0.791889 0.840088 0.084290
v 0.797246 0.854506 0.084290
v 0.799535 0.862624 0.084290
v 0.712096 0.658634 0.093094
v 0.743526 0.728623 0.093094
v 0.766369 0.780162 0.093094
v 0.782003 0.816289 0.093094
v 0.791808 0.840041 0.093094
v 0.797166 0.854456 0.093094
v 0.799454 0.862574 0.093094
v 0.711900 0.658554 0.101543
v 0.743322 0.728524 0.101543
v 0.766158 0.780049 0.101543
v 0.781787 0.816166 0.101543
v 0.791591 0.839911 0.101543
v 0.796946 0.854323 0.101543
v 0.799234 0.862439 0.101543
v 0.711518 0.658400 0.109518
v 0.742923 0.728332 0.109518
v 0.765747 0.779829 0.109518
v 0.781368 0.815926 0.109518
v 0.791166 0.839659 0.109518
v 0.796519 0.854063 0.109518
v 0.798806 0.862175 0.109518
v 0.710889 0.658145 0.116895
v 0.742266 0.728016 0.116895
v 0.765070 0.779467 0.116895
v 0.780678 0.815532 0.116895
v 0.790467 0.839244 0.116895
v 0.795815 0.853635 0.116895
v 0.798099 0.861739 0.116895
v 0.709951 0.657764 0.123553
v 0.741287 0.727543 0.123553
v 0.764060 0.778926 0.123553
v 0.779647 0.814944 0.123553
v 0.789423 0.838625 0.123553
v 0.794764 0.852997 0.123553
v 0.797046 0.861090 0.123553
v 0.708641 0.657233 0.129371
v 0.739919 0.726883 0.129371
v 0.762650 0.778172 0.129371
v 0.778209 0.814123 0.129371
v 0.787967 0.837760 0.129371
v 0.793298 0.852106 0.129371
v 0.795575 0.860184 0.129371
v 0.225519 -0.405392 0.084290
v 0.286621 -0.272712 0.084290
v 0.353244 -0.127710 0.084290
v 0.422577 0.023474 0.084290
v 0.491806 0.174696 0.084290
v 0.558122 0.319815 0.084290
v 0.618712 0.452689 0.084290
v 0.225496 -0.405313 0.093094
v 0.286592 -0.272647 0.093094
v 0.353208 -0.127659 0.093094
v 0.422534 0.023509 0.093094
v 0.491757 0.174716 0.093094
v 0.558066 0.319820 0.093094
v 0.618650 0.452680 0.093094
v 0.225434 -0.405100 0.101543
v 0.286513 -0.272470 0.101543
v 0.353111 -0.127522 0.101543
v 0.422417 0.023604 0.101543
v 0.491621 0.174769 0.101543
v 0.557912 0.319834 0.101543
v 0.618479 0.452658 0.101543
v 0.225313 -0.404685 0.109518
v 0.286360 -0.272126 0.109518
v 0.352922 -0.127256 0.109518
v 0.422191 0.023790 0.109518
v 0.491358 0.174874 0.109518
v 0.557613 0.319861 0.109518
v 0.618148 0.452613 0.109518
v 0.225114 -0.404000 0.116895
v 0.286106 -0.271558 0.116895
v 0.352610 -0.126816 0.116895
v 0.421818 0.024096 0.116895
v 0.490923 0.175047 0.116895
v 0.557120 0.319905 0.116895
v 0.617602 0.452540 0.116895
v 0.224817 -0.402978 0.123553
v 0.285729 -0.270711 0.123553
v 0.352144 -0.126160 0.123553
v 0.421261 0.024552 0.123553
v 0.490275 0.175304 0.123553
v 0.556385 0.319971 0.123553
v 0.616786 0.452431 0.123553
v 0.224402 -0.401552 0.129371
v 0.285202 -0.269529 0.129371
v 0.351495 -0.125245 0.129371
v 0.420484 0.025190 0.129371
v 0.489371 0.175663 0.129371
v 0.555358 0.320063 0.129371
v 0.615648 0.452279 0.129371
v 0.800195 0.871610 0.084290
v 0.799949 0.875509 0.084290
v 0.799399 0.879169 0.084290
v 0.798548 0.882584 0.084290
v 0.797396 0.885745 0.084290
v 0.795948 0.888643 0.084290
v 0.794205 0.891272 0.084290
v 0.800114 0.871560 0.093094
v 0.799868 0.875458 0.093094
v 0.799318 0.879118 0.093094
v 0.798467 0.882532 0.093094
v 0.797315 0.885692 0.093094
v 0.795867 0.888591 0.093094
v 0.794125 0.891220 0.093094
v 0.799894 0.871422 0.101543
v 0.799648 0.875318 0.101543
v 0.799098 0.878978 0.101543
v 0.798247 0.882391 0.101543
v 0.797096 0.885550 0.101543
v 0.795648 0.888448 0.101543
v 0.793906 0.891076 0.101543
v 0.799465 0.871153 0.109518
v 0.799220 0.875048 0.109518
v 0.798670 0.878705 0.109518
v 0.797819 0.882116 0.109518
v 0.796669 0.885274 0.109518
v 0.795222 0.888170 0.109518
v 0.793481 0.890797 0.109518
v 0.798759 0.870710 0.116895
v 0.798513 0.874601 0.116895
v 0.797964 0.878255 0.116895
v 0.797114 0.881663 0.116895
v 0.795964 0.884818 0.116895
v 0.794519 0.887712 0.116895
v 0.792779 0.890336 0.116895
v 0.797704 0.870049 0.123553
v 0.797459 0.873935 0.123553
v 0.796911 0.877584 0.123553
v 0.796061 0.880988 0.123553
v 0.794914 0.884139 0.123553
v 0.793470 0.887029 0.123553
v 0.791733 0.889649 0.123553
v 0.796232 0.869126 0.129371
v 0.795988 0.873005 0.129371
v 0.795441 0.876648 0.129371
v 0.794593 0.880045 0.129371
v 0.793447 0.883190 0.129371
v 0.792006 0.886075 0.129371
v 0.790272 0.888691 0.129371
v -0.225519 -0.405392 0.084290
v -0.225496 -0.405313 0.093094
v -0.225434 -0.405100 0.101543
v -0.225313 -0.404685 0.109518
v -0.225114 -0.404000 0.116895
v -0.224816 -0.402978 0.123553
v -0.224402 -0.401552 0.129371
v -0.286621 -0.272712 0.084290
v -0.286592 -0.272647 0.093094
v -0.286513 -0.272470 0.101543
v -0.286359 -0.272126 0.109518
v -0.286106 -0.271558 0.116895
v -0.285729 -0.270711 0.123553
v -0.285201 -0.269530 0.129371
v -0.353244 -0.127710 0.084290
v -0.353208 -0.127659 0.093094
v -0.353111 -0.127522 0.101543
v -0.352922 -0.127256 0.109518
v -0.352610 -0.126816 0.116895
v -0.352144 -0.126160 0.123553
v -0.351495 -0.125245 0.129371
v -0.422576 0.023473 0.084290
v -0.422533 0.023509 0.093094
v -0.422417 0.023604 0.101543
v -0.422191 0.023790 0.109518
v -0.421818 0.024096 0.116895
v -0.421261 0.024552 0.123553
v -0.420484 0.025190 0.129371
v -0.491806 0.174696 0.084290
v -0.491756 0.174716 0.093094
v -0.491621 0.174769 0.101543
v -0.491358 0.174874 0.109518
v -0.490923 0.175046 0.116895
v -0.490275 0.175304 0.123553
v -0.489371 0.175663 0.129371
v -0.558122 0.319815 0.084290
v -0.558066 0.319820 0.093094
v -0.557912 0.319834 0.101544
v -0.557613 0.319860 0.109518
v -0.557120 0.319905 0.116895
v -0.556385 0.319971 0.123553
v -0.555358 0.320063 0.129371
v -0.618712 0.452689 0.084290
v -0.618650 0.452680 0.093094
v -0.618480 0.452658 0.101544
v -0.618148 0.452613 0.109518
v -0.617602 0.452540 0.116895
v -0.616786 0.452431 0.123553
v -0.615648 0.452279 0.129371
v 0.789847 0.895690 0.084290
v 0.787242 0.897468 0.084290
v 0.784363 0.898955 0.084290
v 0.781218 0.900149 0.084290
v 0.777815 0.901046 0.084290
v 0.774162 0.901646 0.084290
v 0.770267 0.901944 0.084290
v 0.789767 0.895636 0.093094
v 0.787162 0.897414 0.093094
v 0.784283 0.898901 0.093094
v 0.781139 0.900095 0.093094
v 0.777736 0.900993 0.093094
v 0.774084 0.901592 0.093094
v 0.770189 0.901890 0.093094
v 0.789550 0.895492 0.101543
v 0.786945 0.897269 0.101543
v 0.784067 0.898756 0.101543
v 0.780924 0.899949 0.101543
v 0.777522 0.900846 0.101543
v 0.773871 0.901446 0.101543
v 0.769977 0.901744 0.101543
v 0.789126 0.895210 0.109518
v 0.786524 0.896987 0.109518
v 0.783647 0.898472 0.109518
v 0.780505 0.899665 0.109518
v 0.777106 0.900562 0.109518
v 0.773456 0.901161 0.109518
v 0.769565 0.901459 0.109518
v 0.788429 0.894746 0.116895
v 0.785828 0.896521 0.116895
v 0.782954 0.898005 0.116895
v 0.779815 0.899197 0.116895
v 0.776418 0.900093 0.116895
v 0.772772 0.900691 0.116895
v 0.768884 0.900989 0.116895
v 0.787388 0.894053 0.123553
v 0.784791 0.895826 0.123553
v 0.781921 0.897308 0.123553
v 0.778786 0.898498 0.123553
v 0.775393 0.899393 0.123553
v 0.771752 0.899991 0.123553
v 0.767869 0.900288 0.123553
v 0.785935 0.893086 0.129371
v 0.783343 0.894855 0.129371
v 0.780478 0.896335 0.129371
v 0.777349 0.897523 0.129371
v 0.773963 0.898417 0.129371
v 0.770328 0.899013 0.129371
v 0.766453 0.899310 0.129371
v 0.761567 0.901532 0.084290
v 0.755479 0.900246 0.084290
v 0.746583 0.897505 0.084290
v 0.733589 0.892737 0.084290
v 0.715206 0.885366 0.084290
v 0.690143 0.874820 0.084290
v 0.657110 0.860523 0.084290
v 0.761490 0.901479 0.093094
v 0.755403 0.900192 0.093094
v 0.746508 0.897452 0.093094
v 0.733515 0.892684 0.093094
v 0.715133 0.885314 0.093094
v 0.690073 0.874768 0.093094
v 0.657043 0.860473 0.093094
v 0.761281 0.901332 0.101543
v 0.755195 0.900046 0.101543
v 0.746302 0.897306 0.101543
v 0.733313 0.892540 0.101543
v 0.714937 0.885172 0.101543
v 0.689883 0.874629 0.101543
v 0.656862 0.860338 0.101543
v 0.760873 0.901047 0.109518
v 0.754790 0.899762 0.109518
v 0.745902 0.897024 0.109518
v 0.732920 0.892260 0.109518
v 0.714554 0.884896 0.109518
v 0.689513 0.874359 0.109518
v 0.656510 0.860076 0.109518
v 0.760200 0.900578 0.116895
v 0.754123 0.899294 0.116895
v 0.745243 0.896558 0.116895
v 0.732272 0.891798 0.116895
v 0.713922 0.884441 0.116895
v 0.688904 0.873913 0.116895
v 0.655930 0.859642 0.116895
v 0.759196 0.899877 0.123553
v 0.753127 0.898595 0.123553
v 0.744259 0.895863 0.123553
v 0.731305 0.891109 0.123553
v 0.712979 0.883761 0.123553
v 0.687994 0.873248 0.123553
v 0.655064 0.858996 0.123553
v 0.757796 0.898900 0.129371
v 0.751738 0.897620 0.129371
v 0.742886 0.894893 0.129371
v 0.729956 0.890148 0.129371
v 0.711664 0.882814 0.129371
v 0.686725 0.872319 0.129371
v 0.653855 0.858094 0.129371
v 0.130421 -0.610743 0.084290
v 0.130408 -0.610644 0.093094
v 0.130372 -0.610374 0.101543
v 0.130302 -0.609848 0.109518
v 0.130187 -0.608982 0.116895
v 0.130015 -0.607690 0.123553
v 0.129775 -0.605886 0.129371
v 0.097836 -0.680303 0.084290
v 0.097826 -0.680196 0.093094
v 0.097799 -0.679907 0.101543
v 0.097746 -0.679345 0.109518
v 0.097660 -0.678417 0.116895
v 0.097531 -0.677033 0.123553
v 0.097351 -0.675101 0.129371
v 0.073591 -0.731316 0.084290
v 0.073583 -0.731204 0.093094
v 0.073563 -0.730901 0.101543
v 0.073524 -0.730311 0.109518
v 0.073459 -0.729338 0.116895
v 0.073362 -0.727887 0.123553
v 0.073226 -0.725862 0.129371
v 0.056285 -0.766812 0.084290
v 0.056279 -0.766697 0.093094
v 0.056264 -0.766384 0.101543
v 0.056234 -0.765775 0.109518
v 0.056184 -0.764771 0.116895
v 0.056110 -0.763273 0.123553
v 0.056006 -0.761183 0.129371
v 0.044517 -0.789823 0.084290
v 0.044512 -0.789705 0.093094
v 0.044500 -0.789386 0.101543
v 0.044476 -0.788765 0.109518
v 0.044437 -0.787740 0.116895
v 0.044378 -0.786212 0.123553
v 0.044296 -0.784079 0.129371
v 0.036884 -0.803377 0.084290
v 0.036880 -0.803258 0.093094
v 0.036870 -0.802935 0.101543
v 0.036850 -0.802307 0.109518
v 0.036818 -0.801270 0.116895
v 0.036769 -0.799724 0.123553
v 0.036702 -0.797566 0.129371
v 0.031985 -0.810505 0.084290
v 0.031982 -0.810385 0.093094
v 0.031973 -0.810061 0.101543
v 0.031956 -0.809428 0.109518
v 0.031928 -0.808386 0.116895
v 0.031886 -0.806830 0.123553
v 0.031827 -0.804659 0.129371
v 0.002440 0.566473 0.084290
v 0.001614 0.566335 0.084290
v 0.000803 0.566251 0.084290
v 0.000000 0.566223 0.084290
v -0.000802 0.566251 0.084290
v -0.001612 0.566334 0.084290
v -0.002437 0.566472 0.084290
v 0.002439 0.566454 0.093094
v 0.001613 0.566315 0.093094
v 0.000803 0.566231 0.093094
v 0.000000 0.566203 0.093094
v -0.000802 0.566231 0.093094
v -0.001612 0.566314 0.093094
v -0.002437 0.566452 0.093094
v 0.002439 0.566399 0.101543
v 0.001613 0.566261 0.101543
v 0.000803 0.566177 0.101543
v 0.000000 0.566149 0.101543
v -0.000802 0.566177 0.101543
v -0.001611 0.566260 0.101543
v -0.002436 0.566398 0.101543
v 0.002438 0.566294 0.109518
v 0.001612 0.566155 0.109518
v 0.000802 0.566072 0.109518
v 0.000000 0.566044 0.109518
v -0.000801 0.566072 0.109518
v -0.001610 0.566155 0.109518
v -0.002435 0.566293 0.109518
v 0.002435 0.566121 0.116895
v 0.001611 0.565982 0.116895
v 0.000802 0.565899 0.116895
v 0.000000 0.565871 0.116895
v -0.000800 0.565898 0.116895
v -0.001609 0.565981 0.116895
v -0.002433 0.566119 0.116895
v 0.002432 0.565862 0.123553
v 0.001609 0.565723 0.123553
v 0.000801 0.565640 0.123553
v 0.000000 0.565612 0.123553
v -0.000799 0.565640 0.123553
v -0.001607 0.565723 0.123553
v -0.002430 0.565860 0.123553
v 0.002428 0.565500 0.129371
v 0.001606 0.565362 0.129371
v 0.000799 0.565279 0.129371
v 0.000000 0.565251 0.129371
v -0.000798 0.565279 0.129371
v -0.001604 0.565361 0.129371
v -0.002425 0.565499 0.129371
v -0.712168 0.658663 0.084290
v -0.712096 0.658633 0.093094
v -0.711900 0.658554 0.101544
v -0.711518 0.658399 0.109518
v -0.710889 0.658144 0.116895
v -0.709951 0.657764 0.123553
v -0.708641 0.657233 0.129371
v -0.743602 0.728659 0.084290
v -0.743526 0.728623 0.093094
v -0.743322 0.728524 0.101544
v -0.742923 0.728332 0.109518
v -0.742267 0.728015 0.116895
v -0.741287 0.727543 0.123553
v -0.739919 0.726883 0.129371
v -0.766446 0.780203 0.084290
v -0.766369 0.780162 0.093094
v -0.766158 0.780049 0.101544
v -0.765747 0.779829 0.109518
v -0.765070 0.779467 0.116895
v -0.764060 0.778926 0.123553
v -0.762651 0.778172 0.129371
v -0.782082 0.816333 0.084290
v -0.782003 0.816288 0.093094
v -0.781788 0.816165 0.101544
v -0.781369 0.815926 0.109518
v -0.780678 0.815532 0.116895
v -0.779647 0.814944 0.123553
v -0.778209 0.814123 0.129371
v -0.791889 0.840088 0.084290
v -0.791808 0.840040 0.093094
v -0.791591 0.839911 0.101544
v -0.791166 0.839659 0.109518
v -0.790467 0.839244 0.116895
v -0.789423 0.838624 0.123553
v -0.787967 0.837760 0.129371
v -0.797246 0.854505 0.084290
v -0.797166 0.854456 0.093094
v -0.796946 0.854323 0.101544
v -0.796519 0.854063 0.109518
v -0.795815 0.853635 0.116895
v -0.794764 0.852997 0.123553
v -0.793298 0.852106 0.129371
v -0.799535 0.862624 0.084290
v -0.799454 0.862574 0.093094
v -0.799234 0.862438 0.101544
v -0.798806 0.862174 0.109518
v -0.798099 0.861739 0.116895
v -0.797046 0.861090 0.123553
v -0.795575 0.860184 0.129371
v 0.031986 -0.810522 0.009552
v 0.036885 -0.803394 0.009552
v 0.044517 -0.789839 0.009552
v 0.056286 -0.766829 0.009552
v 0.073592 -0.731332 0.009552
v 0.097837 -0.680318 0.009552
v 0.130423 -0.610757 0.009552
v 0.031986 -0.810522 0.019090
v 0.036885 -0.803394 0.019090
v 0.044517 -0.789839 0.019090
v 0.056286 -0.766829 0.019090
v 0.073592 -0.731332 0.019090
v 0.097837 -0.680318 0.019090
v 0.130423 -0.610757 0.019090
v 0.031986 -0.810522 0.028601
v 0.036885 -0.803394 0.028601
v 0.044517 -0.789839 0.028601
v 0.056286 -0.766829 0.028601
v 0.073592 -0.731332 0.028601
v 0.097837 -0.680318 0.028601
v 0.130423 -0.610757 0.028601
v 0.031986 -0.810522 0.038070
v 0.036885 -0.803394 0.038070
v 0.044518 -0.789840 0.038070
v 0.056286 -0.766829 0.038070
v 0.073592 -0.731332 0.038070
v 0.097837 -0.680318 0.038070
v 0.130423 -0.610757 0.038070
v 0.031986 -0.810522 0.047483
v 0.036885 -0.803394 0.047483
v 0.044518 -0.789839 0.047483
v 0.056286 -0.766829 0.047483
v 0.073592 -0.731332 0.047483
v 0.097837 -0.680318 0.047483
v 0.130423 -0.610757 0.047483
v 0.031986 -0.810522 0.056828
v 0.036885 -0.803394 0.056828
v 0.044517 -0.789839 0.056828
v 0.056286 -0.766829 0.056828
v 0.073592 -0.731332 0.056828
v 0.097837 -0.680318 0.056828
v 0.130423 -0.610757 0.056828
v 0.031986 -0.810522 0.066089
v 0.036885 -0.803394 0.066089
v 0.044517 -0.789840 0.066089
v 0.056286 -0.766829 0.066089
v 0.073592 -0.731332 0.066089
v 0.097837 -0.680318 0.066089
v 0.130423 -0.610757 0.066089
v 0.562642 0.818694 0.009552
v 0.502611 0.791819 0.009552
v 0.437434 0.762524 0.009552
v 0.369814 0.732049 0.009552
v 0.302454 0.701633 0.009552
v 0.238057 0.672514 0.009552
v 0.179326 0.645932 0.009552
v 0.562642 0.818694 0.019090
v 0.502611 0.791819 0.019090
v 0.437434 0.762524 0.019090
v 0.369814 0.732049 0.019090
v 0.302454 0.701633 0.019090
v 0.238057 0.672514 0.019090
v 0.179326 0.645932 0.019090
v 0.562642 0.818694 0.028601
v 0.502611 0.791819 0.028601
v 0.437434 0.762524 0.028601
v 0.369814 0.732049 0.028601
v 0.302454 0.701633 0.028601
v 0.238057 0.672514 0.028601
v 0.179326 0.645932 0.028601
v 0.562642 0.818694 0.038070
v 0.502611 0.791819 0.038070
v 0.437434 0.762524 0.038070
v 0.369814 0.732049 0.038070
v 0.302454 0.701633 0.038070
v 0.238057 0.672514 0.038070
v 0.179326 0.645932 0.038070
v 0.562642 0.818694 0.047483
v 0.502611 0.791819 0.047483
v 0.437434 0.762524 0.047483
v 0.369814 0.732049 0.047483
v 0.302454 0.701633 0.047483
v 0.238057 0.672514 0.047483
v 0.179326 0.645932 0.047483
v 0.562642 0.818694 0.056828
v 0.502611 0.791819 0.056828
v 0.437434 0.762524 0.056828
v 0.369814 0.732049 0.056828
v 0.302454 0.701633 0.056828
v 0.238057 0.672514 0.056828
v 0.179326 0.645932 0.056828
v 0.562642 0.818694 0.066089
v 0.502611 0.791819 0.066089
v 0.437434 0.762524 0.066089
v 0.369814 0.732049 0.066089
v 0.302454 0.701633 0.066089
v 0.238057 0.672514 0.066089
v 0.179326 0.645932 0.066089
v 0.761578 0.901540 0.009552
v 0.755490 0.900253 0.009552
v 0.746594 0.897513 0.009552
v 0.733600 0.892744 0.009552
v 0.715216 0.885373 0.009552
v 0.690153 0.874827 0.009552
v 0.657119 0.860530 0.009552
v 0.761578 0.901540 0.019090
v 0.755490 0.900253 0.019090
v 0.746594 0.897513 0.019090
v 0.733600 0.892744 0.019090
v 0.715216 0.885373 0.019090
v 0.690153 0.874827 0.019090
v 0.657119 0.860530 0.019090
v 0.761578 0.901540 0.028601
v 0.755490 0.900253 0.028601
v 0.746594 0.897513 0.028601
v 0.733600 0.892744 0.028601
v 0.715216 0.885373 0.028601
v 0.690153 0.874827 0.028601
v 0.657119 0.860530 0.028601
v 0.761578 0.901540 0.038070
v 0.755490 0.900253 0.038070
v 0.746594 0.897513 0.038070
v 0.733600 0.892744 0.038070
v 0.715216 0.885373 0.038070
v 0.690153 0.874827 0.038070
v 0.657119 0.860530 0.038070
v 0.761578 0.901540 0.047483
v 0.755490 0.900253 0.047483
v 0.746594 0.897513 0.047483
v 0.733600 0.892744 0.047483
v 0.715216 0.885373 0.047483
v 0.690153 0.874827 0.047483
v 0.657119 0.860530 0.047483
v 0.761578 0.901540 0.056828
v 0.755490 0.900253 0.056828
v 0.746594 0.897513 0.056828
v 0.733600 0.892744 0.056828
v 0.715216 0.885373 0.056828
v 0.690153 0.874827 0.056828
v 0.657119 0.860530 0.056828
v 0.761578 0.901540 0.066089
v 0.755490 0.900253 0.066089
v 0.746594 0.897513 0.066089
v 0.733600 0.892744 0.066089
v 0.715216 0.885373 0.066089
v 0.690153 0.874827 0.066089
v 0.657119 0.860530 0.066089
v 0.789858 0.895698 0.009552
v 0.787253 0.897475 0.009552
v 0.784374 0.898963 0.009552
v 0.781229 0.900156 0.009552
v 0.777826 0.901054 0.009552
v 0.774173 0.901654 0.009552
v 0.770279 0.901952 0.009552
v 0.789858 0.895697 0.019090
v 0.787253 0.897475 0.019090
v 0.784374 0.898962 0.019090
v 0.781229 0.900156 0.019090
v 0.777826 0.901054 0.019090
v 0.774173 0.901653 0.019090
v 0.770279 0.901952 0.019090
v 0.789858 0.895697 0.028601
v 0.787253 0.897476 0.028601
v 0.784374 0.898963 0.028601
v 0.781229 0.900156 0.028601
v 0.777826 0.901054 0.028601
v 0.774173 0.901653 0.028601
v 0.770279 0.901952 0.028601
v 0.789858 0.895697 0.038070
v 0.787253 0.897476 0.038070
v 0.784374 0.898963 0.038070
v 0.781229 0.900156 0.038070
v 0.777826 0.901054 0.038070
v 0.774174 0.901654 0.038070
v 0.770279 0.901952 0.038070
v 0.789858 0.895697 0.047483
v 0.787253 0.897476 0.047483
v 0.784374 0.898963 0.047483
v 0.781229 0.900156 0.047483
v 0.777826 0.901054 0.047483
v 0.774173 0.901654 0.047483
v 0.770279 0.901952 0.047483
v 0.789858 0.895697 0.056828
v 0.787253 0.897475 0.056828
v 0.784374 0.898963 0.056828
v 0.781229 0.900156 0.056828
v 0.777826 0.901054 0.056828
v 0.774174 0.901654 0.056828
v 0.770279 0.901952 0.056828
v 0.789858 0.895698 0.066089
v 0.787253 0.897476 0.066089
v 0.784374 0.898963 0.066089
v 0.781229 0.900156 0.066089
v 0.777826 0.901054 0.066089
v 0.774173 0.901653 0.066089
v 0.770279 0.901952 0.066089
v -0.618721 0.452690 0.009552
v -0.558130 0.319814 0.009552
v -0.491813 0.174693 0.009552
v -0.422583 0.023468 0.009552
v -0.353249 -0.127717 0.009552
v -0.286625 -0.272722 0.009552
v -0.225522 -0.405403 0.009552
v -0.618721 0.452690 0.019090
v -0.558130 0.319814 0.019090
v -0.491813 0.174693 0.019090
v -0.422583 0.023468 0.019090
v -0.353249 -0.127717 0.019090
v -0.286625 -0.272722 0.019090
v -0.225522 -0.405403 0.019090
v -0.618721 0.452690 0.028601
v -0.558130 0.319814 0.028601
v -0.491813 0.174693 0.028601
v -0.422582 0.023469 0.028601
v -0.353249 -0.127717 0.028601
v -0.286625 -0.272722 0.028601
v -0.225522 -0.405403 0.028601
v -0.618721 0.452690 0.038070
v -0.558130 0.319814 0.038070
v -0.491813 0.174693 0.038070
v -0.422582 0.023469 0.038070
v -0.353249 -0.127717 0.038070
v -0.286625 -0.272722 0.038070
v -0.225522 -0.405403 0.038070
v -0.618721 0.452690 0.047483
v -0.558130 0.319814 0.047483
v -0.491813 0.174693 0.047483
v -0.422583 0.023468 0.047483
v -0.353249 -0.127717 0.047483
v -0.286625 -0.272722 0.047483
v -0.225522 -0.405403 0.047483
v -0.618721 0.452690 0.056828
v -0.558130 0.319814 0.056828
v -0.491813 0.174693 0.056828
v -0.422583 0.023468 0.056828
v -0.353249 -0.127717 0.056828
v -0.286625 -0.272722 0.056828
v -0.225522 -0.405403 0.056828
v -0.618721 0.452690 0.066089
v -0.558130 0.319814 0.066089
v -0.491813 0.174693 0.066089
v -0.422582 0.023469 0.066089
v -0.353249 -0.127717 0.066089
v -0.286625 -0.272722 0.066089
v -0.225522 -0.405403 0.066089
v 0.800207 0.871618 0.009552
v 0.799961 0.875516 0.009552
v 0.799411 0.879177 0.009552
v 0.798559 0.882591 0.009552
v 0.797408 0.885752 0.009552
v 0.795960 0.888651 0.009552
v 0.794217 0.891280 0.009552
v 0.800207 0.871618 0.019090
v 0.799961 0.875516 0.019090
v 0.799411 0.879177 0.019090
v 0.798559 0.882591 0.019090
v 0.797408 0.885752 0.019090
v 0.795960 0.888651 0.019090
v 0.794217 0.891280 0.019090
v 0.800207 0.871618 0.028601
v 0.799961 0.875516 0.028601
v 0.799411 0.879177 0.028601
v 0.798559 0.882591 0.028601
v 0.797408 0.885752 0.028601
v 0.795960 0.888651 0.028601
v 0.794217 0.891280 0.028601
v 0.800207 0.871618 0.038070
v 0.799961 0.875516 0.038070
v 0.799411 0.879177 0.038070
v 0.798559 0.882591 0.038070
v 0.797408 0.885752 0.038070
v 0.795960 0.888651 0.038070
v 0.794217 0.891280 0.038070
v 0.800207 0.871618 0.047483
v 0.799961 0.875516 0.047483
v 0.799411 0.879177 0.047483
v 0.798559 0.882591 0.047483
v 0.797408 0.885752 0.047483
v 0.795960 0.888651 0.047483
v 0.794217 0.891280 0.047483
v 0.800207 0.871618 0.056828
v 0.799961 0.875516 0.056828
v 0.799411 0.879177 0.056828
v 0.798559 0.882591 0.056828
v 0.797408 0.885752 0.056828
v 0.795960 0.888651 0.056828
v 0.794217 0.891280 0.056828
v 0.800207 0.871618 0.066089
v 0.799961 0.875516 0.066089
v 0.799411 0.879177 0.066089
v 0.798559 0.882591 0.066089
v 0.797408 0.885752 0.066089
v 0.795960 0.888651 0.066089
v 0.794217 0.891280 0.066089
v 0.225522 -0.405403 0.009552
v 0.286625 -0.272721 0.009552
v 0.353249 -0.127717 0.009552
v 0.422583 0.023469 0.009552
v 0.491813 0.174693 0.009552
v 0.558130 0.319814 0.009552
v 0.618721 0.452690 0.009552
v 0.225522 -0.405403 0.019090
v 0.286625 -0.272721 0.019090
v 0.353249 -0.127717 0.019090
v 0.422583 0.023469 0.019090
v 0.491814 0.174693 0.019090
v 0.558130 0.319814 0.019090
v 0.618721 0.452690 0.019090
v 0.225522 -0.405403 0.028601
v 0.286625 -0.272721 0.028601
v 0.353249 -0.127717 0.028601
v 0.422583 0.023469 0.028601
v 0.491814 0.174693 0.028601
v 0.558130 0.319814 0.028601
v 0.618721 0.452690 0.028601
v 0.225522 -0.405403 0.038070
v 0.286625 -0.272722 0.038070
v 0.353249 -0.127717 0.038070
v 0.422583 0.023469 0.038070
v 0.491814 0.174693 0.038070
v 0.558130 0.319814 0.038070
v 0.618721 0.452690 0.038070
v 0.225522 -0.405403 0.047483
v 0.286625 -0.272721 0.047483
v 0.353249 -0.127717 0.047483
v 0.422583 0.023469 0.047483
v 0.491814 0.174693 0.047483
v 0.558130 0.319814 0.047483
v 0.618721 0.452690 0.047483
v 0.225522 -0.405403 0.056828
v 0.286625 -0.272721 0.056828
v 0.353249 -0.127717 0.056828
v 0.422583 0.023469 0.056828
v 0.491814 0.174693 0.056828
v 0.558130 0.319814 0.056828
v 0.618721 0.452690 0.056828
v 0.225522 -0.405403 0.066089
v 0.286625 -0.272722 0.066089
v 0.353249 -0.127717 0.066089
v 0.422583 0.023469 0.066089
v 0.491814 0.174693 0.066089
v 0.558130 0.319814 0.066089
v 0.618721 0.452690 0.066089
v 0.712178 0.658667 0.009552
v 0.743612 0.728665 0.009552
v 0.766457 0.780210 0.009552
v 0.782093 0.816340 0.009552
v 0.791900 0.840095 0.009552
v 0.797258 0.854513 0.009552
v 0.799546 0.862631 0.009552
v 0.712178 0.658667 0.019090
v 0.743612 0.728665 0.019090
v 0.766457 0.780210 0.019090
v 0.782093 0.816340 0.019090
v 0.791900 0.840095 0.019090
v 0.797258 0.854513 0.019090
v 0.799546 0.862631 0.019090
v 0.712178 0.658667 0.028601
v 0.743612 0.728665 0.028601
v 0.766457 0.780210 0.028601
v 0.782093 0.816340 0.028601
v 0.791900 0.840095 0.028601
v 0.797258 0.854513 0.028601
v 0.799547 0.862631 0.028601
v 0.712178 0.658667 0.038070
v 0.743612 0.728665 0.038070
v 0.766457 0.780210 0.038070
v 0.782093 0.816340 0.038070
v 0.791900 0.840095 0.038070
v 0.797258 0.854512 0.038070
v 0.799547 0.862631 0.038070
v 0.712178 0.658667 0.047483
v 0.743612 0.728665 0.047483
v 0.766457 0.780210 0.047483
v 0.782093 0.816340 0.047483
v 0.791900 0.840095 0.047483
v 0.797258 0.854512 0.047483
v 0.799547 0.862631 0.047483
v 0.712178 0.658667 0.056828
v 0.743612 0.728665 0.056828
v 0.766457 0.780210 0.056828
v 0.782093 0.816340 0.056828
v 0.791900 0.840095 0.056828
v 0.797258 0.854513 0.056828
v 0.799546 0.862631 0.056828
v 0.712178 0.658667 0.066089
v 0.743612 0.728665 0.066089
v 0.766457 0.780210 0.066089
v 0.782093 0.816340 0.066089
v 0.791900 0.840095 0.066089
v 0.797258 0.854512 0.066089
v 0.799547 0.862631 0.066089
v -0.657117 0.860529 0.009552
v -0.690152 0.874826 0.009552
v -0.715216 0.885373 0.009552
v -0.733599 0.892744 0.009552
v -0.746594 0.897512 0.009552
v -0.755490 0.900253 0.009552
v -0.761578 0.901540 0.009552
v -0.657117 0.860529 0.019090
v -0.690152 0.874826 0.019090
v -0.715216 0.885373 0.019090
v -0.733599 0.892744 0.019090
v -0.746594 0.897512 0.019090
v -0.755490 0.900253 0.019090
v -0.761579 0.901540 0.019090
v -0.657117 0.860529 0.028601
v -0.690152 0.874826 0.028601
v -0.715216 0.885373 0.028601
v -0.733599 0.892744 0.028601
v -0.746594 0.897512 0.028601
v -0.755490 0.900253 0.028601
v -0.761579 0.901540 0.028601
v -0.657117 0.860529 0.038070
v -0.690152 0.874826 0.038070
v -0.715216 0.885373 0.038070
v -0.733599 0.892744 0.038070
v -0.746594 0.897512 0.038070
v -0.755490 0.900253 0.038070
v -0.761579 0.901540 0.038070
v -0.657117 0.860529 0.047483
v -0.690152 0.874826 0.047483
v -0.715216 0.885373 0.047483
v -0.733600 0.892744 0.047483
v -0.746594 0.897512 0.047483
v -0.755490 0.900253 0.047483
v -0.761579 0.901540 0.047483
v -0.657117 0.860529 0.056828
v -0.690151 0.874826 0.056828
v -0.715216 0.885373 0.056828
v -0.733599 0.892744 0.056828
v -0.746594 0.897512 0.056828
v -0.755490 0.900253 0.056828
v -0.761579 0.901540 0.056828
v -0.657117 0.860529 0.066089
v -0.690152 0.874826 0.066089
v -0.715216 0.885373 0.066089
v -0.733599 0.892744 0.066089
v -0.746594 0.897512 0.066089
v -0.755490 0.900253 0.066089
v -0.761579 0.901540 0.066089
v -0.130423 -0.610757 0.009552
v -0.097837 -0.680318 0.009552
v -0.073592 -0.731332 0.009552
v -0.056286 -0.766829 0.009552
v -0.044517 -0.789839 0.009552
v -0.036884 -0.803394 0.009552
v -0.031986 -0.810522 0.009552
v -0.130423 -0.610757 0.019090
v -0.097837 -0.680318 0.019090
v -0.073592 -0.731332 0.019090
v -0.056286 -0.766829 0.019090
v -0.044517 -0.789840 0.019090
v -0.036884 -0.803394 0.019090
v -0.031986 -0.810522 0.019090
v -0.130423 -0.610757 0.028601
v -0.097837 -0.680318 0.028601
v -0.073592 -0.731332 0.028601
v -0.056286 -0.766829 0.028601
v -0.044517 -0.789840 0.028601
v -0.036884 -0.803394 0.028601
v -0.031986 -0.810522 0.028601
v -0.130423 -0.610757 0.038070
v -0.097837 -0.680318 0.038070
v -0.073592 -0.731332 0.038070
v -0.056286 -0.766829 0.038070
v -0.044517 -0.789840 0.038070
v -0.036884 -0.803394 0.038070
v -0.031986 -0.810522 0.038070
v -0.130423 -0.610757 0.047483
v -0.097837 -0.680318 0.047483
v -0.073592 -0.731332 0.047483
v -0.056286 -0.766829 0.047483
v -0.044517 -0.789840 0.047483
v -0.036884 -0.803394 0.047483
v -0.031986 -0.810522 0.047483
v -0.130423 -0.610757 0.056828
v -0.097837 -0.680318 0.056828
v -0.073592 -0.731332 0.056828
v -0.056286 -0.766829 0.056828
v -0.044517 -0.789839 0.056828
v -0.036884 -0.803394 0.056828
v -0.031986 -0.810522 0.056828
v -0.130423 -0.610757 0.066089
v -0.097837 -0.680318 0.066089
v -0.073592 -0.731332 0.066089
v -0.056286 -0.766829 0.066089
v -0.044517 -0.789839 0.066089
v -0.036884 -0.803394 0.066089
v -0.031986 -0.810522 0.066089
v -0.770279 0.901952 0.009552
v -0.774174 0.901653 0.009552
v -0.777826 0.901054 0.009552
v -0.781229 0.900156 0.009552
v -0.784374 0.898962 0.009552
v -0.787253 0.897475 0.009552
v -0.789859 0.895697 0.009552
v -0.770279 0.901952 0.019090
v -0.774174 0.901653 0.019090
v -0.777826 0.901054 0.019090
v -0.781229 0.900156 0.019090
v -0.784374 0.898962 0.019090
v -0.787253 0.897475 0.019090
v -0.789859 0.895697 0.019090
v -0.770279 0.901951 0.028601
v -0.774174 0.901653 0.028601
v -0.777826 0.901054 0.028601
v -0.781229 0.900156 0.028601
v -0.784374 0.898962 0.028601
v -0.787253 0.897475 0.028601
v -0.789859 0.895697 0.028601
v -0.770279 0.901952 0.038070
v -0.774174 0.901653 0.038070
v -0.777826 0.901054 0.038070
v -0.781229 0.900156 0.038070
v -0.784374 0.898962 0.038070
v -0.787253 0.897475 0.038070
v -0.789859 0.895697 0.038070
v -0.770279 0.901952 0.047483
v -0.774174 0.901653 0.047483
v -0.777826 0.901054 0.047483
v -0.781229 0.900156 0.047483
v -0.784374 0.898962 0.047483
v -0.787253 0.897475 0.047483
v -0.789859 0.895697 0.047483
v -0.770279 0.901952 0.056828
v -0.774174 0.901653 0.056828
v -0.777826 0.901054 0.056828
v -0.781229 0.900156 0.056828
v -0.784374 0.898962 0.056828
v -0.787253 0.897475 0.056828
v -0.789859 0.895697 0.056828
v -0.770279 0.901952 0.066089
v -0.774174 0.901653 0.066089
v -0.777826 0.901054 0.066089
v -0.781229 0.900156 0.066089
v -0.784374 0.898962 0.066089
v -0.787253 0.897475 0.066089
v -0.789859 0.895697 0.066089
v -0.004393 0.567021 0.009552
v -0.006912 0.568049 0.009552
v -0.012222 0.570372 0.009552
v -0.021703 0.574611 0.009552
v -0.036736 0.581385 0.009552
v -0.058701 0.591314 0.009552
v -0.088979 0.605019 0.009552
v -0.004393 0.567021 0.019090
v -0.006912 0.568049 0.019090
v -0.012222 0.570372 0.019090
v -0.021703 0.574611 0.019090
v -0.036736 0.581385 0.019090
v -0.058701 0.591314 0.019090
v -0.088979 0.605019 0.019090
v -0.004393 0.567021 0.028601
v -0.006912 0.568049 0.028601
v -0.012222 0.570372 0.028601
v -0.021703 0.574611 0.028601
v -0.036736 0.581385 0.028601
v -0.058701 0.591314 0.028601
v -0.088979 0.605019 0.028601
v -0.004393 0.567021 0.038070
v -0.006912 0.568049 0.038070
v -0.012222 0.570372 0.038070
v -0.021703 0.574611 0.038070
v -0.036736 0.581385 0.038070
v -0.058701 0.591314 0.038070
v -0.088979 0.605019 0.038070
v -0.004393 0.567021 0.047483
v -0.006912 0.568049 0.047483
v -0.012222 0.570372 0.047483
v -0.021703 0.574611 0.047483
v -0.036736 0.581385 0.047483
v -0.058701 0.591314 0.047483
v -0.088979 0.605019 0.047483
v -0.004393 0.567021 0.056828
v -0.006912 0.568049 0.056828
v -0.012222 0.570372 0.056828
v -0.021703 0.574611 0.056828
v -0.036736 0.581385 0.056828
v -0.058701 0.591314 0.056828
v -0.088979 0.605019 0.056828
v -0.004393 0.567021 0.066089
v -0.006912 0.568049 0.066089
v -0.012222 0.570372 0.066089
v -0.021703 0.574611 0.066089
v -0.036736 0.581385 0.066089
v -0.058701 0.591314 0.066089
v -0.088979 0.605019 0.066089
v -0.794217 0.891280 0.009552
v -0.795960 0.888651 0.009552
v -0.797408 0.885752 0.009552
v -0.798559 0.882591 0.009552
v -0.799411 0.879176 0.009552
v -0.799961 0.875516 0.009552
v -0.800207 0.871617 0.009552
v -0.794217 0.891280 0.019090
v -0.795960 0.888651 0.019090
v -0.797408 0.885752 0.019090
v -0.798559 0.882591 0.019090
v -0.799411 0.879176 0.019090
v -0.799961 0.875516 0.019090
v -0.800207 0.871617 0.019090
v -0.794217 0.891280 0.028601
v -0.795960 0.888651 0.028601
v -0.797408 0.885752 0.028601
v -0.798559 0.882591 0.028601
v -0.799411 0.879176 0.028601
v -0.799961 0.875516 0.028601
v -0.800207 0.871617 0.028601
v -0.794217 0.891280 0.038070
v -0.795960 0.888651 0.038070
v -0.797408 0.885752 0.038070
v -0.798559 0.882591 0.038070
v -0.799411 0.879176 0.038070
v -0.799961 0.875516 0.038070
v -0.800207 0.871617 0.038070
v -0.794217 0.891280 0.047483
v -0.795960 0.888651 0.047483
v -0.797408 0.885752 0.047483
v -0.798559 0.882591 0.047483
v -0.799411 0.879176 0.047483
v -0.799961 0.875516 0.047483
v -0.800207 0.871617 0.047483
v -0.794217 0.891280 0.056828
v -0.795960 0.888651 0.056828
v -0.797408 0.885752 0.056828
v -0.798559 0.882591 0.056828
v -0.799411 0.879176 0.056828
v -0.799961 0.875516 0.056828
v -0.800207 0.871617 0.056828
v -0.794217 0.891280 0.066089
v -0.795960 0.888651 0.066089
v -0.797408 0.885752 0.066089
v -0.798559 0.882591 0.066089
v -0.799411 0.879176 0.066089
v -0.799961 0.875516 0.066089
v -0.800207 0.871617 0.066089
v 0.004399 0.567024 0.009552
v 0.004399 0.567024 0.019090
v 0.004399 0.567024 0.028601
v 0.004399 0.567024 0.038070
v 0.004399 0.567024 0.047483
v 0.004399 0.567024 0.056828
v 0.004399 0.567024 0.066089
v 0.006919 0.568052 0.009552
v 0.006919 0.568052 0.019090
v 0.006919 0.568052 0.028601
v 0.006919 0.568052 0.038070
v 0.006919 0.568052 0.047483
v 0.006919 0.568052 0.056828
v 0.006919 0.568052 0.066089
v 0.012231 0.570377 0.009552
v 0.012231 0.570377 0.019090
v 0.012231 0.570377 0.028601
v 0.012231 0.570377 0.038070
v 0.012231 0.570377 0.047483
v 0.012231 0.570377 0.056828
v 0.012231 0.570377 0.066089
v 0.021714 0.574616 0.009552
v 0.021714 0.574616 0.019090
v 0.021714 0.574616 0.028601
v 0.021714 0.574616 0.038070
v 0.021714 0.574616 0.047483
v 0.021714 0.574616 0.056828
v 0.021714 0.574616 0.066089
v 0.036749 0.581391 0.009552
v 0.036749 0.581391 0.019090
v 0.036749 0.581391 0.028601
v 0.036749 0.581391 0.038070
v 0.036749 0.581391 0.047483
v 0.036749 0.581391 0.056828
v 0.036749 0.581391 0.066089
v 0.058716 0.591321 0.009552
v 0.058716 0.591321 0.019090
v 0.058716 0.591321 0.028601
v 0.058716 0.591321 0.038070
v 0.058716 0.591321 0.047483
v 0.058716 0.591321 0.056828
v 0.058716 0.591321 0.066089
v 0.088994 0.605026 0.009552
v 0.088994 0.605026 0.019090
v 0.088994 0.605026 0.028601
v 0.088994 0.605026 0.038070
v 0.088994 0.605026 0.047483
v 0.088994 0.605026 0.056828
v 0.088994 0.605026 0.066089
v -0.179311 0.645926 0.066089
v -0.179311 0.645926 0.056828
v -0.179311 0.645925 0.047483
v -0.179311 0.645926 0.038070
v -0.179311 0.645926 0.028601
v -0.179311 0.645926 0.019090
v -0.179311 0.645926 0.009552
v -0.238043 0.672508 0.066089
v -0.238043 0.672508 0.056828
v -0.238043 0.672508 0.047483
v -0.238043 0.672508 0.038070
v -0.238043 0.672508 0.028601
v -0.238043 0.672508 0.019090
v -0.238043 0.672508 0.009552
v -0.302441 0.701627 0.066089
v -0.302441 0.701627 0.056828
v -0.302441 0.701627 0.047483
v -0.302441 0.701627 0.038070
v -0.302441 0.701627 0.028601
v -0.302441 0.701627 0.019090
v -0.302441 0.701627 0.009552
v -0.369803 0.732044 0.066089
v -0.369803 0.732044 0.056828
v -0.369803 0.732044 0.047483
v -0.369803 0.732044 0.038070
v -0.369803 0.732044 0.028601
v -0.369803 0.732044 0.019090
v -0.369803 0.732044 0.009552
v -0.437425 0.762520 0.066089
v -0.437425 0.762520 0.056828
v -0.437425 0.762520 0.047483
v -0.437425 0.762520 0.038070
v -0.437425 0.762520 0.028601
v -0.437425 0.762520 0.019090
v -0.437425 0.762520 0.009552
v -0.502604 0.791815 0.066089
v -0.502604 0.791815 0.056828
v -0.502604 0.791815 0.047483
v -0.502604 0.791815 0.038070
v -0.502604 0.791815 0.028601
v -0.502604 0.791815 0.019090
v -0.502604 0.791815 0.009552
v -0.562637 0.818691 0.066089
v -0.562637 0.818691 0.056828
v -0.562637 0.818691 0.047483
v -0.562637 0.818691 0.038070
v -0.562637 0.818691 0.028601
v -0.562637 0.818691 0.019090
v -0.562637 0.818691 0.009552
v 0.002440 0.566476 0.009552
v 0.001614 0.566337 0.009552
v 0.000803 0.566254 0.009552
v 0.000000 0.566226 0.009552
v -0.000802 0.566254 0.009552
v -0.001612 0.566337 0.009552
v -0.002437 0.566475 0.009552
v 0.002440 0.566476 0.019090
v 0.001614 0.566337 0.019090
v 0.000803 0.566254 0.019090
v 0.000000 0.566226 0.019090
v -0.000802 0.566254 0.019090
v -0.001612 0.566337 0.019090
v -0.002437 0.566475 0.019090
v 0.002440 0.566476 0.028601
v 0.001614 0.566337 0.028601
v 0.000803 0.566254 0.028601
v 0.000000 0.566226 0.028601
v -0.000802 0.566254 0.028601
v -0.001612 0.566337 0.028601
v -0.002437 0.566475 0.028601
v 0.002440 0.566476 0.038070
v 0.001614 0.566337 0.038070
v 0.000803 0.566254 0.038070
v 0.000000 0.566226 0.038070
v -0.000802 0.566254 0.038070
v -0.001612 0.566337 0.038070
v -0.002437 0.566475 0.038070
v 0.002440 0.566476 0.047483
v 0.001614 0.566337 0.047483
v 0.000803 0.566254 0.047483
v 0.000000 0.566226 0.047483
v -0.000802 0.566254 0.047483
v -0.001612 0.566337 0.047483
v -0.002437 0.566475 0.047483
v 0.002440 0.566476 0.056828
v 0.001614 0.566337 0.056828
v 0.000803 0.566254 0.056828
v 0.000000 0.566226 0.056828
v -0.000802 0.566254 0.056828
v -0.001612 0.566337 0.056828
v -0.002437 0.566475 0.056828
v 0.002440 0.566476 0.066089
v 0.001614 0.566337 0.066089
v 0.000803 0.566254 0.066089
v 0.000000 0.566226 0.066089
v -0.000802 0.566254 0.066089
v -0.001612 0.566337 0.066089
v -0.002437 0.566475 0.066089
v 0.003644 -0.826398 0.009552
v 0.007278 -0.825809 0.009552
v 0.010896 -0.824832 0.009552
v 0.014487 -0.823470 0.009552
v 0.018044 -0.821728 0.009552
v 0.021558 -0.819609 0.009552
v 0.025019 -0.817117 0.009552
v 0.003644 -0.826398 0.019090
v 0.007278 -0.825809 0.019090
v 0.010896 -0.824832 0.019090
v 0.014487 -0.823470 0.019090
v 0.018044 -0.821728 0.019090
v 0.021557 -0.819609 0.019090
v 0.025019 -0.817117 0.019090
v 0.003644 -0.826398 0.028601
v 0.007279 -0.825809 0.028601
v 0.010896 -0.824832 0.028601
v 0.014487 -0.823470 0.028601
v 0.018044 -0.821728 0.028601
v 0.021557 -0.819609 0.028601
v 0.025019 -0.817116 0.028601
v 0.003644 -0.826398 0.038070
v 0.007278 -0.825809 0.038070
v 0.010896 -0.824832 0.038070
v 0.014487 -0.823470 0.038070
v 0.018044 -0.821728 0.038070
v 0.021557 -0.819609 0.038070
v 0.025019 -0.817117 0.038070
v 0.003644 -0.826398 0.047483
v 0.007278 -0.825809 0.047483
v 0.010896 -0.824832 0.047483
v 0.014487 -0.823470 0.047483
v 0.018044 -0.821728 0.047483
v 0.021557 -0.819609 0.047483
v 0.025019 -0.817117 0.047483
v 0.003644 -0.826398 0.056828
v 0.007278 -0.825809 0.056828
v 0.010896 -0.824832 0.056828
v 0.014487 -0.823470 0.056828
v 0.018044 -0.821728 0.056828
v 0.021558 -0.819609 0.056828
v 0.025019 -0.817117 0.056828
v 0.003644 -0.826398 0.066089
v 0.007278 -0.825809 0.066089
v 0.010896 -0.824832 0.066089
v 0.014487 -0.823470 0.066089
v 0.018044 -0.821728 0.066089
v 0.021558 -0.819609 0.066089
v 0.025019 -0.817117 0.066089
v 0.004399 0.567021 0.084290
v 0.004398 0.567001 0.093094
v 0.004397 0.566947 0.101543
v 0.004395 0.566841 0.109518
v 0.004391 0.566667 0.116895
v 0.004385 0.566407 0.123553
v 0.004377 0.566045 0.129371
v 0.006919 0.568050 0.084290
v 0.006918 0.568030 0.093094
v 0.006916 0.567975 0.101543
v 0.006913 0.567869 0.109518
v 0.006907 0.567694 0.116895
v 0.006898 0.567433 0.123553
v 0.006885 0.567069 0.129371
v 0.012231 0.570374 0.084290
v 0.012230 0.570353 0.093094
v 0.012226 0.570298 0.101543
v 0.012220 0.570191 0.109518
v 0.012209 0.570014 0.116895
v 0.012193 0.569750 0.123553
v 0.012170 0.569381 0.129371
v 0.021714 0.574613 0.084290
v 0.021712 0.574592 0.093094
v 0.021706 0.574536 0.101543
v 0.021694 0.574426 0.109518
v 0.021675 0.574246 0.116895
v 0.021646 0.573976 0.123553
v 0.021606 0.573600 0.129371
v 0.036749 0.581388 0.084290
v 0.036745 0.581366 0.093094
v 0.036735 0.581308 0.101543
v 0.036715 0.581195 0.109518
v 0.036683 0.581008 0.116895
v 0.036634 0.580730 0.123553
v 0.036567 0.580341 0.129371
v 0.058715 0.591318 0.084290
v 0.058709 0.591295 0.093094
v 0.058693 0.591234 0.101543
v 0.058661 0.591116 0.109518
v 0.058610 0.590920 0.116895
v 0.058532 0.590629 0.123553
v 0.058424 0.590222 0.129371
v 0.088993 0.605023 0.084290
v 0.088984 0.604999 0.093094
v 0.088959 0.604934 0.101543
v 0.088912 0.604808 0.109518
v 0.088833 0.604601 0.116895
v 0.088716 0.604291 0.123553
v 0.088552 0.603859 0.129371
v -0.025018 -0.817117 0.009552
v -0.021557 -0.819609 0.009552
v -0.018044 -0.821728 0.009552
v -0.014487 -0.823470 0.009552
v -0.010896 -0.824832 0.009552
v -0.007278 -0.825809 0.009552
v -0.003643 -0.826398 0.009552
v -0.025018 -0.817116 0.019090
v -0.021557 -0.819609 0.019090
v -0.018044 -0.821728 0.019090
v -0.014487 -0.823470 0.019090
v -0.010895 -0.824832 0.019090
v -0.007278 -0.825809 0.019090
v -0.003643 -0.826398 0.019090
v -0.025018 -0.817117 0.028601
v -0.021557 -0.819609 0.028601
v -0.018044 -0.821728 0.028601
v -0.014487 -0.823470 0.028601
v -0.010895 -0.824832 0.028601
v -0.007278 -0.825809 0.028601
v -0.003643 -0.826398 0.028601
v -0.025018 -0.817117 0.038070
v -0.021557 -0.819609 0.038070
v -0.018044 -0.821728 0.038070
v -0.014487 -0.823470 0.038070
v -0.010895 -0.824832 0.038070
v -0.007278 -0.825809 0.038070
v -0.003643 -0.826398 0.038070
v -0.025018 -0.817117 0.047483
v -0.021557 -0.819609 0.047483
v -0.018044 -0.821728 0.047483
v -0.014487 -0.823470 0.047483
v -0.010895 -0.824832 0.047483
v -0.007278 -0.825809 0.047483
v -0.003643 -0.826398 0.047483
v -0.025019 -0.817117 0.056828
v -0.021557 -0.819609 0.056828
v -0.018044 -0.821728 0.056828
v -0.014487 -0.823470 0.056828
v -0.010895 -0.824832 0.056828
v -0.007278 -0.825809 0.056828
v -0.003643 -0.826398 0.056828
v -0.025018 -0.817117 0.066089
v -0.021557 -0.819609 0.066089
v -0.018044 -0.821728 0.066089
v -0.014487 -0.823470 0.066089
v -0.010895 -0.824832 0.066089
v -0.007278 -0.825809 0.066089
v -0.003643 -0.826398 0.066089
v -0.004393 0.567018 0.084290
v -0.006912 0.568046 0.084290
v -0.012221 0.570369 0.084290
v -0.021703 0.574608 0.084290
v -0.036736 0.581382 0.084290
v -0.058701 0.591311 0.084290
v -0.088978 0.605016 0.084290
v -0.004393 0.566998 0.093094
v -0.006911 0.568026 0.093094
v -0.012220 0.570349 0.093094
v -0.021701 0.574587 0.093094
v -0.036732 0.581360 0.093094
v -0.058695 0.591289 0.093094
v -0.088969 0.604992 0.093094
v -0.004391 0.566944 0.101543
v -0.006909 0.567972 0.101543
v -0.012217 0.570294 0.101543
v -0.021695 0.574531 0.101543
v -0.036722 0.581302 0.101543
v -0.058678 0.591228 0.101543
v -0.088944 0.604927 0.101543
v -0.004389 0.566839 0.109518
v -0.006905 0.567866 0.109518
v -0.012210 0.570187 0.109518
v -0.021683 0.574421 0.109518
v -0.036702 0.581189 0.109518
v -0.058647 0.591109 0.109518
v -0.088896 0.604801 0.109518
v -0.004385 0.566665 0.116895
v -0.006899 0.567691 0.116895
v -0.012200 0.570010 0.116895
v -0.021664 0.574241 0.116895
v -0.036670 0.581002 0.116895
v -0.058595 0.590914 0.116895
v -0.088818 0.604594 0.116895
v -0.004379 0.566405 0.123553
v -0.006890 0.567430 0.123553
v -0.012183 0.569746 0.123553
v -0.021635 0.573971 0.123553
v -0.036621 0.580724 0.123553
v -0.058518 0.590622 0.123553
v -0.088701 0.604284 0.123553
v -0.004371 0.566043 0.129371
v -0.006877 0.567065 0.129371
v -0.012161 0.569377 0.129371
v -0.021595 0.573595 0.129371
v -0.036554 0.580335 0.129371
v -0.058410 0.590215 0.129371
v -0.088537 0.603852 0.129371
v -0.223098 -0.397068 0.138043
v -0.221908 -0.392978 0.140910
v -0.220000 -0.386417 0.142964
v -0.217092 -0.376422 0.144341
v -0.212905 -0.362026 0.145176
v -0.207157 -0.342263 0.145605
v -0.199567 -0.316169 0.145763
v -0.283544 -0.265813 0.138043
v -0.282032 -0.262422 0.140910
v -0.279607 -0.256985 0.142964
v -0.275912 -0.248700 0.144341
v -0.270590 -0.236767 0.145176
v -0.263285 -0.220386 0.145605
v -0.253639 -0.198757 0.145763
v -0.349452 -0.122367 0.138043
v -0.347588 -0.119742 0.140910
v -0.344600 -0.115531 0.142964
v -0.340046 -0.109115 0.144341
v -0.333487 -0.099874 0.145176
v -0.324484 -0.087189 0.145605
v -0.312596 -0.070441 0.145763
v -0.418040 0.027193 0.138043
v -0.415811 0.029021 0.140910
v -0.412235 0.031953 0.142964
v -0.406788 0.036420 0.144341
v -0.398942 0.042853 0.145176
v -0.388171 0.051685 0.145605
v -0.373950 0.063346 0.145763
v -0.486527 0.176792 0.138043
v -0.483932 0.177822 0.140910
v -0.479771 0.179475 0.142964
v -0.473431 0.181992 0.144341
v -0.464299 0.185618 0.145176
v -0.451764 0.190595 0.145605
v -0.435213 0.197167 0.145763
v -0.552131 0.320353 0.138043
v -0.549186 0.320618 0.140910
v -0.544464 0.321042 0.142964
v -0.537269 0.321689 0.144341
v -0.526906 0.322620 0.145176
v -0.512681 0.323899 0.145605
v -0.493898 0.325587 0.145763
v -0.612070 0.451801 0.138043
v -0.608806 0.451364 0.140910
v -0.603572 0.450665 0.142964
v -0.595595 0.449598 0.144341
v -0.584108 0.448063 0.145177
v -0.568338 0.445954 0.145605
v -0.547516 0.443171 0.145763
v 0.761999 0.896233 0.138043
v 0.757935 0.893427 0.140910
v 0.751418 0.888926 0.142964
v 0.741488 0.882068 0.144341
v 0.727186 0.872191 0.145176
v 0.707554 0.858632 0.145605
v 0.681632 0.840730 0.145763
v 0.765852 0.895938 0.138043
v 0.761767 0.893133 0.140910
v 0.755217 0.888635 0.142964
v 0.745237 0.881781 0.144341
v 0.730864 0.871910 0.145176
v 0.711132 0.858358 0.145605
v 0.685079 0.840466 0.145763
v 0.769465 0.895345 0.138043
v 0.765362 0.892544 0.140910
v 0.758781 0.888050 0.142964
v 0.748754 0.881204 0.144341
v 0.734312 0.871344 0.145176
v 0.714487 0.857808 0.145605
v 0.688311 0.839935 0.145763
v 0.772831 0.894457 0.138043
v 0.768710 0.891660 0.140910
v 0.762100 0.887175 0.142964
v 0.752029 0.880340 0.144341
v 0.737524 0.870496 0.145176
v 0.717613 0.856983 0.145605
v 0.691322 0.839141 0.145763
v 0.775943 0.893276 0.138043
v 0.771805 0.890486 0.140910
v 0.765168 0.886010 0.142964
v 0.755057 0.879191 0.144341
v 0.740493 0.869369 0.145176
v 0.720502 0.855887 0.145605
v 0.694105 0.838085 0.145763
v 0.778791 0.891805 0.138043
v 0.774638 0.889022 0.140910
v 0.767977 0.884559 0.142964
v 0.757828 0.877759 0.144341
v 0.743211 0.867965 0.145176
v 0.723146 0.854521 0.145605
v 0.696653 0.836769 0.145763
v 0.781368 0.890046 0.138043
v 0.777201 0.887273 0.140910
v 0.770518 0.882825 0.142964
v 0.760336 0.876048 0.144341
v 0.745671 0.866287 0.145176
v 0.725540 0.852887 0.145605
v 0.698958 0.835195 0.145763
v 0.177399 0.642966 0.138043
v 0.176453 0.641510 0.140910
v 0.174936 0.639175 0.142964
v 0.172624 0.635618 0.144341
v 0.169294 0.630494 0.145176
v 0.164724 0.623461 0.145605
v 0.158689 0.614174 0.145763
v 0.235498 0.669262 0.138043
v 0.234243 0.667666 0.140910
v 0.232228 0.665106 0.142964
v 0.229160 0.661206 0.144341
v 0.224740 0.655589 0.145176
v 0.218672 0.647878 0.145605
v 0.210661 0.637697 0.145763
v 0.299203 0.698068 0.138043
v 0.297608 0.696318 0.140910
v 0.295049 0.693512 0.142964
v 0.291150 0.689237 0.144341
v 0.285534 0.683079 0.145176
v 0.277825 0.674626 0.145605
v 0.267647 0.663464 0.145763
v 0.365839 0.728157 0.138043
v 0.363888 0.726247 0.140910
v 0.360759 0.723184 0.142964
v 0.355992 0.718516 0.144341
v 0.349126 0.711794 0.145176
v 0.339700 0.702565 0.145605
v 0.327255 0.690380 0.145763
v 0.432732 0.758305 0.138043
v 0.430425 0.756234 0.140910
v 0.426724 0.752913 0.142964
v 0.421084 0.747852 0.144341
v 0.412963 0.740564 0.145176
v 0.401814 0.730559 0.145605
v 0.387093 0.717348 0.145763
v 0.497209 0.787284 0.138043
v 0.494557 0.785059 0.140910
v 0.490304 0.781490 0.142964
v 0.483825 0.776052 0.144341
v 0.474493 0.768219 0.145176
v 0.461683 0.757468 0.145605
v 0.444769 0.743271 0.145763
v 0.556594 0.813870 0.138043
v 0.553626 0.811503 0.140910
v 0.548865 0.807706 0.142964
v 0.541612 0.801922 0.144341
v 0.531166 0.793591 0.145176
v 0.516826 0.782154 0.145605
v 0.497891 0.767053 0.145763
v 0.650056 0.855257 0.138043
v 0.646589 0.852669 0.140910
v 0.641029 0.848519 0.142964
v 0.632558 0.842195 0.144341
v 0.620358 0.833087 0.145176
v 0.603609 0.820584 0.145605
v 0.581495 0.804075 0.145763
v 0.682734 0.869400 0.138043
v 0.679093 0.866737 0.140910
v 0.673254 0.862465 0.142964
v 0.664357 0.855957 0.144341
v 0.651543 0.846584 0.145176
v 0.633953 0.833716 0.145605
v 0.610727 0.816727 0.145763
v 0.707528 0.879833 0.138043
v 0.703755 0.877114 0.140910
v 0.697704 0.872754 0.142964
v 0.688484 0.866110 0.144341
v 0.675205 0.856540 0.145176
v 0.656976 0.843404 0.145605
v 0.632906 0.826059 0.145763
v 0.725714 0.887125 0.138043
v 0.721844 0.884367 0.140910
v 0.715637 0.879944 0.142964
v 0.706180 0.873205 0.144341
v 0.692560 0.863498 0.145176
v 0.673862 0.850174 0.145605
v 0.649174 0.832582 0.145763
v 0.738569 0.891842 0.138043
v 0.734630 0.889059 0.140910
v 0.728313 0.884596 0.142964
v 0.718689 0.877795 0.144341
v 0.704827 0.868000 0.145176
v 0.685798 0.854555 0.145605
v 0.660673 0.836802 0.145763
v 0.747369 0.894553 0.138043
v 0.743383 0.891756 0.140910
v 0.736991 0.887269 0.142964
v 0.727252 0.880433 0.144341
v 0.713225 0.870588 0.145176
v 0.693970 0.857072 0.145605
v 0.668545 0.839227 0.145763
v 0.753392 0.895826 0.138043
v 0.749374 0.893022 0.140910
v 0.742931 0.888524 0.142964
v 0.733113 0.881672 0.144341
v 0.718973 0.871802 0.145176
v 0.699562 0.858254 0.145605
v 0.673933 0.840365 0.145763
v -0.088022 0.602493 0.138043
v -0.087553 0.601253 0.140910
v -0.086800 0.599264 0.142964
v -0.085653 0.596234 0.144341
v -0.084001 0.591870 0.145176
v -0.081733 0.585879 0.145605
v -0.078739 0.577969 0.145763
v -0.058070 0.588935 0.138043
v -0.057761 0.587767 0.140910
v -0.057264 0.585895 0.142964
v -0.056507 0.583041 0.144341
v -0.055417 0.578932 0.145176
v -0.053921 0.573291 0.145605
v -0.051946 0.565842 0.145763
v -0.036341 0.579112 0.138043
v -0.036147 0.577997 0.140910
v -0.035837 0.576208 0.142964
v -0.035363 0.573483 0.144341
v -0.034681 0.569558 0.145176
v -0.033745 0.564170 0.145605
v -0.032508 0.557055 0.145763
v -0.021470 0.572411 0.138043
v -0.021355 0.571332 0.140910
v -0.021172 0.569600 0.142964
v -0.020892 0.566962 0.144341
v -0.020489 0.563163 0.145176
v -0.019936 0.557947 0.145605
v -0.019205 0.551061 0.145763
v -0.012090 0.568218 0.138043
v -0.012026 0.567161 0.140910
v -0.011922 0.565465 0.142964
v -0.011765 0.562882 0.144341
v -0.011538 0.559161 0.145176
v -0.011226 0.554054 0.145605
v -0.010815 0.547310 0.145763
v -0.006837 0.565920 0.138043
v -0.006801 0.564875 0.140910
v -0.006742 0.563199 0.142964
v -0.006653 0.560646 0.144341
v -0.006525 0.556968 0.145176
v -0.006349 0.551920 0.145605
v -0.006116 0.545254 0.145763
v -0.004346 0.564903 0.138043
v -0.004323 0.563864 0.140910
v -0.004285 0.562196 0.142964
v -0.004229 0.559656 0.144341
v -0.004147 0.555998 0.145176
v -0.004035 0.550976 0.145605
v -0.003887 0.544344 0.145763
v 0.129021 -0.600215 0.138043
v 0.128333 -0.595041 0.140910
v 0.127230 -0.586743 0.142964
v 0.125548 -0.574100 0.144341
v 0.123127 -0.555892 0.145176
v 0.119803 -0.530895 0.145605
v 0.115414 -0.497890 0.145763
v 0.096785 -0.669028 0.138042
v 0.096269 -0.663487 0.140910
v 0.095442 -0.654601 0.142964
v 0.094180 -0.641061 0.144341
v 0.092364 -0.621560 0.145176
v 0.089870 -0.594791 0.145605
v 0.086578 -0.559446 0.145763
v 0.072801 -0.719493 0.138043
v 0.072413 -0.713683 0.140910
v 0.071790 -0.704365 0.142964
v 0.070841 -0.690168 0.144341
v 0.069475 -0.669721 0.145176
v 0.067599 -0.641651 0.145605
v 0.065123 -0.604588 0.145763
v 0.055681 -0.754609 0.138043
v 0.055384 -0.748612 0.140910
v 0.054908 -0.738993 0.142964
v 0.054182 -0.724339 0.144341
v 0.053137 -0.703232 0.145176
v 0.051703 -0.674258 0.145605
v 0.049809 -0.636001 0.145763
v 0.044039 -0.777372 0.138043
v 0.043804 -0.771253 0.140910
v 0.043427 -0.761441 0.142964
v 0.042854 -0.746489 0.144341
v 0.042027 -0.724955 0.145176
v 0.040892 -0.695394 0.145605
v 0.039394 -0.656363 0.145763
v 0.036488 -0.790781 0.138043
v 0.036294 -0.784591 0.140910
v 0.035982 -0.774663 0.142964
v 0.035506 -0.759537 0.144341
v 0.034821 -0.737751 0.145176
v 0.033881 -0.707845 0.145605
v 0.032640 -0.668358 0.145763
v 0.031642 -0.797833 0.138043
v 0.031473 -0.791605 0.140910
v 0.031203 -0.781617 0.142964
v 0.030790 -0.766399 0.144341
v 0.030197 -0.744481 0.145176
v 0.029381 -0.714393 0.145605
v 0.028305 -0.674666 0.145763
v -0.556589 0.813868 0.138043
v -0.553620 0.811500 0.140910
v -0.548860 0.807704 0.142964
v -0.541607 0.801919 0.144341
v -0.531161 0.793588 0.145177
v -0.516820 0.782152 0.145605
v -0.497886 0.767051 0.145763
v -0.497201 0.787281 0.138043
v -0.494550 0.785055 0.140910
v -0.490297 0.781486 0.142964
v -0.483818 0.776048 0.144341
v -0.474486 0.768216 0.145177
v -0.461676 0.757465 0.145605
v -0.444762 0.743268 0.145763
v -0.432723 0.758300 0.138043
v -0.430415 0.756229 0.140910
v -0.426714 0.752908 0.142964
v -0.421075 0.747848 0.144341
v -0.412954 0.740560 0.145177
v -0.401805 0.730555 0.145605
v -0.387084 0.717344 0.145763
v -0.365828 0.728152 0.138043
v -0.363877 0.726242 0.140910
v -0.360748 0.723179 0.142964
v -0.355981 0.718511 0.144341
v -0.349115 0.711789 0.145177
v -0.339690 0.702561 0.145605
v -0.327245 0.690376 0.145763
v -0.299190 0.698062 0.138043
v -0.297595 0.696312 0.140910
v -0.295036 0.693506 0.142964
v -0.291137 0.689231 0.144341
v -0.285522 0.683073 0.145176
v -0.277813 0.674620 0.145605
v -0.267635 0.663459 0.145763
v -0.235484 0.669256 0.138043
v -0.234228 0.667660 0.140910
v -0.232214 0.665100 0.142964
v -0.229146 0.661200 0.144341
v -0.224726 0.655583 0.145176
v -0.218659 0.647872 0.145605
v -0.210648 0.637691 0.145763
v -0.177384 0.642959 0.138043
v -0.176438 0.641503 0.140910
v -0.174921 0.639169 0.142964
v -0.172609 0.635611 0.144341
v -0.169280 0.630488 0.145176
v -0.164710 0.623455 0.145605
v -0.158675 0.614168 0.145763
v 0.004351 0.564906 0.138043
v 0.004328 0.563866 0.140910
v 0.004291 0.562199 0.142964
v 0.004234 0.559659 0.144341
v 0.004153 0.556000 0.145176
v 0.004041 0.550978 0.145605
v 0.003893 0.544347 0.145763
v 0.006845 0.565923 0.138043
v 0.006808 0.564878 0.140910
v 0.006750 0.563202 0.142964
v 0.006661 0.560649 0.144341
v 0.006532 0.556971 0.145176
v 0.006356 0.551923 0.145605
v 0.006123 0.545257 0.145763
v 0.012100 0.568222 0.138043
v 0.012035 0.567165 0.140910
v 0.011932 0.565470 0.142964
v 0.011774 0.562886 0.144341
v 0.011547 0.559165 0.145176
v 0.011235 0.554058 0.145605
v 0.010824 0.547314 0.145763
v 0.021481 0.572416 0.138043
v 0.021366 0.571337 0.140910
v 0.021183 0.569605 0.142964
v 0.020903 0.566967 0.144341
v 0.020500 0.563168 0.145176
v 0.019946 0.557952 0.145605
v 0.019215 0.551065 0.145763
v 0.036354 0.579118 0.138043
v 0.036160 0.578003 0.140910
v 0.035849 0.576214 0.142964
v 0.035376 0.573489 0.144341
v 0.034693 0.569564 0.145176
v 0.033757 0.564175 0.145605
v 0.032520 0.557060 0.145763
v 0.058085 0.588942 0.138043
v 0.057775 0.587774 0.140910
v 0.057278 0.585901 0.142964
v 0.056521 0.583048 0.144341
v 0.055431 0.578938 0.145176
v 0.053935 0.573297 0.145605
v 0.051959 0.565848 0.145763
v 0.088038 0.602500 0.138043
v 0.087568 0.601260 0.140910
v 0.086815 0.599271 0.142964
v 0.085668 0.596241 0.144341
v 0.084016 0.591877 0.145176
v 0.081747 0.585886 0.145605
v 0.078753 0.577976 0.145763
v -0.704523 0.655564 0.138043
v -0.700766 0.654041 0.140910
v -0.694740 0.651598 0.142964
v -0.685559 0.647876 0.144341
v -0.672336 0.642516 0.145177
v -0.654185 0.635158 0.145605
v -0.630218 0.625443 0.145763
v -0.735619 0.724809 0.138043
v -0.731696 0.722916 0.140910
v -0.725405 0.719882 0.142964
v -0.715819 0.715258 0.144341
v -0.702012 0.708598 0.145177
v -0.683059 0.699456 0.145605
v -0.658034 0.687385 0.145763
v -0.758219 0.775800 0.138043
v -0.754175 0.773635 0.140910
v -0.747690 0.770164 0.142964
v -0.737810 0.764876 0.144341
v -0.723579 0.757259 0.145177
v -0.704044 0.746804 0.145605
v -0.678250 0.732998 0.145763
v -0.773686 0.811542 0.138043
v -0.769560 0.809187 0.140910
v -0.762943 0.805411 0.142964
v -0.752861 0.799656 0.144341
v -0.738340 0.791369 0.145177
v -0.718407 0.779992 0.145605
v -0.692087 0.764971 0.145764
v -0.783388 0.835041 0.138043
v -0.779210 0.832561 0.140910
v -0.772510 0.828584 0.142964
v -0.762301 0.822523 0.144341
v -0.747598 0.813795 0.145177
v -0.727415 0.801813 0.145605
v -0.700765 0.785992 0.145764
v -0.788688 0.849304 0.138043
v -0.784482 0.846748 0.140910
v -0.777736 0.842648 0.142964
v -0.767459 0.836402 0.144341
v -0.752656 0.827405 0.145177
v -0.732336 0.815056 0.145605
v -0.705506 0.798750 0.145763
v -0.790952 0.857335 0.138043
v -0.786734 0.854736 0.140910
v -0.779969 0.850568 0.142964
v -0.769662 0.844217 0.144341
v -0.754817 0.835070 0.145177
v -0.734439 0.822513 0.145605
v -0.707531 0.805934 0.145763
v 0.024750 -0.804356 0.138043
v 0.024618 -0.798094 0.140910
v 0.024406 -0.788050 0.142964
v 0.024084 -0.772747 0.144341
v 0.023619 -0.750706 0.145176
v 0.022982 -0.720450 0.145605
v 0.022140 -0.680501 0.145763
v 0.021326 -0.806821 0.138043
v 0.021212 -0.800546 0.140910
v 0.021030 -0.790481 0.142964
v 0.020752 -0.775146 0.144341
v 0.020351 -0.753059 0.145176
v 0.019802 -0.722740 0.145605
v 0.019077 -0.682706 0.145763
v 0.017850 -0.808918 0.138043
v 0.017755 -0.802631 0.140910
v 0.017602 -0.792548 0.142964
v 0.017370 -0.777186 0.144341
v 0.017035 -0.755060 0.145176
v 0.016575 -0.724686 0.145605
v 0.015968 -0.684582 0.145763
v 0.014332 -0.810641 0.138043
v 0.014255 -0.804345 0.140910
v 0.014133 -0.794248 0.142964
v 0.013946 -0.778863 0.144341
v 0.013677 -0.756704 0.145176
v 0.013308 -0.726287 0.145605
v 0.012820 -0.686123 0.145763
v 0.010779 -0.811988 0.138043
v 0.010721 -0.805685 0.140910
v 0.010629 -0.795576 0.142964
v 0.010489 -0.780174 0.144341
v 0.010286 -0.757990 0.145176
v 0.010009 -0.727537 0.145605
v 0.009642 -0.687328 0.145763
v 0.007200 -0.812955 0.138043
v 0.007162 -0.806647 0.140910
v 0.007100 -0.796529 0.142964
v 0.007006 -0.781114 0.144341
v 0.006871 -0.758912 0.145176
v 0.006686 -0.728435 0.145605
v 0.006441 -0.688193 0.145763
v 0.003604 -0.813538 0.138043
v 0.003585 -0.807226 0.140910
v 0.003555 -0.797104 0.142964
v 0.003508 -0.781681 0.144341
v 0.003440 -0.759469 0.145176
v 0.003347 -0.728976 0.145605
v 0.003225 -0.688714 0.145763
v -0.791605 0.866225 0.138043
v -0.787384 0.863579 0.140910
v -0.780613 0.859334 0.142964
v -0.770298 0.852868 0.144341
v -0.755440 0.843554 0.145177
v -0.735045 0.830768 0.145605
v -0.708116 0.813886 0.145764
v -0.791362 0.870082 0.138043
v -0.787142 0.867415 0.140910
v -0.780374 0.863137 0.142964
v -0.770061 0.856620 0.144341
v -0.755208 0.847234 0.145177
v -0.734819 0.834349 0.145605
v -0.707898 0.817336 0.145763
v -0.790818 0.873703 0.138043
v -0.786601 0.871017 0.140910
v -0.779837 0.866708 0.142964
v -0.769532 0.860144 0.144341
v -0.754689 0.850690 0.145177
v -0.734314 0.837712 0.145605
v -0.707411 0.820575 0.145763
v -0.789975 0.877081 0.138043
v -0.785762 0.874376 0.140910
v -0.779006 0.870039 0.142964
v -0.768712 0.863431 0.144341
v -0.753885 0.853914 0.145177
v -0.733532 0.840848 0.145605
v -0.706658 0.823597 0.145764
v -0.788836 0.880208 0.138043
v -0.784630 0.877486 0.140910
v -0.777883 0.873123 0.142964
v -0.767603 0.866474 0.144341
v -0.752798 0.856897 0.145177
v -0.732474 0.843752 0.145605
v -0.705639 0.826394 0.145764
v -0.787404 0.883075 0.138043
v -0.783205 0.880339 0.140910
v -0.776470 0.875950 0.142964
v -0.766209 0.869264 0.144341
v -0.751431 0.859634 0.145177
v -0.731144 0.846414 0.145605
v -0.704357 0.828959 0.145763
v -0.785680 0.885676 0.138043
v -0.781490 0.882926 0.140910
v -0.774770 0.878515 0.142964
v -0.764532 0.871795 0.144341
v -0.749786 0.862116 0.145177
v -0.729543 0.848829 0.145605
v -0.702815 0.831286 0.145763
v -0.003604 -0.813538 0.138043
v -0.003585 -0.807226 0.140910
v -0.003554 -0.797104 0.142964
v -0.003507 -0.781681 0.144341
v -0.003439 -0.759469 0.145176
v -0.003346 -0.728976 0.145605
v -0.003224 -0.688714 0.145763
v -0.007200 -0.812955 0.138043
v -0.007161 -0.806647 0.140910
v -0.007100 -0.796529 0.142964
v -0.007006 -0.781114 0.144341
v -0.006871 -0.758912 0.145176
v -0.006685 -0.728435 0.145605
v -0.006440 -0.688193 0.145763
v -0.010778 -0.811988 0.138043
v -0.010721 -0.805685 0.140910
v -0.010629 -0.795576 0.142964
v -0.010488 -0.780174 0.144341
v -0.010286 -0.757990 0.145176
v -0.010008 -0.727537 0.145605
v -0.009641 -0.687328 0.145763
v -0.014331 -0.810641 0.138043
v -0.014255 -0.804345 0.140910
v -0.014132 -0.794248 0.142964
v -0.013945 -0.778863 0.144341
v -0.013676 -0.756704 0.145176
v -0.013307 -0.726287 0.145605
v -0.012820 -0.686123 0.145763
v -0.017850 -0.808918 0.138043
v -0.017754 -0.802631 0.140910
v -0.017602 -0.792548 0.142964
v -0.017369 -0.777186 0.144341
v -0.017034 -0.755060 0.145176
v -0.016574 -0.724686 0.145605
v -0.015967 -0.684582 0.145763
v -0.021325 -0.806821 0.138043
v -0.021212 -0.800546 0.140910
v -0.021029 -0.790481 0.142964
v -0.020751 -0.775146 0.144341
v -0.020351 -0.753059 0.145176
v -0.019802 -0.722740 0.145605
v -0.019076 -0.682706 0.145763
v -0.024750 -0.804356 0.138043
v -0.024618 -0.798093 0.140910
v -0.024406 -0.788050 0.142964
v -0.024083 -0.772747 0.144341
v -0.023619 -0.750706 0.145176
v -0.022981 -0.720451 0.145605
v -0.022139 -0.680501 0.145763
v -0.781368 0.890046 0.138043
v -0.777201 0.887273 0.140910
v -0.770518 0.882825 0.142964
v -0.760336 0.876047 0.144341
v -0.745671 0.866286 0.145177
v -0.725540 0.852887 0.145605
v -0.698958 0.835195 0.145764
v -0.778791 0.891805 0.138043
v -0.774638 0.889022 0.140910
v -0.767977 0.884559 0.142964
v -0.757828 0.877759 0.144341
v -0.743211 0.867965 0.145177
v -0.723146 0.854520 0.145605
v -0.696653 0.836768 0.145763
v -0.775943 0.893276 0.138043
v -0.771805 0.890485 0.140910
v -0.765168 0.886010 0.142964
v -0.755057 0.879190 0.144341
v -0.740493 0.869369 0.145177
v -0.720502 0.855886 0.145605
v -0.694105 0.838084 0.145763
v -0.772832 0.894457 0.138043
v -0.768710 0.891660 0.140910
v -0.762100 0.887174 0.142964
v -0.752029 0.880340 0.144341
v -0.737524 0.870496 0.145177
v -0.717613 0.856983 0.145605
v -0.691322 0.839141 0.145764
v -0.769465 0.895345 0.138043
v -0.765362 0.892543 0.140910
v -0.758781 0.888050 0.142964
v -0.748754 0.881204 0.144341
v -0.734312 0.871343 0.145177
v -0.714487 0.857808 0.145605
v -0.688311 0.839935 0.145764
v -0.765852 0.895938 0.138043
v -0.761768 0.893133 0.140910
v -0.755217 0.888635 0.142964
v -0.745237 0.881781 0.144341
v -0.730864 0.871909 0.145177
v -0.711132 0.858358 0.145605
v -0.685078 0.840466 0.145763
v -0.761999 0.896233 0.138043
v -0.757935 0.893427 0.140910
v -0.751418 0.888926 0.142964
v -0.741488 0.882068 0.144341
v -0.727187 0.872191 0.145177
v -0.707554 0.858632 0.145605
v -0.681632 0.840730 0.145763
v -0.031642 -0.797833 0.138043
v -0.031473 -0.791605 0.140910
v -0.031202 -0.781617 0.142964
v -0.030790 -0.766399 0.144341
v -0.030196 -0.744481 0.145176
v -0.029381 -0.714393 0.145605
v -0.028304 -0.674666 0.145763
v -0.036488 -0.790781 0.138043
v -0.036293 -0.784591 0.140910
v -0.035981 -0.774663 0.142964
v -0.035506 -0.759537 0.144341
v -0.034821 -0.737751 0.145176
v -0.033881 -0.707845 0.145605
v -0.032639 -0.668358 0.145763
v -0.044039 -0.777372 0.138043
v -0.043804 -0.771254 0.140910
v -0.043427 -0.761441 0.142964
v -0.042853 -0.746489 0.144341
v -0.042027 -0.724955 0.145176
v -0.040892 -0.695394 0.145605
v -0.039394 -0.656363 0.145763
v -0.055681 -0.754609 0.138043
v -0.055384 -0.748612 0.140910
v -0.054907 -0.738993 0.142964
v -0.054182 -0.724339 0.144341
v -0.053137 -0.703232 0.145176
v -0.051702 -0.674258 0.145605
v -0.049808 -0.636001 0.145763
v -0.072800 -0.719493 0.138043
v -0.072412 -0.713683 0.140910
v -0.071790 -0.704365 0.142964
v -0.070841 -0.690168 0.144341
v -0.069475 -0.669721 0.145176
v -0.067599 -0.641651 0.145605
v -0.065122 -0.604588 0.145763
v -0.096785 -0.669028 0.138043
v -0.096269 -0.663487 0.140910
v -0.095441 -0.654601 0.142964
v -0.094180 -0.641061 0.144341
v -0.092363 -0.621561 0.145176
v -0.089870 -0.594791 0.145605
v -0.086577 -0.559446 0.145763
v -0.129021 -0.600215 0.138043
v -0.128333 -0.595041 0.140910
v -0.127229 -0.586743 0.142964
v -0.125548 -0.574100 0.144341
v -0.123126 -0.555891 0.145176
v -0.119802 -0.530895 0.145605
v -0.115413 -0.497890 0.145763
v -0.753392 0.895826 0.138043
v -0.749374 0.893021 0.140910
v -0.742931 0.888524 0.142964
v -0.733113 0.881672 0.144341
v -0.718973 0.871802 0.145177
v -0.699562 0.858254 0.145605
v -0.673933 0.840365 0.145764
v -0.747369 0.894553 0.138043
v -0.743383 0.891755 0.140910
v -0.736991 0.887269 0.142964
v -0.727252 0.880433 0.144341
v -0.713225 0.870587 0.145177
v -0.693970 0.857072 0.145605
v -0.668545 0.839227 0.145763
v -0.738569 0.891842 0.138043
v -0.734630 0.889059 0.140910
v -0.728313 0.884595 0.142964
v -0.718689 0.877795 0.144341
v -0.704827 0.868000 0.145177
v -0.685798 0.854555 0.145605
v -0.660673 0.836801 0.145763
v -0.725714 0.887124 0.138043
v -0.721844 0.884366 0.140910
v -0.715637 0.879943 0.142964
v -0.706180 0.873204 0.144341
v -0.692559 0.863498 0.145177
v -0.673862 0.850174 0.145605
v -0.649174 0.832581 0.145764
v -0.707527 0.879833 0.138043
v -0.703754 0.877114 0.140910
v -0.697703 0.872753 0.142964
v -0.688483 0.866109 0.144341
v -0.675204 0.856540 0.145177
v -0.656975 0.843403 0.145605
v -0.632905 0.826059 0.145764
v -0.682733 0.869399 0.138043
v -0.679092 0.866736 0.140910
v -0.673253 0.862464 0.142964
v -0.664356 0.855956 0.144341
v -0.651542 0.846583 0.145177
v -0.633952 0.833715 0.145605
v -0.610726 0.816726 0.145763
v -0.650053 0.855256 0.138043
v -0.646586 0.852668 0.140910
v -0.641027 0.848517 0.142964
v -0.632556 0.842193 0.144341
v -0.620355 0.833086 0.145177
v -0.603607 0.820583 0.145605
v -0.581493 0.804074 0.145763
v -0.002411 0.564363 0.138043
v -0.002398 0.563326 0.140910
v -0.002377 0.561664 0.142964
v -0.002346 0.559131 0.144341
v -0.002301 0.555482 0.145176
v -0.002239 0.550474 0.145605
v -0.002157 0.543861 0.145763
v -0.001595 0.564226 0.138043
v -0.001586 0.563190 0.140910
v -0.001572 0.561529 0.142964
v -0.001552 0.558997 0.144341
v -0.001522 0.555352 0.145176
v -0.001481 0.550347 0.145605
v -0.001426 0.543739 0.145763
v -0.000793 0.564144 0.138043
v -0.000789 0.563108 0.140910
v -0.000782 0.561448 0.142964
v -0.000772 0.558917 0.144341
v -0.000757 0.555273 0.145176
v -0.000737 0.550271 0.145605
v -0.000710 0.543665 0.145763
v 0.000000 0.564117 0.138043
v 0.000000 0.563081 0.140910
v 0.000000 0.561421 0.142964
v 0.000001 0.558891 0.144341
v 0.000001 0.555247 0.145176
v 0.000001 0.550245 0.145605
v 0.000001 0.543641 0.145763
v 0.000794 0.564144 0.138043
v 0.000790 0.563109 0.140910
v 0.000783 0.561448 0.142964
v 0.000773 0.558918 0.144341
v 0.000758 0.555274 0.145176
v 0.000738 0.550271 0.145605
v 0.000711 0.543666 0.145763
v 0.001596 0.564227 0.138043
v 0.001588 0.563191 0.140910
v 0.001574 0.561529 0.142964
v 0.001553 0.558998 0.144341
v 0.001523 0.555352 0.145176
v 0.001482 0.550348 0.145605
v 0.001428 0.543739 0.145763
v 0.002414 0.564364 0.138043
v 0.002401 0.563327 0.140910
v 0.002380 0.561665 0.142964
v 0.002349 0.559132 0.144341
v 0.002303 0.555483 0.145176
v 0.002241 0.550475 0.145605
v 0.002159 0.543862 0.145763
v 0.790952 0.857335 0.138043
v 0.786734 0.854736 0.140910
v 0.779969 0.850568 0.142964
v 0.769662 0.844217 0.144341
v 0.754817 0.835070 0.145176
v 0.734439 0.822514 0.145605
v 0.707531 0.805934 0.145763
v 0.788688 0.849304 0.138043
v 0.784482 0.846748 0.140910
v 0.777736 0.842648 0.142964
v 0.767459 0.836402 0.144341
v 0.752656 0.827406 0.145176
v 0.732336 0.815056 0.145605
v 0.705506 0.798750 0.145763
v 0.783388 0.835042 0.138043
v 0.779210 0.832561 0.140910
v 0.772510 0.828584 0.142964
v 0.762301 0.822523 0.144341
v 0.747598 0.813795 0.145176
v 0.727415 0.801813 0.145605
v 0.700765 0.785992 0.145763
v 0.773686 0.811542 0.138043
v 0.769560 0.809187 0.140910
v 0.762943 0.805411 0.142964
v 0.752861 0.799657 0.144341
v 0.738340 0.791369 0.145176
v 0.718407 0.779992 0.145605
v 0.692087 0.764971 0.145763
v 0.758218 0.775800 0.138043
v 0.754175 0.773636 0.140910
v 0.747690 0.770165 0.142964
v 0.737810 0.764876 0.144341
v 0.723579 0.757260 0.145176
v 0.704044 0.746804 0.145605
v 0.678250 0.732998 0.145763
v 0.735619 0.724809 0.138043
v 0.731696 0.722917 0.140910
v 0.725405 0.719882 0.142964
v 0.715819 0.715258 0.144341
v 0.702012 0.708598 0.145176
v 0.683059 0.699456 0.145605
v 0.658035 0.687385 0.145763
v 0.704523 0.655564 0.138043
v 0.700766 0.654041 0.140910
v 0.694740 0.651598 0.142964
v 0.685559 0.647877 0.144341
v 0.672337 0.642517 0.145176
v 0.654185 0.635159 0.145605
v 0.630218 0.625443 0.145763
v 0.612071 0.451801 0.138043
v 0.608806 0.451365 0.140910
v 0.603572 0.450665 0.142964
v 0.595596 0.449598 0.144341
v 0.584108 0.448063 0.145176
v 0.568338 0.445955 0.145605
v 0.547517 0.443171 0.145763
v 0.552131 0.320354 0.138043
v 0.549186 0.320618 0.140910
v 0.544464 0.321043 0.142964
v 0.537269 0.321689 0.144341
v 0.526907 0.322621 0.145176
v 0.512681 0.323899 0.145605
v 0.493899 0.325587 0.145763
v 0.486527 0.176792 0.138043
v 0.483932 0.177822 0.140910
v 0.479771 0.179475 0.142964
v 0.473431 0.181992 0.144341
v 0.464300 0.185618 0.145176
v 0.451765 0.190595 0.145605
v 0.435214 0.197167 0.145763
v 0.418040 0.027193 0.138043
v 0.415811 0.029021 0.140910
v 0.412235 0.031953 0.142964
v 0.406788 0.036420 0.144341
v 0.398942 0.042854 0.145176
v 0.388171 0.051685 0.145605
v 0.373950 0.063346 0.145763
v 0.349452 -0.122367 0.138043
v 0.347589 -0.119741 0.140910
v 0.344600 -0.115531 0.142964
v 0.340046 -0.109115 0.144341
v 0.333487 -0.099874 0.145176
v 0.324484 -0.087189 0.145605
v 0.312596 -0.070440 0.145763
v 0.283544 -0.265813 0.138043
v 0.282032 -0.262422 0.140910
v 0.279607 -0.256985 0.142964
v 0.275912 -0.248700 0.144341
v 0.270590 -0.236767 0.145176
v 0.263285 -0.220386 0.145605
v 0.253639 -0.198757 0.145763
v 0.223098 -0.397068 0.138043
v 0.221908 -0.392978 0.140910
v 0.220000 -0.386417 0.142964
v 0.217093 -0.376422 0.144341
v 0.212906 -0.362026 0.145176
v 0.207158 -0.342263 0.145605
v 0.199568 -0.316169 0.145763
v 0.785680 0.885676 0.138043
v 0.781490 0.882926 0.140910
v 0.774770 0.878515 0.142964
v 0.764532 0.871795 0.144341
v 0.749785 0.862116 0.145176
v 0.729543 0.848830 0.145605
v 0.702815 0.831286 0.145763
v 0.787404 0.883075 0.138043
v 0.783204 0.880339 0.140910
v 0.776470 0.875951 0.142964
v 0.766209 0.869264 0.144341
v 0.751431 0.859634 0.145176
v 0.731144 0.846415 0.145605
v 0.704357 0.828960 0.145763
v 0.788836 0.880208 0.138043
v 0.784630 0.877487 0.140910
v 0.777883 0.873123 0.142964
v 0.767603 0.866474 0.144341
v 0.752798 0.856898 0.145176
v 0.732474 0.843752 0.145605
v 0.705639 0.826394 0.145763
v 0.789975 0.877081 0.138043
v 0.785762 0.874377 0.140910
v 0.779006 0.870040 0.142964
v 0.768711 0.863431 0.144341
v 0.753885 0.853914 0.145176
v 0.733532 0.840849 0.145605
v 0.706658 0.823597 0.145763
v 0.790818 0.873703 0.138043
v 0.786601 0.871017 0.140910
v 0.779837 0.866709 0.142964
v 0.769532 0.860144 0.144341
v 0.754689 0.850690 0.145176
v 0.734314 0.837712 0.145605
v 0.707412 0.820576 0.145763
v 0.791362 0.870082 0.138043
v 0.787142 0.867415 0.140910
v 0.780373 0.863138 0.142964
v 0.770061 0.856621 0.144341
v 0.755208 0.847234 0.145176
v 0.734820 0.834350 0.145605
v 0.707898 0.817336 0.145763
v 0.791605 0.866225 0.138043
v 0.787384 0.863579 0.140910
v 0.780613 0.859335 0.142964
v 0.770298 0.852868 0.144341
v 0.755440 0.843554 0.145176
v 0.735045 0.830768 0.145605
v 0.708116 0.813887 0.145763
v 0.518328 0.756924 0.145786
v 0.478228 0.727021 0.145786
v 0.434666 0.694589 0.145786
v 0.389414 0.660980 0.145786
v 0.344184 0.627505 0.145786
v 0.300459 0.595333 0.145786
v 0.259553 0.565556 0.145786
v 0.544364 0.768186 0.145786
v 0.502103 0.737303 0.145786
v 0.455958 0.703635 0.145786
v 0.407665 0.668478 0.145786
v 0.358840 0.633050 0.145786
v 0.310629 0.598259 0.145786
v 0.263956 0.564880 0.145786
v 0.564116 0.776491 0.145786
v 0.520200 0.744867 0.145786
v 0.472054 0.710233 0.145786
v 0.421373 0.673832 0.145786
v 0.369732 0.636822 0.145786
v 0.318218 0.600036 0.145786
v 0.267783 0.564217 0.145786
v 0.578612 0.782300 0.145786
v 0.533538 0.750190 0.145786
v 0.484078 0.714972 0.145786
v 0.431945 0.677876 0.145786
v 0.378750 0.640060 0.145786
v 0.325686 0.602397 0.145786
v 0.273843 0.565685 0.145786
v 0.588875 0.786070 0.145786
v 0.543108 0.753732 0.145786
v 0.493054 0.718366 0.145786
v 0.440548 0.681270 0.145786
v 0.387317 0.643663 0.145786
v 0.334661 0.606465 0.145786
v 0.283766 0.570513 0.145786
v 0.595917 0.788249 0.145786
v 0.549781 0.755862 0.145786
v 0.499610 0.720636 0.145786
v 0.447411 0.683978 0.145786
v 0.395096 0.647224 0.145786
v 0.344195 0.611436 0.145786
v 0.296111 0.577581 0.145786
v 0.600743 0.789280 0.145786
v 0.554400 0.756930 0.145786
v 0.504272 0.721931 0.145786
v 0.452525 0.685793 0.145786
v 0.401283 0.649992 0.145786
v 0.352513 0.615892 0.145786
v 0.308194 0.584852 0.145786
v 0.102896 -0.403603 0.145786
v 0.095074 -0.343668 0.145786
v 0.086801 -0.278422 0.145786
v 0.078545 -0.210433 0.145786
v 0.070790 -0.142171 0.145786
v 0.064071 -0.075711 0.145786
v 0.059092 -0.012766 0.145786
v 0.077189 -0.458441 0.145786
v 0.071331 -0.394045 0.145786
v 0.065151 -0.323600 0.145786
v 0.059010 -0.249678 0.145786
v 0.053282 -0.174653 0.145786
v 0.048412 -0.100104 0.145786
v 0.044920 -0.027218 0.145786
v 0.058058 -0.498655 0.145786
v 0.053636 -0.430973 0.145786
v 0.048942 -0.356676 0.145786
v 0.044233 -0.278324 0.145786
v 0.039779 -0.198278 0.145786
v 0.035891 -0.118090 0.145786
v 0.032904 -0.039090 0.145786
v 0.044402 -0.526650 0.145786
v 0.040993 -0.456769 0.145786
v 0.037331 -0.380031 0.145786
v 0.033592 -0.299063 0.145786
v 0.029951 -0.216324 0.145786
v 0.026601 -0.133594 0.145786
v 0.023738 -0.052482 0.145786
v 0.035116 -0.544824 0.145786
v 0.032402 -0.473708 0.145786
v 0.029461 -0.395902 0.145786
v 0.026413 -0.314240 0.145786
v 0.023379 -0.231387 0.145786
v 0.020467 -0.149319 0.145786
v 0.017782 -0.069837 0.145786
v 0.029094 -0.555556 0.145786
v 0.026841 -0.483891 0.145786
v 0.024391 -0.405943 0.145786
v 0.021841 -0.324821 0.145786
v 0.019282 -0.243485 0.145786
v 0.016785 -0.164283 0.145786
v 0.014404 -0.089359 0.145786
v 0.025231 -0.561216 0.145786
v 0.023281 -0.489377 0.145786
v 0.021166 -0.411662 0.145786
v 0.018973 -0.331427 0.145786
v 0.016787 -0.251957 0.145786
v 0.014679 -0.176287 0.145786
v 0.012703 -0.107457 0.145786
v -0.443814 0.723927 0.145786
v -0.409568 0.696617 0.145786
v -0.372513 0.667067 0.145786
v -0.334241 0.636548 0.145786
v -0.296346 0.606323 0.145786
v -0.260437 0.577612 0.145786
v -0.228343 0.551737 0.145786
v -0.396450 0.702718 0.145786
v -0.365795 0.676972 0.145786
v -0.332519 0.649001 0.145786
v -0.297992 0.619938 0.145786
v -0.263556 0.590880 0.145786
v -0.230457 0.562781 0.145786
v -0.199968 0.536570 0.145786
v -0.345025 0.679598 0.145786
v -0.318257 0.655558 0.145786
v -0.289057 0.629306 0.145786
v -0.258542 0.601826 0.145786
v -0.227787 0.574058 0.145786
v -0.197718 0.546765 0.145786
v -0.169229 0.520666 0.145786
v -0.291678 0.655553 0.145786
v -0.268981 0.633329 0.145786
v -0.244115 0.608979 0.145786
v -0.217965 0.583368 0.145786
v -0.191370 0.557314 0.145786
v -0.164981 0.531454 0.145786
v -0.139405 0.506376 0.145786
v -0.238546 0.631564 0.145786
v -0.219977 0.611224 0.145786
v -0.199624 0.588963 0.145786
v -0.178204 0.565589 0.145786
v -0.156372 0.541852 0.145786
v -0.134526 0.518276 0.145786
v -0.112987 0.495324 0.145786
v -0.187759 0.608605 0.145786
v -0.173189 0.590115 0.145786
v -0.157291 0.569983 0.145786
v -0.140669 0.549000 0.145786
v -0.123858 0.527899 0.145786
v -0.107114 0.507190 0.145786
v -0.090535 0.487272 0.145786
v -0.141444 0.587649 0.145786
v -0.130543 0.570861 0.145786
v -0.118769 0.552709 0.145786
v -0.106641 0.533980 0.145786
v -0.094633 0.515432 0.145786
v -0.083051 0.497701 0.145786
v -0.071976 0.481324 0.145786
v -0.561759 0.597663 0.145786
v -0.518303 0.579843 0.145786
v -0.471106 0.560155 0.145786
v -0.422091 0.539203 0.145786
v -0.373121 0.517531 0.145786
v -0.325821 0.495437 0.145786
v -0.281651 0.472864 0.145786
v -0.586531 0.652867 0.145786
v -0.541003 0.630707 0.145786
v -0.491301 0.606193 0.145786
v -0.439301 0.580060 0.145786
v -0.386755 0.552932 0.145786
v -0.334915 0.524998 0.145786
v -0.284808 0.496175 0.145786
v -0.604532 0.693521 0.145786
v -0.557473 0.668190 0.145786
v -0.505889 0.640191 0.145786
v -0.451599 0.610374 0.145786
v -0.396295 0.579488 0.145786
v -0.341154 0.547858 0.145786
v -0.287211 0.515691 0.145786
v -0.616859 0.722025 0.145786
v -0.568806 0.694525 0.145786
v -0.516074 0.664226 0.145786
v -0.460490 0.632108 0.145786
v -0.403773 0.599068 0.145786
v -0.347191 0.565678 0.145786
v -0.291905 0.532430 0.145786
v -0.624609 0.740778 0.145786
v -0.576059 0.711930 0.145786
v -0.522953 0.680333 0.145786
v -0.467233 0.647119 0.145786
v -0.410725 0.613344 0.145786
v -0.354791 0.579765 0.145786
v -0.300677 0.547066 0.145786
v -0.628862 0.752169 0.145786
v -0.580167 0.722573 0.145786
v -0.527203 0.690378 0.145786
v -0.472081 0.656868 0.145786
v -0.416810 0.623260 0.145786
v -0.362983 0.590527 0.145786
v -0.312048 0.559558 0.145786
v -0.630692 0.758589 0.145786
v -0.582033 0.728610 0.145786
v -0.529392 0.696184 0.145786
v -0.475037 0.662711 0.145786
v -0.421194 0.629566 0.145786
v -0.369909 0.598026 0.145786
v -0.323227 0.569380 0.145786
v 0.019736 -0.566417 0.145786
v 0.018217 -0.494170 0.145786
v 0.016579 -0.416008 0.145786
v 0.014896 -0.335295 0.145786
v 0.013243 -0.255331 0.145786
v 0.011697 -0.179145 0.145786
v 0.010348 -0.109748 0.145786
v 0.017005 -0.568346 0.145786
v 0.015694 -0.495693 0.145786
v 0.014276 -0.416672 0.145786
v 0.012812 -0.334440 0.145786
v 0.011365 -0.251995 0.145786
v 0.009994 -0.171713 0.145786
v 0.008762 -0.095752 0.145786
v 0.014233 -0.569981 0.145786
v 0.013131 -0.496945 0.145786
v 0.011932 -0.417095 0.145786
v 0.010683 -0.333374 0.145786
v 0.009432 -0.248558 0.145786
v 0.008220 -0.164747 0.145786
v 0.007088 -0.083867 0.145786
v 0.011427 -0.571339 0.145786
v 0.010538 -0.498082 0.145786
v 0.009562 -0.417806 0.145786
v 0.008536 -0.333360 0.145786
v 0.007491 -0.247441 0.145786
v 0.006452 -0.162132 0.145786
v 0.005442 -0.079362 0.145786
v 0.008594 -0.572430 0.145786
v 0.007922 -0.499207 0.145786
v 0.007181 -0.419158 0.145786
v 0.006394 -0.335237 0.145786
v 0.005581 -0.250230 0.145786
v 0.004750 -0.166253 0.145786
v 0.003906 -0.085249 0.145786
v 0.005741 -0.573238 0.145786
v 0.005290 -0.500210 0.145786
v 0.004792 -0.420791 0.145786
v 0.004259 -0.338154 0.145786
v 0.003702 -0.255322 0.145786
v 0.003119 -0.174698 0.145786
v 0.002497 -0.098473 0.145786
v 0.002874 -0.573739 0.145786
v 0.002648 -0.500931 0.145786
v 0.002397 -0.422166 0.145786
v 0.002128 -0.340839 0.145786
v 0.001846 -0.260280 0.145786
v 0.001545 -0.183553 0.145786
v 0.001206 -0.113718 0.145786
v -0.001922 0.524977 0.145786
v -0.001775 0.513020 0.145786
v -0.001618 0.500085 0.145786
v -0.001458 0.486733 0.145786
v -0.001304 0.473509 0.145786
v -0.001166 0.460920 0.145786
v -0.001056 0.449468 0.145786
v -0.001271 0.524862 0.145786
v -0.001174 0.512871 0.145786
v -0.001071 0.499832 0.145786
v -0.000967 0.486267 0.145786
v -0.000869 0.472672 0.145786
v -0.000783 0.459445 0.145786
v -0.000719 0.446946 0.145786
v -0.000632 0.524790 0.145786
v -0.000584 0.512762 0.145786
v -0.000533 0.499615 0.145786
v -0.000482 0.485833 0.145786
v -0.000434 0.471875 0.145786
v -0.000393 0.458092 0.145786
v -0.000364 0.444803 0.145786
v 0.000001 0.524766 0.145786
v 0.000001 0.512720 0.145786
v 0.000001 0.499523 0.145786
v 0.000001 0.485641 0.145786
v 0.000001 0.471522 0.145786
v 0.000001 0.457508 0.145786
v 0.000001 0.443919 0.145786
v 0.000634 0.524791 0.145786
v 0.000586 0.512763 0.145786
v 0.000535 0.499615 0.145786
v 0.000484 0.485833 0.145786
v 0.000436 0.471876 0.145786
v 0.000395 0.458092 0.145786
v 0.000366 0.444803 0.145786
v 0.001273 0.524862 0.145786
v 0.001176 0.512871 0.145786
v 0.001073 0.499832 0.145786
v 0.000969 0.486267 0.145786
v 0.000871 0.472673 0.145786
v 0.000785 0.459445 0.145786
v 0.000722 0.446947 0.145786
v 0.001925 0.524978 0.145786
v 0.001778 0.513020 0.145786
v 0.001620 0.500086 0.145786
v 0.001460 0.486733 0.145786
v 0.001307 0.473510 0.145786
v 0.001168 0.460920 0.145786
v 0.001059 0.449469 0.145786
v -0.631213 0.765676 0.145786
v -0.582514 0.735143 0.145786
v -0.529830 0.702103 0.145786
v -0.475431 0.667976 0.145786
v -0.421544 0.634151 0.145786
v -0.370217 0.601897 0.145786
v -0.323496 0.572463 0.145786
v -0.630995 0.768736 0.145786
v -0.582140 0.737855 0.145786
v -0.529008 0.704261 0.145786
v -0.473723 0.669288 0.145786
v -0.418305 0.634207 0.145786
v -0.364361 0.600011 0.145786
v -0.313355 0.567596 0.145786
v -0.630536 0.771608 0.145786
v -0.581544 0.740396 0.145786
v -0.527984 0.706268 0.145786
v -0.471833 0.670476 0.145786
v -0.414953 0.634201 0.145786
v -0.358760 0.598333 0.145786
v -0.304552 0.563683 0.145786
v -0.629853 0.774294 0.145786
v -0.580835 0.742828 0.145786
v -0.527119 0.708345 0.145786
v -0.470613 0.672070 0.145786
v -0.413119 0.635159 0.145786
v -0.356031 0.598505 0.145786
v -0.300640 0.562937 0.145786
v -0.628956 0.776795 0.145786
v -0.580084 0.745188 0.145786
v -0.526653 0.710638 0.145786
v -0.470631 0.674421 0.145786
v -0.413874 0.637744 0.145786
v -0.357788 0.601525 0.145786
v -0.303660 0.566610 0.145786
v -0.627838 0.779098 0.145786
v -0.579224 0.747425 0.145786
v -0.526350 0.712984 0.145786
v -0.471326 0.677157 0.145786
v -0.416157 0.641255 0.145786
v -0.362434 0.606335 0.145786
v -0.311599 0.573360 0.145786
v -0.626488 0.781187 0.145786
v -0.578151 0.749464 0.145786
v -0.525856 0.715148 0.145786
v -0.471853 0.679721 0.145786
v -0.418350 0.644635 0.145786
v -0.367372 0.611236 0.145786
v -0.320934 0.580873 0.145786
v -0.002873 -0.573739 0.145786
v -0.002647 -0.500931 0.145786
v -0.002396 -0.422166 0.145786
v -0.002127 -0.340839 0.145786
v -0.001844 -0.260280 0.145786
v -0.001543 -0.183553 0.145786
v -0.001204 -0.113718 0.145786
v -0.005740 -0.573238 0.145786
v -0.005289 -0.500210 0.145786
v -0.004791 -0.420791 0.145786
v -0.004257 -0.338154 0.145786
v -0.003701 -0.255322 0.145786
v -0.003118 -0.174698 0.145786
v -0.002495 -0.098473 0.145786
v -0.008593 -0.572430 0.145786
v -0.007921 -0.499207 0.145786
v -0.007180 -0.419158 0.145786
v -0.006393 -0.335237 0.145786
v -0.005580 -0.250230 0.145786
v -0.004749 -0.166253 0.145786
v -0.003904 -0.085249 0.145786
v -0.011426 -0.571339 0.145786
v -0.010536 -0.498082 0.145786
v -0.009561 -0.417806 0.145786
v -0.008535 -0.333360 0.145786
v -0.007490 -0.247441 0.145786
v -0.006450 -0.162132 0.145786
v -0.005440 -0.079362 0.145786
v -0.014232 -0.569981 0.145786
v -0.013130 -0.496945 0.145786
v -0.011931 -0.417095 0.145786
v -0.010682 -0.333374 0.145786
v -0.009430 -0.248558 0.145786
v -0.008218 -0.164747 0.145786
v -0.007087 -0.083867 0.145786
v -0.017004 -0.568346 0.145786
v -0.015693 -0.495693 0.145786
v -0.014274 -0.416673 0.145786
v -0.012811 -0.334440 0.145786
v -0.011364 -0.251995 0.145786
v -0.009992 -0.171713 0.145786
v -0.008761 -0.095752 0.145786
v -0.019735 -0.566417 0.145786
v -0.018216 -0.494171 0.145786
v -0.016578 -0.416008 0.145786
v -0.014895 -0.335295 0.145786
v -0.013242 -0.255331 0.145786
v -0.011695 -0.179145 0.145786
v -0.010346 -0.109748 0.145786
v 0.003470 0.525410 0.145786
v 0.003202 0.513419 0.145786
v 0.002912 0.500448 0.145786
v 0.002612 0.487057 0.145786
v 0.002314 0.473794 0.145786
v 0.002027 0.461165 0.145786
v 0.001757 0.449672 0.145786
v 0.005459 0.526215 0.145786
v 0.005040 0.514121 0.145786
v 0.004591 0.500973 0.145786
v 0.004134 0.487297 0.145786
v 0.003690 0.473599 0.145786
v 0.003279 0.460279 0.145786
v 0.002922 0.447705 0.145786
v 0.009650 0.528043 0.145786
v 0.008918 0.515771 0.145786
v 0.008148 0.502368 0.145786
v 0.007383 0.488338 0.145786
v 0.006673 0.474158 0.145786
v 0.006076 0.460201 0.145786
v 0.005652 0.446811 0.145786
v 0.017134 0.531386 0.145786
v 0.015847 0.518846 0.145786
v 0.014511 0.505140 0.145786
v 0.013218 0.490774 0.145786
v 0.012066 0.476234 0.145786
v 0.011188 0.461921 0.145786
v 0.010723 0.448215 0.145786
v 0.028998 0.536735 0.145786
v 0.026831 0.523817 0.145786
v 0.024598 0.509758 0.145786
v 0.022462 0.495112 0.145786
v 0.020604 0.480417 0.145786
v 0.019263 0.466125 0.145786
v 0.018704 0.452675 0.145786
v 0.046330 0.544576 0.145786
v 0.042858 0.531110 0.145786
v 0.039265 0.516549 0.145786
v 0.035806 0.501525 0.145786
v 0.032752 0.486654 0.145786
v 0.030456 0.472487 0.145786
v 0.029349 0.459576 0.145786
v 0.070216 0.555394 0.145786
v 0.064912 0.541141 0.145786
v 0.059358 0.525805 0.145786
v 0.053902 0.510097 0.145786
v 0.048908 0.494725 0.145786
v 0.044796 0.480378 0.145786
v 0.042145 0.467815 0.145786
v -0.623050 0.784671 0.145786
v -0.574984 0.752674 0.145786
v -0.522988 0.718054 0.145786
v -0.469308 0.682300 0.145786
v -0.416143 0.646872 0.145786
v -0.365525 0.613108 0.145786
v -0.319492 0.582334 0.145786
v -0.620971 0.786057 0.145786
v -0.572896 0.753839 0.145786
v -0.520619 0.718793 0.145786
v -0.466232 0.682319 0.145786
v -0.411729 0.645743 0.145786
v -0.358704 0.610116 0.145786
v -0.308613 0.576386 0.145786
v -0.618676 0.787214 0.145786
v -0.570608 0.754792 0.145786
v -0.518064 0.719344 0.145786
v -0.462983 0.682173 0.145786
v -0.407199 0.644509 0.145786
v -0.352106 0.607283 0.145786
v -0.298988 0.571345 0.145786
v -0.616184 0.788149 0.145786
v -0.568230 0.755604 0.145786
v -0.515681 0.719939 0.145786
v -0.460402 0.682419 0.145786
v -0.404159 0.644240 0.145786
v -0.348314 0.606327 0.145786
v -0.294132 0.569533 0.145786
v -0.613511 0.788864 0.145786
v -0.565837 0.756317 0.145786
v -0.513712 0.720734 0.145786
v -0.459054 0.683428 0.145786
v -0.403671 0.645636 0.145786
v -0.348928 0.608299 0.145786
v -0.296073 0.572276 0.145786
v -0.610653 0.789353 0.145786
v -0.563367 0.756883 0.145786
v -0.511932 0.721569 0.145786
v -0.458397 0.684822 0.145786
v -0.404710 0.647986 0.145786
v -0.352406 0.612127 0.145786
v -0.302874 0.578220 0.145786
v -0.607605 0.789605 0.145786
v -0.560723 0.757229 0.145786
v -0.509998 0.722203 0.145786
v -0.457612 0.686036 0.145786
v -0.405703 0.650207 0.145786
v -0.356226 0.616078 0.145786
v -0.311118 0.585009 0.145786
v -0.025230 -0.561216 0.145786
v -0.023280 -0.489376 0.145786
v -0.021164 -0.411663 0.145786
v -0.018972 -0.331427 0.145786
v -0.016786 -0.251957 0.145786
v -0.014677 -0.176287 0.145786
v -0.012702 -0.107457 0.145786
v -0.029093 -0.555556 0.145786
v -0.026840 -0.483891 0.145786
v -0.024390 -0.405943 0.145786
v -0.021839 -0.324821 0.145786
v -0.019281 -0.243485 0.145786
v -0.016783 -0.164283 0.145786
v -0.014403 -0.089359 0.145786
v -0.035115 -0.544824 0.145786
v -0.032401 -0.473708 0.145786
v -0.029459 -0.395902 0.145786
v -0.026411 -0.314240 0.145786
v -0.023378 -0.231387 0.145786
v -0.020466 -0.149319 0.145786
v -0.017780 -0.069837 0.145786
v -0.044401 -0.526650 0.145786
v -0.040992 -0.456769 0.145786
v -0.037330 -0.380031 0.145786
v -0.033590 -0.299063 0.145786
v -0.029949 -0.216324 0.145786
v -0.026599 -0.133594 0.145786
v -0.023736 -0.052482 0.145786
v -0.058058 -0.498655 0.145786
v -0.053635 -0.430973 0.145786
v -0.048941 -0.356676 0.145786
v -0.044232 -0.278324 0.145786
v -0.039777 -0.198278 0.145786
v -0.035889 -0.118090 0.145786
v -0.032902 -0.039090 0.145786
v -0.077188 -0.458441 0.145786
v -0.071330 -0.394045 0.145786
v -0.065150 -0.323600 0.145786
v -0.059008 -0.249678 0.145786
v -0.053281 -0.174653 0.145786
v -0.048411 -0.100104 0.145786
v -0.044918 -0.027218 0.145786
v -0.102895 -0.403603 0.145786
v -0.095073 -0.343668 0.145786
v -0.086800 -0.278422 0.145786
v -0.078544 -0.210433 0.145786
v -0.070788 -0.142171 0.145786
v -0.064070 -0.075711 0.145786
v -0.059090 -0.012766 0.145786
v -0.070203 0.555388 0.145786
v -0.064901 0.541136 0.145786
v -0.059347 0.525800 0.145786
v -0.053892 0.510093 0.145786
v -0.048898 0.494722 0.145786
v -0.044788 0.480375 0.145786
v -0.042137 0.467812 0.145786
v -0.046318 0.544571 0.145786
v -0.042847 0.531105 0.145786
v -0.039255 0.516545 0.145786
v -0.035796 0.501521 0.145786
v -0.032743 0.486651 0.145786
v -0.030448 0.472484 0.145786
v -0.029342 0.459574 0.145786
v -0.028988 0.536731 0.145786
v -0.026820 0.523813 0.145786
v -0.024588 0.509754 0.145786
v -0.022454 0.495109 0.145786
v -0.020596 0.480414 0.145786
v -0.019256 0.466122 0.145786
v -0.018698 0.452673 0.145786
v -0.017124 0.531382 0.145786
v -0.015838 0.518843 0.145786
v -0.014503 0.505136 0.145786
v -0.013210 0.490771 0.145786
v -0.012059 0.476231 0.145786
v -0.011181 0.461919 0.145786
v -0.010717 0.448214 0.145786
v -0.009642 0.528040 0.145786
v -0.008911 0.515768 0.145786
v -0.008141 0.502365 0.145786
v -0.007376 0.488336 0.145786
v -0.006667 0.474156 0.145786
v -0.006070 0.460199 0.145786
v -0.005647 0.446810 0.145786
v -0.005452 0.526213 0.145786
v -0.005034 0.514119 0.145786
v -0.004585 0.500970 0.145786
v -0.004129 0.487295 0.145786
v -0.003685 0.473597 0.145786
v -0.003275 0.460277 0.145786
v -0.002918 0.447704 0.145786
v -0.003465 0.525408 0.145786
v -0.003197 0.513417 0.145786
v -0.002908 0.500446 0.145786
v -0.002608 0.487055 0.145786
v -0.002310 0.473793 0.145786
v -0.002023 0.461164 0.145786
v -0.001753 0.449671 0.145786
v -0.600743 0.789280 0.145786
v -0.554400 0.756930 0.145786
v -0.504272 0.721931 0.145786
v -0.452524 0.685793 0.145786
v -0.401282 0.649992 0.145786
v -0.352511 0.615892 0.145786
v -0.308193 0.584851 0.145786
v -0.595917 0.788249 0.145786
v -0.549780 0.755862 0.145786
v -0.499609 0.720636 0.145786
v -0.447410 0.683978 0.145786
v -0.395095 0.647224 0.145786
v -0.344194 0.611436 0.145786
v -0.296110 0.577581 0.145786
v -0.588875 0.786070 0.145786
v -0.543107 0.753732 0.145786
v -0.493053 0.718366 0.145786
v -0.440547 0.681269 0.145786
v -0.387316 0.643663 0.145786
v -0.334659 0.606465 0.145786
v -0.283765 0.570513 0.145786
v -0.578611 0.782299 0.145786
v -0.533537 0.750190 0.145786
v -0.484077 0.714972 0.145786
v -0.431943 0.677876 0.145786
v -0.378748 0.640060 0.145786
v -0.325684 0.602397 0.145786
v -0.273841 0.565685 0.145786
v -0.564115 0.776490 0.145786
v -0.520199 0.744866 0.145786
v -0.472053 0.710233 0.145786
v -0.421372 0.673832 0.145786
v -0.369731 0.636822 0.145786
v -0.318216 0.600035 0.145786
v -0.267781 0.564216 0.145786
v -0.544362 0.768185 0.145786
v -0.502101 0.737303 0.145786
v -0.455956 0.703634 0.145786
v -0.407663 0.668477 0.145786
v -0.358838 0.633050 0.145786
v -0.310627 0.598259 0.145786
v -0.263953 0.564879 0.145786
v -0.518326 0.756923 0.145786
v -0.478225 0.727020 0.145786
v -0.434663 0.694588 0.145786
v -0.389411 0.660979 0.145786
v -0.344181 0.627504 0.145786
v -0.300456 0.595332 0.145786
v -0.259551 0.565555 0.145786
v 0.630692 0.758589 0.145786
v 0.582034 0.728610 0.145786
v 0.529393 0.696184 0.145786
v 0.475038 0.662711 0.145786
v 0.421195 0.629566 0.145786
v 0.369910 0.598026 0.145786
v 0.323228 0.569380 0.145786
v 0.628862 0.752169 0.145786
v 0.580168 0.722573 0.145786
v 0.527204 0.690378 0.145786
v 0.472082 0.656868 0.145786
v 0.416811 0.623260 0.145786
v 0.362984 0.590527 0.145786
v 0.312050 0.559558 0.145786
v 0.624610 0.740778 0.145786
v 0.576060 0.711930 0.145786
v 0.522954 0.680334 0.145786
v 0.467234 0.647120 0.145786
v 0.410726 0.613344 0.145786
v 0.354793 0.579765 0.145786
v 0.300678 0.547066 0.145786
v 0.616860 0.722026 0.145786
v 0.568806 0.694525 0.145786
v 0.516074 0.664226 0.145786
v 0.460491 0.632108 0.145786
v 0.403774 0.599068 0.145786
v 0.347192 0.565678 0.145786
v 0.291907 0.532430 0.145786
v 0.604532 0.693521 0.145786
v 0.557474 0.668190 0.145786
v 0.505889 0.640191 0.145786
v 0.451600 0.610375 0.145786
v 0.396296 0.579488 0.145786
v 0.341155 0.547859 0.145786
v 0.287213 0.515691 0.145786
v 0.586532 0.652867 0.145786
v 0.541003 0.630707 0.145786
v 0.491302 0.606193 0.145786
v 0.439302 0.580060 0.145786
v 0.386756 0.552932 0.145786
v 0.334916 0.524998 0.145786
v 0.284809 0.496175 0.145786
v 0.561759 0.597663 0.145786
v 0.518304 0.579843 0.145786
v 0.471107 0.560155 0.145786
v 0.422092 0.539203 0.145786
v 0.373122 0.517531 0.145786
v 0.325822 0.495437 0.145786
v 0.281652 0.472864 0.145786
v 0.488054 0.435219 0.145786
v 0.450391 0.430164 0.145786
v 0.409630 0.424661 0.145786
v 0.367519 0.418926 0.145786
v 0.325806 0.413247 0.145786
v 0.286237 0.408192 0.145786
v 0.250784 0.404829 0.145786
v 0.440248 0.330420 0.145786
v 0.406198 0.333562 0.145786
v 0.369225 0.337104 0.145786
v 0.330841 0.340981 0.145786
v 0.292527 0.345222 0.145786
v 0.255635 0.350233 0.145786
v 0.221539 0.356696 0.145786
v 0.387924 0.215958 0.145786
v 0.357820 0.228006 0.145786
v 0.324969 0.241307 0.145786
v 0.290619 0.255448 0.145786
v 0.255970 0.270092 0.145786
v 0.222040 0.285215 0.145786
v 0.189807 0.300891 0.145786
v 0.333307 0.096673 0.145786
v 0.307368 0.117942 0.145786
v 0.278944 0.141248 0.145786
v 0.249044 0.165763 0.145786
v 0.218624 0.190703 0.145786
v 0.188421 0.215464 0.145786
v 0.159120 0.239482 0.145786
v 0.278621 -0.022591 0.145786
v 0.256935 0.007829 0.145786
v 0.233167 0.040954 0.145786
v 0.208159 0.075485 0.145786
v 0.182679 0.110141 0.145786
v 0.157205 0.143720 0.145786
v 0.132129 0.175020 0.145786
v 0.226080 -0.136983 0.145786
v 0.208539 -0.097811 0.145786
v 0.189405 -0.055337 0.145786
v 0.169406 -0.011334 0.145786
v 0.149195 0.032419 0.145786
v 0.129114 0.074123 0.145786
v 0.109331 0.111828 0.145786
v 0.177896 -0.241650 0.145786
v 0.164181 -0.194442 0.145786
v 0.149359 -0.143337 0.145786
v 0.134077 -0.090519 0.145786
v 0.118938 -0.038203 0.145786
v 0.104353 0.011270 0.145786
v 0.090504 0.055063 0.145786
v 0.626488 0.781187 0.145786
v 0.578152 0.749464 0.145786
v 0.525856 0.715148 0.145786
v 0.471854 0.679721 0.145786
v 0.418351 0.644635 0.145786
v 0.367373 0.611236 0.145786
v 0.320935 0.580873 0.145786
v 0.627838 0.779098 0.145786
v 0.579225 0.747425 0.145786
v 0.526351 0.712985 0.145786
v 0.471327 0.677157 0.145786
v 0.416158 0.641255 0.145786
v 0.362435 0.606335 0.145786
v 0.311600 0.573360 0.145786
v 0.628956 0.776795 0.145786
v 0.580085 0.745188 0.145786
v 0.526654 0.710638 0.145786
v 0.470632 0.674421 0.145786
v 0.413875 0.637744 0.145786
v 0.357789 0.601525 0.145786
v 0.303662 0.566610 0.145786
v 0.629853 0.774295 0.145786
v 0.580835 0.742828 0.145786
v 0.527120 0.708345 0.145786
v 0.470614 0.672070 0.145786
v 0.413120 0.635159 0.145786
v 0.356033 0.598505 0.145786
v 0.300642 0.562937 0.145786
v 0.630537 0.771608 0.145786
v 0.581545 0.740397 0.145786
v 0.527985 0.706268 0.145786
v 0.471834 0.670476 0.145786
v 0.414954 0.634202 0.145786
v 0.358761 0.598333 0.145786
v 0.304553 0.563683 0.145786
v 0.630995 0.768736 0.145786
v 0.582140 0.737855 0.145786
v 0.529009 0.704261 0.145786
v 0.473724 0.669288 0.145786
v 0.418306 0.634207 0.145786
v 0.364362 0.600011 0.145786
v 0.313356 0.567597 0.145786
v 0.631213 0.765676 0.145786
v 0.582515 0.735143 0.145786
v 0.529830 0.702103 0.145786
v 0.475432 0.667976 0.145786
v 0.421545 0.634151 0.145786
v 0.370218 0.601897 0.145786
v 0.323497 0.572463 0.145786
v -0.177895 -0.241650 0.145786
v -0.164180 -0.194442 0.145786
v -0.149358 -0.143337 0.145786
v -0.134076 -0.090519 0.145786
v -0.118936 -0.038203 0.145786
v -0.104351 0.011270 0.145786
v -0.090503 0.055063 0.145786
v -0.226079 -0.136983 0.145786
v -0.208539 -0.097811 0.145786
v -0.189404 -0.055337 0.145786
v -0.169405 -0.011334 0.145786
v -0.149194 0.032419 0.145786
v -0.129113 0.074123 0.145786
v -0.109329 0.111828 0.145786
v -0.278620 -0.022592 0.145786
v -0.256934 0.007829 0.145786
v -0.233166 0.040954 0.145786
v -0.208158 0.075485 0.145786
v -0.182678 0.110141 0.145786
v -0.157203 0.143720 0.145786
v -0.132127 0.175020 0.145786
v -0.333306 0.096673 0.145786
v -0.307367 0.117942 0.145786
v -0.278943 0.141248 0.145786
v -0.249043 0.165763 0.145786
v -0.218623 0.190703 0.145786
v -0.188420 0.215464 0.145786
v -0.159118 0.239482 0.145786
v -0.387923 0.215958 0.145786
v -0.357819 0.228006 0.145786
v -0.324968 0.241307 0.145786
v -0.290618 0.255448 0.145786
v -0.255969 0.270092 0.145786
v -0.222039 0.285215 0.145786
v -0.189805 0.300891 0.145786
v -0.440248 0.330420 0.145786
v -0.406198 0.333561 0.145786
v -0.369224 0.337104 0.145786
v -0.330840 0.340981 0.145786
v -0.292525 0.345222 0.145786
v -0.255633 0.350233 0.145786
v -0.221537 0.356696 0.145786
v -0.488053 0.435219 0.145786
v -0.450390 0.430164 0.145786
v -0.409629 0.424661 0.145786
v -0.367518 0.418926 0.145786
v -0.325805 0.413247 0.145786
v -0.286236 0.408191 0.145786
v -0.250782 0.404829 0.145786
v 0.607605 0.789605 0.145786
v 0.560724 0.757230 0.145786
v 0.509999 0.722204 0.145786
v 0.457613 0.686036 0.145786
v 0.405704 0.650207 0.145786
v 0.356227 0.616078 0.145786
v 0.311119 0.585009 0.145786
v 0.610653 0.789353 0.145786
v 0.563368 0.756883 0.145786
v 0.511932 0.721569 0.145786
v 0.458398 0.684822 0.145786
v 0.404711 0.647986 0.145786
v 0.352408 0.612127 0.145786
v 0.302875 0.578220 0.145786
v 0.613511 0.788864 0.145786
v 0.565838 0.756317 0.145786
v 0.513713 0.720734 0.145786
v 0.459055 0.683428 0.145786
v 0.403672 0.645636 0.145786
v 0.348930 0.608299 0.145786
v 0.296075 0.572276 0.145786
v 0.616185 0.788149 0.145786
v 0.568230 0.755604 0.145786
v 0.515682 0.719939 0.145786
v 0.460403 0.682419 0.145786
v 0.404160 0.644240 0.145786
v 0.348316 0.606327 0.145786
v 0.294133 0.569533 0.145786
v 0.618677 0.787215 0.145786
v 0.570609 0.754793 0.145786
v 0.518064 0.719344 0.145786
v 0.462984 0.682173 0.145786
v 0.407200 0.644509 0.145786
v 0.352107 0.607283 0.145786
v 0.298990 0.571345 0.145786
v 0.620972 0.786057 0.145786
v 0.572897 0.753839 0.145786
v 0.520620 0.718794 0.145786
v 0.466233 0.682319 0.145786
v 0.411730 0.645744 0.145786
v 0.358705 0.610116 0.145786
v 0.308615 0.576386 0.145786
v 0.623051 0.784671 0.145786
v 0.574984 0.752674 0.145786
v 0.522989 0.718054 0.145786
v 0.469308 0.682301 0.145786
v 0.416144 0.646873 0.145786
v 0.365526 0.613108 0.145786
v 0.319493 0.582334 0.145786
v 0.141457 0.587655 0.145786
v 0.130555 0.570866 0.145786
v 0.118780 0.552713 0.145786
v 0.106651 0.533984 0.145786
v 0.094642 0.515436 0.145786
v 0.083059 0.497705 0.145786
v 0.071983 0.481327 0.145786
v 0.187771 0.608611 0.145786
v 0.173200 0.590120 0.145786
v 0.157301 0.569987 0.145786
v 0.140679 0.549003 0.145786
v 0.123867 0.527903 0.145786
v 0.107122 0.507193 0.145786
v 0.090542 0.487275 0.145786
v 0.238557 0.631569 0.145786
v 0.219987 0.611228 0.145786
v 0.199633 0.588967 0.145786
v 0.178212 0.565593 0.145786
v 0.156380 0.541855 0.145786
v 0.134533 0.518279 0.145786
v 0.112993 0.495327 0.145786
v 0.291687 0.655557 0.145786
v 0.268990 0.633333 0.145786
v 0.244123 0.608983 0.145786
v 0.217973 0.583371 0.145786
v 0.191377 0.557317 0.145786
v 0.164988 0.531457 0.145786
v 0.139411 0.506378 0.145786
v 0.345033 0.679601 0.145786
v 0.318264 0.655561 0.145786
v 0.289064 0.629309 0.145786
v 0.258548 0.601828 0.145786
v 0.227793 0.574060 0.145786
v 0.197724 0.546767 0.145786
v 0.169234 0.520668 0.145786
v 0.396456 0.702720 0.145786
v 0.365801 0.676975 0.145786
v 0.332525 0.649003 0.145786
v 0.297998 0.619940 0.145786
v 0.263561 0.590882 0.145786
v 0.230461 0.562783 0.145786
v 0.199973 0.536571 0.145786
v 0.443819 0.723930 0.145786
v 0.409573 0.696619 0.145786
v 0.372518 0.667069 0.145786
v 0.334245 0.636550 0.145786
v 0.296351 0.606324 0.145786
v 0.260441 0.577613 0.145786
v 0.228347 0.551738 0.145786
v 0.000001 0.369976 0.145786
v 0.009033 -0.001426 0.145786
v 0.010047 0.040108 0.145786
v 0.013328 0.074799 0.145786
v 0.020055 0.099377 0.145786
v 0.007178 0.036180 0.145786
v 0.007797 0.091533 0.145786
v 0.010778 0.139500 0.145786
v 0.018426 0.172489 0.145786
v 0.005325 0.062545 0.145786
v 0.005272 0.130371 0.145786
v 0.006993 0.197717 0.145786
v 0.015205 0.250419 0.145786
v 0.060981 0.105411 0.145786
v 0.069846 0.165545 0.145786
v 0.084283 0.225988 0.145786
v 0.105498 0.283422 0.145786
v 0.045173 0.112313 0.145786
v 0.050422 0.179512 0.145786
v 0.060648 0.244968 0.145786
v 0.079787 0.304485 0.145786
v 0.031012 0.111139 0.145786
v 0.032373 0.184069 0.145786
v 0.036257 0.258259 0.145786
v 0.051283 0.327840 0.145786
v 0.203834 0.417115 0.145786
v 0.192038 0.432737 0.145786
v 0.186353 0.449994 0.145786
v 0.189152 0.468145 0.145786
v 0.167823 0.379332 0.145786
v 0.149685 0.396077 0.145786
v 0.138425 0.415391 0.145786
v 0.139744 0.437013 0.145786
v 0.134128 0.334749 0.145786
v 0.110745 0.354266 0.145786
v 0.090803 0.377227 0.145786
v 0.086410 0.405622 0.145786
v 0.250977 0.525774 0.145786
v 0.225049 0.510760 0.145786
v 0.206564 0.500665 0.145786
v 0.199216 0.497745 0.145786
v 0.223890 0.506184 0.145786
v 0.188601 0.485463 0.145786
v 0.161528 0.470605 0.145786
v 0.150392 0.466060 0.145786
v 0.202380 0.486962 0.145786
v 0.158138 0.460673 0.145786
v 0.117628 0.438693 0.145786
v 0.095986 0.430313 0.145786
v 0.248636 0.534270 0.145786
v 0.222319 0.517823 0.145786
v 0.203197 0.506304 0.145786
v 0.194932 0.502141 0.145786
v 0.223489 0.516638 0.145786
v 0.187835 0.494034 0.145786
v 0.159825 0.476666 0.145786
v 0.147188 0.469737 0.145786
v 0.205787 0.503672 0.145786
v 0.161244 0.475174 0.145786
v 0.119096 0.448462 0.145786
v 0.093992 0.433694 0.145786
v 0.240361 0.536808 0.145786
v 0.213380 0.519018 0.145786
v 0.191564 0.505341 0.145786
v 0.177510 0.497808 0.145786
v 0.216639 0.519539 0.145786
v 0.180684 0.495525 0.145786
v 0.150280 0.475921 0.145786
v 0.131206 0.465204 0.145786
v 0.200306 0.507168 0.145786
v 0.156106 0.477378 0.145786
v 0.112791 0.448699 0.145786
v 0.081223 0.429694 0.145786
v 0.186751 0.515251 0.145786
v 0.152597 0.493620 0.145786
v 0.120396 0.474691 0.145786
v 0.092705 0.460526 0.145786
v 0.177101 0.504443 0.145786
v 0.137149 0.477914 0.145786
v 0.100169 0.454670 0.145786
v 0.070333 0.438551 0.145786
v 0.173287 0.498003 0.145786
v 0.128232 0.467005 0.145786
v 0.083287 0.436738 0.145786
v 0.045466 0.414162 0.145786
v 0.047196 0.452518 0.145786
v 0.033441 0.439990 0.145786
v 0.021063 0.429922 0.145786
v 0.011432 0.423861 0.145786
v 0.056889 0.450594 0.145786
v 0.040043 0.434360 0.145786
v 0.024262 0.420559 0.145786
v 0.011923 0.412257 0.145786
v 0.071709 0.452802 0.145786
v 0.051157 0.432691 0.145786
v 0.029786 0.412870 0.145786
v 0.011055 0.398758 0.145786
v 0.001201 0.431859 0.145786
v 0.000856 0.425447 0.145786
v 0.000447 0.420875 0.145786
v 0.000001 0.419109 0.145786
v 0.002369 0.426035 0.145786
v 0.001913 0.417254 0.145786
v 0.001074 0.410302 0.145786
v 0.000001 0.407394 0.145786
v 0.005430 0.422902 0.145786
v 0.004938 0.411893 0.145786
v 0.003230 0.401054 0.145786
v 0.000001 0.394654 0.145786
v -0.001197 0.431858 0.145786
v -0.002366 0.426034 0.145786
v -0.005426 0.422901 0.145786
v -0.011428 0.423860 0.145786
v -0.000853 0.425447 0.145786
v -0.001909 0.417253 0.145786
v -0.004935 0.411892 0.145786
v -0.011919 0.412257 0.145786
v -0.000444 0.420875 0.145786
v -0.001071 0.410301 0.145786
v -0.003227 0.401054 0.145786
v -0.011052 0.398757 0.145786
v -0.047189 0.452516 0.145786
v -0.056884 0.450592 0.145786
v -0.071704 0.452800 0.145786
v -0.092700 0.460525 0.145786
v -0.033435 0.439988 0.145786
v -0.040038 0.434358 0.145786
v -0.051152 0.432690 0.145786
v -0.070329 0.438550 0.145786
v -0.021058 0.429921 0.145786
v -0.024257 0.420558 0.145786
v -0.029782 0.412870 0.145786
v -0.045462 0.414161 0.145786
v -0.186748 0.515250 0.145786
v -0.177098 0.504442 0.145786
v -0.173285 0.498003 0.145786
v -0.177508 0.497808 0.145786
v -0.152593 0.493619 0.145786
v -0.137146 0.477913 0.145786
v -0.128229 0.467004 0.145786
v -0.131203 0.465204 0.145786
v -0.120392 0.474690 0.145786
v -0.100166 0.454670 0.145786
v -0.083284 0.436738 0.145786
v -0.081221 0.429693 0.145786
v -0.240359 0.536807 0.145786
v -0.216638 0.519539 0.145786
v -0.200304 0.507168 0.145786
v -0.194930 0.502141 0.145786
v -0.213378 0.519018 0.145786
v -0.180682 0.495525 0.145786
v -0.156104 0.477378 0.145786
v -0.147186 0.469737 0.145786
v -0.191562 0.505341 0.145786
v -0.150278 0.475921 0.145786
v -0.112789 0.448699 0.145786
v -0.093990 0.433694 0.145786
v -0.248634 0.534270 0.145786
v -0.223487 0.516638 0.145786
v -0.205785 0.503672 0.145786
v -0.199215 0.497745 0.145786
v -0.222318 0.517823 0.145786
v -0.187833 0.494033 0.145786
v -0.161242 0.475174 0.145786
v -0.150390 0.466060 0.145786
v -0.203195 0.506304 0.145786
v -0.159823 0.476666 0.145786
v -0.119094 0.448462 0.145786
v -0.095984 0.430313 0.145786
v -0.250975 0.525774 0.145786
v -0.223888 0.506184 0.145786
v -0.202378 0.486962 0.145786
v -0.189150 0.468145 0.145786
v -0.225047 0.510760 0.145786
v -0.188599 0.485463 0.145786
v -0.158136 0.460673 0.145786
v -0.139742 0.437013 0.145786
v -0.206563 0.500665 0.145786
v -0.161526 0.470605 0.145786
v -0.117626 0.438693 0.145786
v -0.086408 0.405622 0.145786
v -0.203832 0.417115 0.145786
v -0.167821 0.379331 0.145786
v -0.134126 0.334749 0.145786
v -0.105496 0.283422 0.145786
v -0.192036 0.432737 0.145786
v -0.149683 0.396076 0.145786
v -0.110743 0.354266 0.145786
v -0.079785 0.304485 0.145786
v -0.186351 0.449994 0.145786
v -0.138423 0.415391 0.145786
v -0.090801 0.377227 0.145786
v -0.051281 0.327840 0.145786
v -0.060980 0.105411 0.145786
v -0.045171 0.112313 0.145786
v -0.031010 0.111139 0.145786
v -0.020053 0.099377 0.145786
v -0.069844 0.165544 0.145786
v -0.050420 0.179512 0.145786
v -0.032371 0.184069 0.145786
v -0.018424 0.172489 0.145786
v -0.084282 0.225987 0.145786
v -0.060645 0.244968 0.145786
v -0.036255 0.258259 0.145786
v -0.015203 0.250419 0.145786
v -0.009031 -0.001426 0.145786
v -0.007176 0.036180 0.145786
v -0.005323 0.062545 0.145786
v -0.003611 0.072196 0.145786
v -0.010046 0.040108 0.145786
v -0.007795 0.091533 0.145786
v -0.005270 0.130371 0.145786
v -0.002926 0.145282 0.145786
v -0.013326 0.074799 0.145786
v -0.010776 0.139500 0.145786
v -0.006991 0.197717 0.145786
v -0.002452 0.226948 0.145786
v 0.000001 -0.005607 0.145786
v 0.000978 0.033246 0.145786
v 0.002170 0.061029 0.145786
v 0.003613 0.072196 0.145786
v -0.000976 0.033246 0.145786
v 0.000001 0.086210 0.145786
v 0.001219 0.127448 0.145786
v 0.002928 0.145282 0.145786
v -0.002168 0.061029 0.145786
v -0.001217 0.127448 0.145786
v 0.000001 0.190108 0.145786
v 0.002454 0.226948 0.145786
v -0.799547 0.862631 0.009552
v -0.797258 0.854512 0.009552
v -0.791900 0.840095 0.009552
v -0.782094 0.816340 0.009552
v -0.766457 0.780209 0.009552
v -0.743613 0.728665 0.009552
v -0.712178 0.658667 0.009552
v -0.799547 0.862631 0.019090
v -0.797258 0.854512 0.019090
v -0.791900 0.840095 0.019090
v -0.782093 0.816340 0.019090
v -0.766457 0.780209 0.019090
v -0.743612 0.728664 0.019090
v -0.712178 0.658667 0.019090
v -0.799547 0.862631 0.028601
v -0.797258 0.854512 0.028601
v -0.791900 0.840095 0.028601
v -0.782093 0.816340 0.028601
v -0.766458 0.780209 0.028601
v -0.743612 0.728664 0.028601
v -0.712178 0.658667 0.028601
v -0.799547 0.862631 0.038070
v -0.797258 0.854512 0.038070
v -0.791900 0.840095 0.038070
v -0.782093 0.816340 0.038070
v -0.766457 0.780209 0.038070
v -0.743612 0.728665 0.038070
v -0.712178 0.658667 0.038070
v -0.799547 0.862631 0.047483
v -0.797258 0.854512 0.047483
v -0.791900 0.840095 0.047483
v -0.782093 0.816340 0.047483
v -0.766458 0.780209 0.047483
v -0.743612 0.728664 0.047483
v -0.712178 0.658667 0.047483
v -0.799547 0.862631 0.056828
v -0.797258 0.854512 0.056828
v -0.791900 0.840095 0.056828
v -0.782093 0.816340 0.056828
v -0.766457 0.780209 0.056828
v -0.743612 0.728664 0.056828
v -0.712178 0.658667 0.056828
v -0.799547 0.862631 0.066089
v -0.797258 0.854512 0.066089
v -0.791900 0.840095 0.066089
v -0.782093 0.816340 0.066089
v -0.766457 0.780209 0.066089
v -0.743612 0.728664 0.066089
v -0.712178 0.658667 0.066089
vn 0.6144 -0.7890 -0.0062
vn 0.5508 -0.8346 -0.0066
vn 0.5506 -0.8345 -0.0221
vn 0.6142 -0.7888 -0.0210
vn 0.4786 -0.8780 -0.0069
vn 0.4784 -0.8779 -0.0232
vn 0.3976 -0.9175 -0.0072
vn 0.3974 -0.9173 -0.0242
vn 0.3080 -0.9514 -0.0075
vn 0.3078 -0.9511 -0.0251
vn 0.2106 -0.9775 -0.0077
vn 0.2105 -0.9772 -0.0258
vn 0.1071 -0.9942 -0.0078
vn 0.1071 -0.9939 -0.0262
vn 0.5499 -0.8337 -0.0500
vn 0.6136 -0.7882 -0.0474
vn 0.4777 -0.8769 -0.0525
vn 0.3968 -0.9163 -0.0548
vn 0.3074 -0.9499 -0.0567
vn 0.2102 -0.9759 -0.0582
vn 0.1069 -0.9925 -0.0592
vn 0.5481 -0.8312 -0.0934
vn 0.6118 -0.7861 -0.0886
vn 0.4760 -0.8740 -0.0980
vn 0.3953 -0.9129 -0.1022
vn 0.3060 -0.9461 -0.1058
vn 0.2092 -0.9718 -0.1085
vn 0.1064 -0.9882 -0.1103
vn 0.5435 -0.8245 -0.1573
vn 0.6072 -0.7804 -0.1493
vn 0.4716 -0.8662 -0.1649
vn 0.3913 -0.9041 -0.1718
vn 0.3028 -0.9364 -0.1777
vn 0.2069 -0.9613 -0.1822
vn 0.1052 -0.9771 -0.1851
vn 0.5329 -0.8087 -0.2491
vn 0.5964 -0.7669 -0.2369
vn 0.4615 -0.8480 -0.2606
vn 0.3823 -0.8835 -0.2709
vn 0.2953 -0.9136 -0.2797
vn 0.2015 -0.9367 -0.2864
vn 0.1024 -0.9513 -0.2906
vn 0.5093 -0.7731 -0.3781
vn 0.5724 -0.7361 -0.3613
vn 0.4394 -0.8074 -0.3937
vn 0.3626 -0.8381 -0.4076
vn 0.2792 -0.8638 -0.4193
vn 0.1901 -0.8835 -0.4282
vn 0.0964 -0.8959 -0.4337
vn 0.6844 -0.7291 -0.0007
vn 0.6145 -0.7889 -0.0008
vn 0.6843 -0.7291 -0.0058
vn 0.5508 -0.8346 -0.0008
vn 0.4786 -0.8780 -0.0008
vn 0.3976 -0.9176 -0.0009
vn 0.3080 -0.9514 -0.0009
vn 0.2107 -0.9776 -0.0009
vn 0.1072 -0.9942 -0.0009
vn -0.0000 -1.0000 -0.0010
vn -0.0000 -1.0000 -0.0078
vn -0.0000 -0.9997 -0.0263
vn -0.0000 -0.9982 -0.0595
vn -0.0000 -0.9938 -0.1109
vn -0.0000 -0.9825 -0.1860
vn -0.0000 -0.9564 -0.2921
vn -0.0000 -0.9001 -0.4356
vn -0.0000 -0.7823 -0.6229
vn 0.0840 -0.7794 -0.6209
vn 0.1661 -0.7709 -0.6150
vn 0.2451 -0.7572 -0.6054
vn 0.3201 -0.7391 -0.5927
vn 0.3907 -0.7172 -0.5771
vn 0.4563 -0.6921 -0.5593
vn 0.5170 -0.6646 -0.5395
vn 0.6431 -0.6869 -0.3387
vn 0.5874 -0.6269 -0.5118
vn 0.6667 -0.7119 -0.2209
vn 0.6771 -0.7227 -0.1388
vn 0.6816 -0.7271 -0.0822
vn 0.6834 -0.7287 -0.0440
vn 0.6841 -0.7291 -0.0195
vn -0.4124 0.9110 -0.0012
vn -0.4122 0.9111 -0.0012
vn -0.4122 0.9111 -0.0039
vn -0.4124 0.9110 -0.0039
vn -0.4118 0.9113 -0.0012
vn -0.4118 0.9113 -0.0039
vn -0.4112 0.9115 -0.0012
vn -0.4112 0.9115 -0.0039
vn -0.4104 0.9119 -0.0012
vn -0.4104 0.9119 -0.0039
vn -0.4093 0.9124 -0.0012
vn -0.4093 0.9124 -0.0039
vn -0.4075 0.9132 -0.0012
vn -0.4075 0.9132 -0.0040
vn -0.4122 0.9111 -0.0089
vn -0.4124 0.9110 -0.0088
vn -0.4118 0.9113 -0.0089
vn -0.4112 0.9115 -0.0089
vn -0.4104 0.9119 -0.0089
vn -0.4093 0.9124 -0.0089
vn -0.4075 0.9131 -0.0090
vn -0.4121 0.9110 -0.0166
vn -0.4124 0.9109 -0.0166
vn -0.4117 0.9112 -0.0166
vn -0.4112 0.9114 -0.0166
vn -0.4104 0.9118 -0.0167
vn -0.4092 0.9123 -0.0167
vn -0.4075 0.9131 -0.0169
vn -0.4120 0.9107 -0.0282
vn -0.4123 0.9106 -0.0282
vn -0.4116 0.9109 -0.0282
vn -0.4110 0.9112 -0.0283
vn -0.4102 0.9115 -0.0283
vn -0.4091 0.9120 -0.0284
vn -0.4074 0.9128 -0.0287
vn -0.4117 0.9102 -0.0456
vn -0.4120 0.9100 -0.0455
vn -0.4113 0.9103 -0.0456
vn -0.4108 0.9106 -0.0457
vn -0.4100 0.9109 -0.0458
vn -0.4088 0.9114 -0.0460
vn -0.4071 0.9122 -0.0463
vn -0.4111 0.9087 -0.0726
vn -0.4113 0.9086 -0.0725
vn -0.4107 0.9089 -0.0726
vn -0.4101 0.9091 -0.0728
vn -0.4093 0.9095 -0.0730
vn -0.4082 0.9100 -0.0733
vn -0.4064 0.9107 -0.0738
vn -0.4125 0.9109 -0.0001
vn -0.4124 0.9110 -0.0001
vn -0.4125 0.9109 -0.0012
vn -0.4122 0.9111 -0.0001
vn -0.4118 0.9113 -0.0001
vn -0.4112 0.9115 -0.0001
vn -0.4104 0.9119 -0.0001
vn -0.4093 0.9124 -0.0001
vn -0.4075 0.9132 -0.0001
vn -0.4047 0.9144 -0.0001
vn -0.4047 0.9144 -0.0012
vn -0.4047 0.9144 -0.0040
vn -0.4047 0.9144 -0.0091
vn -0.4046 0.9143 -0.0171
vn -0.4045 0.9141 -0.0290
vn -0.4042 0.9135 -0.0469
vn -0.4035 0.9119 -0.0747
vn -0.4014 0.9073 -0.1249
vn -0.4044 0.9062 -0.1233
vn -0.4062 0.9056 -0.1224
vn -0.4073 0.9051 -0.1219
vn -0.4081 0.9048 -0.1216
vn -0.4087 0.9045 -0.1214
vn -0.4091 0.9044 -0.1213
vn -0.4094 0.9043 -0.1212
vn -0.4114 0.9086 -0.0725
vn -0.4095 0.9042 -0.1212
vn -0.4121 0.9100 -0.0455
vn -0.4124 0.9106 -0.0282
vn -0.4125 0.9108 -0.0166
vn -0.4125 0.9109 -0.0088
vn -0.4125 0.9109 -0.0039
vn -0.9997 0.0242 -0.0053
vn -0.9944 0.1059 -0.0056
vn -0.9942 0.1060 -0.0187
vn -0.9995 0.0242 -0.0179
vn -0.9807 0.1956 -0.0058
vn -0.9805 0.1956 -0.0195
vn -0.9562 0.2926 -0.0060
vn -0.9560 0.2926 -0.0201
vn -0.9186 0.3952 -0.0061
vn -0.9184 0.3952 -0.0206
vn -0.8656 0.5006 -0.0062
vn -0.8655 0.5006 -0.0209
vn -0.7965 0.6047 -0.0062
vn -0.7963 0.6045 -0.0209
vn -0.9935 0.1060 -0.0423
vn -0.9989 0.0243 -0.0405
vn -0.9797 0.1955 -0.0440
vn -0.9552 0.2924 -0.0455
vn -0.9175 0.3949 -0.0466
vn -0.8647 0.5001 -0.0472
vn -0.7956 0.6040 -0.0472
vn -0.9912 0.1058 -0.0790
vn -0.9968 0.0243 -0.0756
vn -0.9773 0.1952 -0.0822
vn -0.9527 0.2917 -0.0850
vn -0.9150 0.3939 -0.0871
vn -0.8622 0.4988 -0.0882
vn -0.7934 0.6023 -0.0881
vn -0.9854 0.1053 -0.1334
vn -0.9915 0.0243 -0.1278
vn -0.9711 0.1940 -0.1387
vn -0.9463 0.2898 -0.1433
vn -0.9086 0.3911 -0.1467
vn -0.8560 0.4951 -0.1486
vn -0.7877 0.5979 -0.1484
vn -0.9716 0.1040 -0.2125
vn -0.9787 0.0242 -0.2038
vn -0.9564 0.1912 -0.2207
vn -0.9310 0.2852 -0.2277
vn -0.8932 0.3846 -0.2329
vn -0.8412 0.4866 -0.2357
vn -0.7741 0.5876 -0.2355
vn -0.9397 0.1007 -0.3267
vn -0.9491 0.0236 -0.3142
vn -0.9228 0.1846 -0.3382
vn -0.8963 0.2747 -0.3481
vn -0.8585 0.3697 -0.3554
vn -0.8078 0.4673 -0.3594
vn -0.7434 0.5643 -0.3590
vn -0.9976 -0.0687 -0.0006
vn -0.9997 0.0241 -0.0007
vn -0.9976 -0.0686 -0.0050
vn -0.9944 0.1059 -0.0007
vn -0.9807 0.1956 -0.0007
vn -0.9562 0.2926 -0.0007
vn -0.9186 0.3952 -0.0007
vn -0.8656 0.5007 -0.0008
vn -0.7965 0.6047 -0.0008
vn -0.7119 0.7023 -0.0007
vn -0.7119 0.7023 -0.0061
vn -0.7118 0.7021 -0.0205
vn -0.7112 0.7015 -0.0464
vn -0.7093 0.6996 -0.0866
vn -0.7044 0.6946 -0.1460
vn -0.6927 0.6830 -0.2318
vn -0.6661 0.6566 -0.3538
vn -0.6038 0.5954 -0.5300
vn -0.6723 0.5103 -0.5363
vn -0.7303 0.4225 -0.5368
vn -0.7776 0.3348 -0.5321
vn -0.8147 0.2496 -0.5233
vn -0.8427 0.1685 -0.5113
vn -0.8628 0.0924 -0.4970
vn -0.8763 0.0218 -0.4812
vn -0.9525 -0.0645 -0.2976
vn -0.8861 -0.0600 -0.4595
vn -0.9791 -0.0665 -0.1923
vn -0.9904 -0.0675 -0.1204
vn -0.9951 -0.0681 -0.0712
vn -0.9969 -0.0683 -0.0381
vn -0.9975 -0.0685 -0.0168
vn -0.1071 -0.9942 -0.0078
vn -0.2106 -0.9775 -0.0077
vn -0.2105 -0.9773 -0.0258
vn -0.1071 -0.9939 -0.0262
vn -0.3080 -0.9514 -0.0075
vn -0.3078 -0.9511 -0.0251
vn -0.3976 -0.9175 -0.0072
vn -0.3974 -0.9173 -0.0242
vn -0.4786 -0.8780 -0.0069
vn -0.4784 -0.8779 -0.0232
vn -0.5508 -0.8346 -0.0066
vn -0.5506 -0.8345 -0.0221
vn -0.6144 -0.7889 -0.0062
vn -0.6142 -0.7888 -0.0210
vn -0.2102 -0.9759 -0.0582
vn -0.1069 -0.9925 -0.0592
vn -0.3073 -0.9499 -0.0567
vn -0.3968 -0.9163 -0.0548
vn -0.4778 -0.8769 -0.0525
vn -0.5499 -0.8337 -0.0500
vn -0.6136 -0.7882 -0.0474
vn -0.2092 -0.9718 -0.1086
vn -0.1064 -0.9882 -0.1103
vn -0.3060 -0.9461 -0.1058
vn -0.3952 -0.9129 -0.1022
vn -0.4760 -0.8740 -0.0980
vn -0.5481 -0.8312 -0.0934
vn -0.6117 -0.7861 -0.0886
vn -0.2069 -0.9613 -0.1822
vn -0.1052 -0.9771 -0.1851
vn -0.3028 -0.9364 -0.1776
vn -0.3913 -0.9041 -0.1718
vn -0.4716 -0.8662 -0.1649
vn -0.5435 -0.8245 -0.1573
vn -0.6072 -0.7804 -0.1493
vn -0.2015 -0.9367 -0.2864
vn -0.1024 -0.9513 -0.2906
vn -0.2953 -0.9136 -0.2797
vn -0.3822 -0.8835 -0.2709
vn -0.4615 -0.8480 -0.2606
vn -0.5329 -0.8087 -0.2491
vn -0.5964 -0.7669 -0.2369
vn -0.1901 -0.8835 -0.4282
vn -0.0964 -0.8959 -0.4337
vn -0.2792 -0.8638 -0.4193
vn -0.3626 -0.8381 -0.4076
vn -0.4394 -0.8074 -0.3937
vn -0.5093 -0.7731 -0.3781
vn -0.5724 -0.7361 -0.3613
vn -0.1072 -0.9942 -0.0010
vn -0.2107 -0.9776 -0.0009
vn -0.3080 -0.9514 -0.0009
vn -0.3976 -0.9176 -0.0009
vn -0.4786 -0.8780 -0.0008
vn -0.5508 -0.8346 -0.0008
vn -0.6145 -0.7889 -0.0008
vn -0.6844 -0.7291 -0.0007
vn -0.6843 -0.7292 -0.0058
vn -0.6841 -0.7291 -0.0195
vn -0.6834 -0.7287 -0.0440
vn -0.6816 -0.7271 -0.0822
vn -0.6771 -0.7227 -0.1388
vn -0.6667 -0.7119 -0.2209
vn -0.6431 -0.6869 -0.3387
vn -0.5874 -0.6269 -0.5118
vn -0.5170 -0.6645 -0.5395
vn -0.4563 -0.6921 -0.5593
vn -0.3906 -0.7172 -0.5771
vn -0.3201 -0.7391 -0.5927
vn -0.2451 -0.7572 -0.6054
vn -0.1661 -0.7709 -0.6150
vn -0.0840 -0.7794 -0.6209
vn 0.4124 0.9110 -0.0012
vn 0.4124 0.9110 -0.0039
vn 0.4122 0.9111 -0.0039
vn 0.4122 0.9111 -0.0012
vn 0.4124 0.9110 -0.0088
vn 0.4122 0.9111 -0.0089
vn 0.4124 0.9109 -0.0166
vn 0.4121 0.9110 -0.0166
vn 0.4123 0.9106 -0.0282
vn 0.4120 0.9107 -0.0282
vn 0.4120 0.9100 -0.0455
vn 0.4117 0.9102 -0.0456
vn 0.4113 0.9086 -0.0725
vn 0.4111 0.9087 -0.0726
vn 0.4118 0.9113 -0.0039
vn 0.4118 0.9113 -0.0012
vn 0.4118 0.9113 -0.0089
vn 0.4117 0.9112 -0.0166
vn 0.4116 0.9109 -0.0282
vn 0.4113 0.9103 -0.0456
vn 0.4107 0.9089 -0.0726
vn 0.4112 0.9115 -0.0039
vn 0.4112 0.9115 -0.0012
vn 0.4112 0.9115 -0.0089
vn 0.4112 0.9114 -0.0166
vn 0.4110 0.9112 -0.0283
vn 0.4108 0.9106 -0.0457
vn 0.4101 0.9091 -0.0728
vn 0.4104 0.9119 -0.0039
vn 0.4104 0.9119 -0.0012
vn 0.4104 0.9119 -0.0089
vn 0.4104 0.9118 -0.0167
vn 0.4102 0.9115 -0.0283
vn 0.4100 0.9109 -0.0458
vn 0.4093 0.9095 -0.0730
vn 0.4093 0.9124 -0.0039
vn 0.4093 0.9124 -0.0012
vn 0.4093 0.9124 -0.0089
vn 0.4092 0.9123 -0.0167
vn 0.4091 0.9120 -0.0284
vn 0.4088 0.9114 -0.0460
vn 0.4082 0.9100 -0.0733
vn 0.4075 0.9132 -0.0040
vn 0.4075 0.9132 -0.0012
vn 0.4075 0.9131 -0.0090
vn 0.4075 0.9131 -0.0169
vn 0.4074 0.9128 -0.0286
vn 0.4071 0.9122 -0.0463
vn 0.4064 0.9107 -0.0738
vn 0.4125 0.9109 -0.0001
vn 0.4125 0.9109 -0.0012
vn 0.4124 0.9110 -0.0001
vn 0.4125 0.9109 -0.0039
vn 0.4125 0.9109 -0.0088
vn 0.4125 0.9108 -0.0166
vn 0.4124 0.9106 -0.0282
vn 0.4121 0.9100 -0.0455
vn 0.4114 0.9086 -0.0725
vn 0.4095 0.9042 -0.1212
vn 0.4094 0.9043 -0.1212
vn 0.4091 0.9044 -0.1213
vn 0.4087 0.9045 -0.1214
vn 0.4081 0.9048 -0.1216
vn 0.4073 0.9051 -0.1219
vn 0.4062 0.9056 -0.1224
vn 0.4044 0.9062 -0.1233
vn 0.4014 0.9073 -0.1249
vn 0.4035 0.9119 -0.0747
vn 0.4042 0.9135 -0.0469
vn 0.4045 0.9141 -0.0290
vn 0.4046 0.9143 -0.0171
vn 0.4047 0.9144 -0.0091
vn 0.4047 0.9144 -0.0040
vn 0.4047 0.9144 -0.0012
vn 0.4075 0.9132 -0.0001
vn 0.4047 0.9144 -0.0001
vn 0.4093 0.9124 -0.0001
vn 0.4104 0.9119 -0.0001
vn 0.4112 0.9115 -0.0001
vn 0.4118 0.9113 -0.0001
vn 0.4122 0.9111 -0.0001
vn -0.6154 0.7882 -0.0059
vn -0.5123 0.8588 -0.0056
vn -0.5123 0.8586 -0.0189
vn -0.6153 0.7880 -0.0198
vn -0.4076 0.9131 -0.0053
vn -0.4077 0.9130 -0.0177
vn -0.3055 0.9522 -0.0049
vn -0.3056 0.9520 -0.0164
vn -0.2088 0.9779 -0.0045
vn -0.2089 0.9778 -0.0150
vn -0.1194 0.9928 -0.0041
vn -0.1194 0.9927 -0.0137
vn -0.0377 0.9993 -0.0037
vn -0.0378 0.9992 -0.0124
vn -0.5120 0.8579 -0.0426
vn -0.6149 0.7873 -0.0448
vn -0.4075 0.9123 -0.0400
vn -0.3055 0.9515 -0.0370
vn -0.2089 0.9773 -0.0340
vn -0.1195 0.9923 -0.0309
vn -0.0379 0.9989 -0.0280
vn -0.5110 0.8559 -0.0797
vn -0.6134 0.7853 -0.0838
vn -0.4068 0.9104 -0.0748
vn -0.3051 0.9498 -0.0693
vn -0.2088 0.9759 -0.0636
vn -0.1195 0.9911 -0.0579
vn -0.0380 0.9979 -0.0524
vn -0.5081 0.8507 -0.1345
vn -0.6095 0.7801 -0.1412
vn -0.4049 0.9056 -0.1263
vn -0.3040 0.9455 -0.1172
vn -0.2082 0.9721 -0.1076
vn -0.1194 0.9880 -0.0981
vn -0.0381 0.9953 -0.0887
vn -0.5010 0.8385 -0.2142
vn -0.6001 0.7678 -0.2245
vn -0.4000 0.8941 -0.2015
vn -0.3009 0.9351 -0.1874
vn -0.2066 0.9631 -0.1724
vn -0.1187 0.9804 -0.1574
vn -0.0381 0.9890 -0.1427
vn -0.4844 0.8106 -0.3290
vn -0.5784 0.7399 -0.3436
vn -0.3883 0.8675 -0.3109
vn -0.2933 0.9108 -0.2904
vn -0.2023 0.9418 -0.2685
vn -0.1168 0.9622 -0.2461
vn -0.0379 0.9739 -0.2240
vn -0.6154 0.7882 -0.0007
vn -0.5123 0.8588 -0.0007
vn -0.4076 0.9132 -0.0006
vn -0.3054 0.9522 -0.0006
vn -0.2088 0.9780 -0.0005
vn -0.1193 0.9929 -0.0005
vn -0.0376 0.9993 -0.0004
vn 0.0450 0.9990 -0.0004
vn 0.0449 0.9990 -0.0033
vn 0.0447 0.9989 -0.0110
vn 0.0446 0.9987 -0.0248
vn 0.0444 0.9979 -0.0465
vn 0.0440 0.9959 -0.0788
vn 0.0435 0.9910 -0.1270
vn 0.0425 0.9789 -0.2001
vn 0.0406 0.9454 -0.3234
vn -0.0366 0.9329 -0.3584
vn -0.1112 0.9141 -0.3899
vn -0.1906 0.8869 -0.4208
vn -0.2738 0.8500 -0.4501
vn -0.3590 0.8024 -0.4768
vn -0.4443 0.7436 -0.4997
vn -0.5268 0.6741 -0.5177
vn -0.7759 -0.6308 -0.0050
vn -0.8485 -0.5292 -0.0043
vn -0.8484 -0.5292 -0.0144
vn -0.7757 -0.6309 -0.0170
vn -0.8810 -0.4732 -0.0039
vn -0.8809 -0.4732 -0.0130
vn -0.8946 -0.4468 -0.0037
vn -0.8945 -0.4468 -0.0123
vn -0.9010 -0.4338 -0.0036
vn -0.9010 -0.4337 -0.0120
vn -0.9044 -0.4267 -0.0035
vn -0.9043 -0.4267 -0.0118
vn -0.9063 -0.4227 -0.0035
vn -0.9062 -0.4227 -0.0117
vn -0.8479 -0.5292 -0.0325
vn -0.7750 -0.6308 -0.0384
vn -0.8805 -0.4731 -0.0293
vn -0.8942 -0.4467 -0.0278
vn -0.9007 -0.4336 -0.0271
vn -0.9040 -0.4266 -0.0268
vn -0.9059 -0.4226 -0.0266
vn -0.8466 -0.5287 -0.0609
vn -0.7734 -0.6299 -0.0718
vn -0.8795 -0.4727 -0.0549
vn -0.8933 -0.4463 -0.0521
vn -0.8998 -0.4333 -0.0508
vn -0.9032 -0.4262 -0.0501
vn -0.9051 -0.4222 -0.0497
vn -0.8435 -0.5271 -0.1032
vn -0.7694 -0.6272 -0.1214
vn -0.8770 -0.4715 -0.0930
vn -0.8910 -0.4453 -0.0883
vn -0.8976 -0.4322 -0.0861
vn -0.9011 -0.4252 -0.0849
vn -0.9030 -0.4212 -0.0843
vn -0.8362 -0.5229 -0.1656
vn -0.7601 -0.6202 -0.1941
vn -0.8708 -0.4684 -0.1495
vn -0.8854 -0.4426 -0.1420
vn -0.8923 -0.4297 -0.1384
vn -0.8959 -0.4228 -0.1365
vn -0.8979 -0.4189 -0.1356
vn -0.8189 -0.5125 -0.2584
vn -0.7389 -0.6032 -0.3004
vn -0.8561 -0.4607 -0.2343
vn -0.8719 -0.4359 -0.2229
vn -0.8794 -0.4236 -0.2173
vn -0.8833 -0.4169 -0.2145
vn -0.8854 -0.4131 -0.2130
vn -0.7761 -0.6306 -0.0006
vn -0.8486 -0.5291 -0.0005
vn -0.8810 -0.4731 -0.0005
vn -0.8946 -0.4468 -0.0005
vn -0.9010 -0.4337 -0.0004
vn -0.9044 -0.4267 -0.0004
vn -0.9063 -0.4227 -0.0004
vn -0.9074 -0.4203 -0.0004
vn -0.9074 -0.4203 -0.0035
vn -0.9073 -0.4203 -0.0117
vn -0.9071 -0.4202 -0.0264
vn -0.9063 -0.4198 -0.0495
vn -0.9042 -0.4189 -0.0840
vn -0.8991 -0.4165 -0.1350
vn -0.8867 -0.4108 -0.2122
vn -0.8530 -0.3952 -0.3409
vn -0.8515 -0.3973 -0.3421
vn -0.8490 -0.4008 -0.3444
vn -0.8444 -0.4068 -0.3486
vn -0.8356 -0.4178 -0.3567
vn -0.8169 -0.4397 -0.3732
vn -0.7742 -0.4845 -0.4072
vn -0.6870 -0.5600 -0.4631
vn 0.1478 0.9890 -0.0027
vn 0.2507 0.9681 -0.0021
vn 0.2506 0.9681 -0.0071
vn 0.1476 0.9890 -0.0091
vn 0.3195 0.9476 -0.0017
vn 0.3194 0.9476 -0.0058
vn 0.3583 0.9336 -0.0015
vn 0.3583 0.9336 -0.0050
vn 0.3800 0.9250 -0.0013
vn 0.3800 0.9250 -0.0045
vn 0.3925 0.9197 -0.0013
vn 0.3925 0.9197 -0.0043
vn 0.4000 0.9165 -0.0012
vn 0.4000 0.9165 -0.0041
vn 0.2504 0.9680 -0.0162
vn 0.1474 0.9889 -0.0206
vn 0.3193 0.9476 -0.0130
vn 0.3582 0.9336 -0.0112
vn 0.3799 0.9250 -0.0102
vn 0.3925 0.9197 -0.0096
vn 0.4000 0.9165 -0.0093
vn 0.2501 0.9677 -0.0303
vn 0.1470 0.9884 -0.0387
vn 0.3191 0.9474 -0.0245
vn 0.3581 0.9334 -0.0211
vn 0.3798 0.9249 -0.0192
vn 0.3924 0.9196 -0.0181
vn 0.4000 0.9164 -0.0175
vn 0.2496 0.9670 -0.0516
vn 0.1465 0.9870 -0.0657
vn 0.3188 0.9469 -0.0416
vn 0.3578 0.9331 -0.0358
vn 0.3796 0.9246 -0.0326
vn 0.3922 0.9193 -0.0307
vn 0.3998 0.9161 -0.0297
vn 0.2487 0.9650 -0.0835
vn 0.1455 0.9837 -0.1061
vn 0.3181 0.9457 -0.0673
vn 0.3573 0.9322 -0.0580
vn 0.3792 0.9238 -0.0527
vn 0.3919 0.9187 -0.0497
vn 0.3995 0.9155 -0.0480
vn 0.2468 0.9599 -0.1328
vn 0.1436 0.9752 -0.1681
vn 0.3166 0.9425 -0.1073
vn 0.3562 0.9298 -0.0924
vn 0.3783 0.9219 -0.0840
vn 0.3911 0.9169 -0.0792
vn 0.3988 0.9139 -0.0764
vn 0.1479 0.9890 -0.0003
vn 0.2508 0.9680 -0.0003
vn 0.3196 0.9476 -0.0002
vn 0.3584 0.9336 -0.0002
vn 0.3800 0.9250 -0.0002
vn 0.3925 0.9197 -0.0002
vn 0.4001 0.9165 -0.0001
vn 0.3966 0.9091 -0.1277
vn 0.3887 0.9118 -0.1324
vn 0.3757 0.9160 -0.1404
vn 0.3531 0.9228 -0.1543
vn 0.3128 0.9328 -0.1790
vn 0.2421 0.9449 -0.2203
vn 0.1393 0.9511 -0.2756
vn 0.9116 -0.4110 -0.0035
vn 0.9116 -0.4109 -0.0117
vn 0.9132 -0.4074 -0.0117
vn 0.9132 -0.4074 -0.0035
vn 0.9113 -0.4108 -0.0264
vn 0.9129 -0.4073 -0.0266
vn 0.9105 -0.4105 -0.0495
vn 0.9121 -0.4069 -0.0497
vn 0.9084 -0.4095 -0.0839
vn 0.9100 -0.4059 -0.0843
vn 0.9033 -0.4072 -0.1350
vn 0.9048 -0.4036 -0.1356
vn 0.8909 -0.4016 -0.2121
vn 0.8923 -0.3980 -0.2130
vn 0.9159 -0.4011 -0.0118
vn 0.9160 -0.4012 -0.0035
vn 0.9157 -0.4010 -0.0268
vn 0.9149 -0.4006 -0.0502
vn 0.9127 -0.3997 -0.0850
vn 0.9074 -0.3973 -0.1367
vn 0.8947 -0.3917 -0.2148
vn 0.9210 -0.3893 -0.0120
vn 0.9211 -0.3894 -0.0036
vn 0.9208 -0.3892 -0.0273
vn 0.9199 -0.3888 -0.0510
vn 0.9177 -0.3878 -0.0865
vn 0.9122 -0.3854 -0.1390
vn 0.8990 -0.3797 -0.2183
vn 0.9310 -0.3649 -0.0125
vn 0.9310 -0.3650 -0.0037
vn 0.9307 -0.3647 -0.0282
vn 0.9298 -0.3643 -0.0528
vn 0.9274 -0.3633 -0.0895
vn 0.9215 -0.3608 -0.1438
vn 0.9072 -0.3551 -0.2256
vn 0.9507 -0.3099 -0.0134
vn 0.9507 -0.3100 -0.0040
vn 0.9504 -0.3096 -0.0303
vn 0.9493 -0.3091 -0.0567
vn 0.9465 -0.3080 -0.0961
vn 0.9396 -0.3055 -0.1543
vn 0.9229 -0.2998 -0.2415
vn 0.9803 -0.1971 -0.0151
vn 0.9803 -0.1973 -0.0045
vn 0.9798 -0.1968 -0.0342
vn 0.9784 -0.1963 -0.0640
vn 0.9747 -0.1952 -0.1084
vn 0.9657 -0.1930 -0.1737
vn 0.9442 -0.1884 -0.2703
vn 0.9107 -0.4131 -0.0004
vn 0.9107 -0.4131 -0.0035
vn 0.9116 -0.4110 -0.0004
vn 0.9106 -0.4131 -0.0117
vn 0.9104 -0.4129 -0.0264
vn 0.9096 -0.4126 -0.0494
vn 0.9075 -0.4116 -0.0838
vn 0.9024 -0.4093 -0.1347
vn 0.8901 -0.4037 -0.2117
vn 0.8564 -0.3884 -0.3402
vn 0.8571 -0.3863 -0.3409
vn 0.8581 -0.3827 -0.3422
vn 0.8599 -0.3764 -0.3448
vn 0.8630 -0.3644 -0.3499
vn 0.8686 -0.3398 -0.3606
vn 0.8785 -0.2851 -0.3834
vn 0.8886 -0.1773 -0.4230
vn 0.8861 -0.0600 -0.4595
vn 0.9525 -0.0645 -0.2976
vn 0.9791 -0.0665 -0.1923
vn 0.9904 -0.0675 -0.1204
vn 0.9951 -0.0681 -0.0712
vn 0.9969 -0.0683 -0.0381
vn 0.9975 -0.0685 -0.0168
vn 0.9976 -0.0686 -0.0050
vn 0.9803 -0.1974 -0.0006
vn 0.9976 -0.0687 -0.0006
vn 0.9507 -0.3101 -0.0005
vn 0.9310 -0.3650 -0.0005
vn 0.9211 -0.3894 -0.0004
vn 0.9160 -0.4012 -0.0004
vn 0.9132 -0.4074 -0.0004
vn 0.9080 -0.4189 -0.0035
vn 0.9080 -0.4188 -0.0117
vn 0.9084 -0.4179 -0.0117
vn 0.9085 -0.4179 -0.0035
vn 0.9077 -0.4187 -0.0264
vn 0.9082 -0.4178 -0.0264
vn 0.9069 -0.4184 -0.0494
vn 0.9074 -0.4174 -0.0494
vn 0.9049 -0.4174 -0.0838
vn 0.9053 -0.4164 -0.0837
vn 0.8998 -0.4151 -0.1347
vn 0.9002 -0.4141 -0.1346
vn 0.8875 -0.4094 -0.2117
vn 0.8879 -0.4085 -0.2115
vn 0.9088 -0.4171 -0.0117
vn 0.9088 -0.4172 -0.0035
vn 0.9085 -0.4170 -0.0264
vn 0.9077 -0.4167 -0.0493
vn 0.9056 -0.4157 -0.0836
vn 0.9006 -0.4134 -0.1345
vn 0.8883 -0.4078 -0.2114
vn 0.9090 -0.4165 -0.0116
vn 0.9091 -0.4166 -0.0035
vn 0.9088 -0.4164 -0.0263
vn 0.9080 -0.4160 -0.0493
vn 0.9059 -0.4151 -0.0836
vn 0.9009 -0.4128 -0.1345
vn 0.8886 -0.4072 -0.2113
vn 0.9093 -0.4159 -0.0116
vn 0.9094 -0.4159 -0.0035
vn 0.9091 -0.4158 -0.0263
vn 0.9083 -0.4154 -0.0493
vn 0.9062 -0.4145 -0.0836
vn 0.9011 -0.4122 -0.1345
vn 0.8889 -0.4066 -0.2113
vn 0.9096 -0.4152 -0.0116
vn 0.9097 -0.4153 -0.0035
vn 0.9094 -0.4151 -0.0264
vn 0.9086 -0.4148 -0.0493
vn 0.9065 -0.4138 -0.0836
vn 0.9014 -0.4115 -0.1345
vn 0.8892 -0.4059 -0.2113
vn 0.9100 -0.4144 -0.0116
vn 0.9101 -0.4144 -0.0035
vn 0.9098 -0.4142 -0.0264
vn 0.9090 -0.4139 -0.0494
vn 0.9069 -0.4129 -0.0837
vn 0.9018 -0.4106 -0.1345
vn 0.8895 -0.4050 -0.2114
vn 0.9074 -0.4203 -0.0004
vn 0.9074 -0.4203 -0.0035
vn 0.9081 -0.4189 -0.0004
vn 0.9073 -0.4203 -0.0117
vn 0.9071 -0.4202 -0.0265
vn 0.9063 -0.4198 -0.0495
vn 0.9042 -0.4189 -0.0840
vn 0.8991 -0.4165 -0.1350
vn 0.8867 -0.4108 -0.2121
vn 0.8530 -0.3952 -0.3409
vn 0.8539 -0.3939 -0.3403
vn 0.8544 -0.3930 -0.3399
vn 0.8548 -0.3924 -0.3397
vn 0.8551 -0.3918 -0.3397
vn 0.8553 -0.3912 -0.3396
vn 0.8556 -0.3906 -0.3397
vn 0.8559 -0.3897 -0.3398
vn 0.9101 -0.4144 -0.0004
vn 0.9097 -0.4153 -0.0004
vn 0.9094 -0.4159 -0.0004
vn 0.9091 -0.4166 -0.0004
vn 0.9088 -0.4172 -0.0004
vn 0.9085 -0.4179 -0.0004
vn 0.9997 0.0242 -0.0053
vn 0.9995 0.0242 -0.0179
vn 0.9942 0.1060 -0.0187
vn 0.9944 0.1059 -0.0056
vn 0.9989 0.0243 -0.0404
vn 0.9935 0.1060 -0.0423
vn 0.9968 0.0244 -0.0756
vn 0.9912 0.1058 -0.0790
vn 0.9915 0.0243 -0.1278
vn 0.9854 0.1053 -0.1334
vn 0.9787 0.0242 -0.2038
vn 0.9716 0.1040 -0.2125
vn 0.9491 0.0236 -0.3142
vn 0.9397 0.1007 -0.3267
vn 0.9805 0.1956 -0.0195
vn 0.9807 0.1956 -0.0058
vn 0.9797 0.1955 -0.0440
vn 0.9773 0.1951 -0.0822
vn 0.9711 0.1940 -0.1387
vn 0.9564 0.1912 -0.2207
vn 0.9228 0.1846 -0.3382
vn 0.9560 0.2926 -0.0201
vn 0.9562 0.2926 -0.0060
vn 0.9552 0.2924 -0.0455
vn 0.9527 0.2917 -0.0850
vn 0.9463 0.2898 -0.1433
vn 0.9310 0.2852 -0.2277
vn 0.8963 0.2747 -0.3481
vn 0.9184 0.3952 -0.0206
vn 0.9186 0.3952 -0.0061
vn 0.9175 0.3949 -0.0466
vn 0.9150 0.3939 -0.0871
vn 0.9086 0.3911 -0.1467
vn 0.8932 0.3846 -0.2329
vn 0.8585 0.3697 -0.3554
vn 0.8655 0.5006 -0.0209
vn 0.8656 0.5007 -0.0062
vn 0.8647 0.5001 -0.0472
vn 0.8622 0.4988 -0.0882
vn 0.8560 0.4952 -0.1486
vn 0.8412 0.4866 -0.2357
vn 0.8078 0.4673 -0.3594
vn 0.7963 0.6045 -0.0209
vn 0.7965 0.6047 -0.0062
vn 0.7956 0.6040 -0.0472
vn 0.7934 0.6023 -0.0881
vn 0.7877 0.5979 -0.1484
vn 0.7741 0.5876 -0.2355
vn 0.7434 0.5643 -0.3590
vn 0.9997 0.0241 -0.0007
vn 0.8763 0.0218 -0.4812
vn 0.8628 0.0924 -0.4970
vn 0.8427 0.1685 -0.5113
vn 0.8148 0.2496 -0.5233
vn 0.7777 0.3348 -0.5321
vn 0.7303 0.4225 -0.5368
vn 0.6723 0.5103 -0.5363
vn 0.6038 0.5954 -0.5301
vn 0.6661 0.6566 -0.3538
vn 0.6927 0.6830 -0.2318
vn 0.7044 0.6946 -0.1460
vn 0.7093 0.6996 -0.0866
vn 0.7112 0.7015 -0.0464
vn 0.7118 0.7021 -0.0205
vn 0.7119 0.7023 -0.0061
vn 0.7965 0.6047 -0.0008
vn 0.7119 0.7023 -0.0007
vn 0.8656 0.5007 -0.0008
vn 0.9186 0.3952 -0.0007
vn 0.9562 0.2926 -0.0007
vn 0.9807 0.1956 -0.0007
vn 0.9944 0.1059 -0.0007
vn -0.9080 -0.4189 -0.0035
vn -0.9085 -0.4179 -0.0035
vn -0.9084 -0.4179 -0.0116
vn -0.9080 -0.4188 -0.0117
vn -0.9088 -0.4172 -0.0035
vn -0.9088 -0.4172 -0.0116
vn -0.9091 -0.4166 -0.0035
vn -0.9090 -0.4165 -0.0116
vn -0.9094 -0.4159 -0.0035
vn -0.9093 -0.4159 -0.0116
vn -0.9097 -0.4153 -0.0035
vn -0.9096 -0.4152 -0.0116
vn -0.9101 -0.4144 -0.0035
vn -0.9100 -0.4144 -0.0117
vn -0.9082 -0.4178 -0.0264
vn -0.9077 -0.4187 -0.0264
vn -0.9085 -0.4170 -0.0264
vn -0.9088 -0.4164 -0.0263
vn -0.9091 -0.4158 -0.0263
vn -0.9094 -0.4151 -0.0264
vn -0.9098 -0.4142 -0.0264
vn -0.9074 -0.4174 -0.0494
vn -0.9069 -0.4184 -0.0494
vn -0.9077 -0.4167 -0.0493
vn -0.9080 -0.4160 -0.0493
vn -0.9083 -0.4154 -0.0493
vn -0.9086 -0.4148 -0.0493
vn -0.9090 -0.4139 -0.0494
vn -0.9053 -0.4164 -0.0837
vn -0.9049 -0.4174 -0.0838
vn -0.9056 -0.4157 -0.0836
vn -0.9059 -0.4151 -0.0836
vn -0.9062 -0.4145 -0.0836
vn -0.9065 -0.4138 -0.0836
vn -0.9069 -0.4129 -0.0837
vn -0.9002 -0.4141 -0.1346
vn -0.8998 -0.4151 -0.1347
vn -0.9006 -0.4134 -0.1345
vn -0.9009 -0.4128 -0.1345
vn -0.9011 -0.4122 -0.1345
vn -0.9014 -0.4115 -0.1345
vn -0.9018 -0.4106 -0.1345
vn -0.8879 -0.4085 -0.2115
vn -0.8875 -0.4094 -0.2117
vn -0.8883 -0.4078 -0.2114
vn -0.8886 -0.4072 -0.2113
vn -0.8889 -0.4066 -0.2113
vn -0.8892 -0.4059 -0.2113
vn -0.8895 -0.4050 -0.2114
vn -0.9081 -0.4189 -0.0004
vn -0.9085 -0.4179 -0.0004
vn -0.9088 -0.4172 -0.0004
vn -0.9091 -0.4166 -0.0004
vn -0.9094 -0.4159 -0.0004
vn -0.9097 -0.4153 -0.0004
vn -0.9101 -0.4144 -0.0004
vn -0.9107 -0.4131 -0.0004
vn -0.9107 -0.4131 -0.0035
vn -0.9106 -0.4131 -0.0117
vn -0.9104 -0.4129 -0.0264
vn -0.9096 -0.4126 -0.0494
vn -0.9075 -0.4116 -0.0838
vn -0.9024 -0.4093 -0.1347
vn -0.8901 -0.4037 -0.2117
vn -0.8564 -0.3884 -0.3402
vn -0.8559 -0.3897 -0.3398
vn -0.8556 -0.3906 -0.3397
vn -0.8553 -0.3912 -0.3396
vn -0.8551 -0.3918 -0.3397
vn -0.8548 -0.3924 -0.3397
vn -0.8544 -0.3930 -0.3399
vn -0.8539 -0.3939 -0.3403
vn 0.6154 0.7882 -0.0059
vn 0.6153 0.7880 -0.0198
vn 0.5123 0.8586 -0.0189
vn 0.5123 0.8588 -0.0056
vn 0.6149 0.7873 -0.0448
vn 0.5120 0.8579 -0.0426
vn 0.6134 0.7853 -0.0838
vn 0.5110 0.8559 -0.0797
vn 0.6095 0.7801 -0.1412
vn 0.5081 0.8507 -0.1345
vn 0.6001 0.7678 -0.2245
vn 0.5010 0.8385 -0.2142
vn 0.5784 0.7399 -0.3436
vn 0.4845 0.8106 -0.3290
vn 0.4077 0.9130 -0.0177
vn 0.4076 0.9131 -0.0053
vn 0.4075 0.9123 -0.0400
vn 0.4068 0.9104 -0.0748
vn 0.4049 0.9056 -0.1263
vn 0.4000 0.8941 -0.2015
vn 0.3883 0.8675 -0.3109
vn 0.3056 0.9520 -0.0164
vn 0.3055 0.9522 -0.0049
vn 0.3055 0.9515 -0.0371
vn 0.3051 0.9498 -0.0693
vn 0.3040 0.9454 -0.1172
vn 0.3009 0.9351 -0.1874
vn 0.2933 0.9108 -0.2904
vn 0.2089 0.9778 -0.0150
vn 0.2088 0.9779 -0.0045
vn 0.2089 0.9773 -0.0340
vn 0.2088 0.9759 -0.0636
vn 0.2082 0.9721 -0.1076
vn 0.2066 0.9631 -0.1724
vn 0.2023 0.9418 -0.2685
vn 0.1194 0.9927 -0.0137
vn 0.1193 0.9928 -0.0041
vn 0.1195 0.9923 -0.0309
vn 0.1195 0.9911 -0.0579
vn 0.1194 0.9880 -0.0981
vn 0.1187 0.9804 -0.1574
vn 0.1168 0.9622 -0.2461
vn 0.0378 0.9992 -0.0124
vn 0.0377 0.9993 -0.0037
vn 0.0379 0.9989 -0.0280
vn 0.0380 0.9979 -0.0524
vn 0.0381 0.9953 -0.0888
vn 0.0381 0.9890 -0.1427
vn 0.0379 0.9739 -0.2240
vn 0.6154 0.7882 -0.0007
vn 0.5268 0.6741 -0.5177
vn 0.4443 0.7436 -0.4997
vn 0.3590 0.8024 -0.4768
vn 0.2737 0.8500 -0.4501
vn 0.1906 0.8869 -0.4208
vn 0.1112 0.9141 -0.3899
vn 0.0366 0.9329 -0.3584
vn -0.0406 0.9454 -0.3234
vn -0.0425 0.9789 -0.2001
vn -0.0435 0.9910 -0.1270
vn -0.0440 0.9959 -0.0788
vn -0.0444 0.9979 -0.0465
vn -0.0446 0.9987 -0.0248
vn -0.0447 0.9989 -0.0110
vn -0.0449 0.9990 -0.0033
vn 0.0376 0.9993 -0.0005
vn -0.0450 0.9990 -0.0004
vn 0.1193 0.9929 -0.0005
vn 0.2088 0.9780 -0.0005
vn 0.3054 0.9522 -0.0006
vn 0.4076 0.9132 -0.0006
vn 0.5123 0.8588 -0.0007
vn -0.1478 0.9890 -0.0027
vn -0.1476 0.9890 -0.0091
vn -0.2506 0.9681 -0.0071
vn -0.2507 0.9681 -0.0021
vn -0.1474 0.9889 -0.0206
vn -0.2504 0.9680 -0.0162
vn -0.1470 0.9884 -0.0387
vn -0.2501 0.9677 -0.0303
vn -0.1465 0.9870 -0.0657
vn -0.2496 0.9670 -0.0516
vn -0.1455 0.9837 -0.1061
vn -0.2487 0.9650 -0.0835
vn -0.1436 0.9752 -0.1681
vn -0.2468 0.9599 -0.1328
vn -0.3194 0.9476 -0.0058
vn -0.3195 0.9476 -0.0017
vn -0.3193 0.9476 -0.0130
vn -0.3191 0.9474 -0.0245
vn -0.3188 0.9469 -0.0416
vn -0.3181 0.9457 -0.0673
vn -0.3166 0.9425 -0.1073
vn -0.3583 0.9336 -0.0050
vn -0.3583 0.9336 -0.0015
vn -0.3582 0.9336 -0.0112
vn -0.3581 0.9334 -0.0211
vn -0.3578 0.9331 -0.0358
vn -0.3573 0.9322 -0.0580
vn -0.3562 0.9298 -0.0924
vn -0.3800 0.9250 -0.0045
vn -0.3800 0.9250 -0.0013
vn -0.3799 0.9250 -0.0102
vn -0.3798 0.9249 -0.0192
vn -0.3796 0.9246 -0.0326
vn -0.3792 0.9238 -0.0527
vn -0.3783 0.9219 -0.0840
vn -0.3925 0.9197 -0.0043
vn -0.3925 0.9197 -0.0013
vn -0.3925 0.9197 -0.0096
vn -0.3924 0.9196 -0.0181
vn -0.3922 0.9193 -0.0307
vn -0.3919 0.9187 -0.0497
vn -0.3911 0.9169 -0.0792
vn -0.4000 0.9165 -0.0041
vn -0.4001 0.9165 -0.0012
vn -0.4000 0.9165 -0.0093
vn -0.4000 0.9164 -0.0175
vn -0.3998 0.9161 -0.0297
vn -0.3995 0.9155 -0.0480
vn -0.3988 0.9139 -0.0764
vn -0.1479 0.9890 -0.0003
vn -0.1393 0.9511 -0.2756
vn -0.2421 0.9449 -0.2203
vn -0.3128 0.9328 -0.1790
vn -0.3531 0.9228 -0.1543
vn -0.3757 0.9160 -0.1404
vn -0.3887 0.9118 -0.1324
vn -0.3966 0.9091 -0.1277
vn -0.4001 0.9165 -0.0001
vn -0.3925 0.9197 -0.0002
vn -0.3800 0.9250 -0.0002
vn -0.3584 0.9336 -0.0002
vn -0.3196 0.9476 -0.0002
vn -0.2508 0.9680 -0.0003
vn 0.9063 -0.4227 -0.0035
vn 0.9044 -0.4267 -0.0035
vn 0.9043 -0.4267 -0.0118
vn 0.9062 -0.4227 -0.0117
vn 0.9010 -0.4338 -0.0036
vn 0.9010 -0.4337 -0.0120
vn 0.8946 -0.4468 -0.0037
vn 0.8945 -0.4468 -0.0123
vn 0.8810 -0.4731 -0.0039
vn 0.8809 -0.4732 -0.0130
vn 0.8485 -0.5292 -0.0043
vn 0.8484 -0.5292 -0.0144
vn 0.7759 -0.6308 -0.0050
vn 0.7757 -0.6309 -0.0170
vn 0.9040 -0.4266 -0.0268
vn 0.9059 -0.4226 -0.0266
vn 0.9007 -0.4336 -0.0271
vn 0.8942 -0.4467 -0.0278
vn 0.8805 -0.4731 -0.0293
vn 0.8479 -0.5292 -0.0325
vn 0.7750 -0.6308 -0.0384
vn 0.9032 -0.4262 -0.0501
vn 0.9051 -0.4222 -0.0497
vn 0.8998 -0.4333 -0.0508
vn 0.8933 -0.4463 -0.0521
vn 0.8795 -0.4727 -0.0549
vn 0.8466 -0.5287 -0.0609
vn 0.7734 -0.6299 -0.0718
vn 0.9011 -0.4252 -0.0849
vn 0.9030 -0.4212 -0.0843
vn 0.8976 -0.4322 -0.0861
vn 0.8910 -0.4453 -0.0883
vn 0.8770 -0.4715 -0.0931
vn 0.8435 -0.5271 -0.1032
vn 0.7694 -0.6272 -0.1214
vn 0.8959 -0.4228 -0.1365
vn 0.8979 -0.4189 -0.1355
vn 0.8923 -0.4297 -0.1384
vn 0.8854 -0.4426 -0.1420
vn 0.8708 -0.4684 -0.1495
vn 0.8362 -0.5229 -0.1656
vn 0.7601 -0.6202 -0.1941
vn 0.8833 -0.4169 -0.2145
vn 0.8854 -0.4131 -0.2130
vn 0.8794 -0.4236 -0.2173
vn 0.8719 -0.4359 -0.2229
vn 0.8561 -0.4607 -0.2343
vn 0.8189 -0.5125 -0.2584
vn 0.7389 -0.6032 -0.3004
vn 0.9063 -0.4227 -0.0004
vn 0.9044 -0.4267 -0.0004
vn 0.9010 -0.4337 -0.0004
vn 0.8946 -0.4468 -0.0004
vn 0.8810 -0.4731 -0.0005
vn 0.8486 -0.5291 -0.0005
vn 0.7761 -0.6306 -0.0006
vn 0.6870 -0.5600 -0.4631
vn 0.7742 -0.4845 -0.4072
vn 0.8169 -0.4397 -0.3732
vn 0.8356 -0.4178 -0.3567
vn 0.8444 -0.4068 -0.3486
vn 0.8490 -0.4008 -0.3444
vn 0.8515 -0.3973 -0.3421
vn -0.1944 0.9809 -0.0013
vn -0.1945 0.9809 -0.0042
vn -0.1341 0.9910 -0.0043
vn -0.1341 0.9910 -0.0013
vn -0.1945 0.9809 -0.0096
vn -0.1341 0.9909 -0.0097
vn -0.1944 0.9807 -0.0180
vn -0.1341 0.9908 -0.0182
vn -0.1944 0.9804 -0.0305
vn -0.1340 0.9905 -0.0309
vn -0.1943 0.9797 -0.0494
vn -0.1340 0.9897 -0.0499
vn -0.1939 0.9779 -0.0786
vn -0.1337 0.9878 -0.0794
vn -0.0685 0.9976 -0.0043
vn -0.0686 0.9976 -0.0013
vn -0.0685 0.9976 -0.0098
vn -0.0685 0.9975 -0.0183
vn -0.0685 0.9972 -0.0311
vn -0.0685 0.9964 -0.0503
vn -0.0684 0.9944 -0.0800
vn -0.0002 1.0000 -0.0043
vn -0.0002 1.0000 -0.0013
vn -0.0002 1.0000 -0.0098
vn -0.0002 0.9998 -0.0183
vn -0.0002 0.9995 -0.0312
vn -0.0002 0.9987 -0.0504
vn -0.0002 0.9968 -0.0802
vn 0.0681 0.9977 -0.0043
vn 0.0682 0.9977 -0.0013
vn 0.0681 0.9976 -0.0098
vn 0.0681 0.9975 -0.0183
vn 0.0681 0.9972 -0.0311
vn 0.0681 0.9964 -0.0503
vn 0.0680 0.9945 -0.0800
vn 0.1337 0.9910 -0.0043
vn 0.1337 0.9910 -0.0013
vn 0.1337 0.9910 -0.0097
vn 0.1337 0.9909 -0.0182
vn 0.1337 0.9905 -0.0309
vn 0.1336 0.9898 -0.0499
vn 0.1333 0.9879 -0.0795
vn 0.1941 0.9810 -0.0042
vn 0.1941 0.9810 -0.0013
vn 0.1941 0.9809 -0.0096
vn 0.1941 0.9808 -0.0180
vn 0.1941 0.9805 -0.0305
vn 0.1939 0.9798 -0.0494
vn 0.1936 0.9779 -0.0786
vn -0.2634 0.9647 -0.0002
vn -0.2634 0.9647 -0.0012
vn -0.1944 0.9809 -0.0002
vn -0.2634 0.9647 -0.0042
vn -0.2634 0.9646 -0.0094
vn -0.2634 0.9645 -0.0177
vn -0.2634 0.9642 -0.0300
vn -0.2632 0.9635 -0.0485
vn -0.2628 0.9618 -0.0772
vn -0.2615 0.9565 -0.1290
vn -0.1929 0.9724 -0.1313
vn -0.1330 0.9822 -0.1327
vn -0.0680 0.9887 -0.1336
vn -0.0002 0.9910 -0.1339
vn 0.0676 0.9887 -0.1336
vn 0.1326 0.9822 -0.1327
vn 0.1926 0.9725 -0.1313
vn 0.2612 0.9566 -0.1290
vn 0.2625 0.9618 -0.0772
vn 0.2630 0.9636 -0.0485
vn 0.2631 0.9643 -0.0300
vn 0.2632 0.9646 -0.0177
vn 0.2632 0.9647 -0.0094
vn 0.2632 0.9647 -0.0042
vn 0.2632 0.9647 -0.0012
vn 0.1941 0.9810 -0.0002
vn 0.2632 0.9647 -0.0002
vn 0.1337 0.9910 -0.0002
vn 0.0682 0.9977 -0.0002
vn -0.0002 1.0000 -0.0002
vn -0.0686 0.9976 -0.0002
vn -0.1341 0.9910 -0.0002
vn -0.9116 -0.4110 -0.0035
vn -0.9132 -0.4074 -0.0035
vn -0.9132 -0.4074 -0.0117
vn -0.9116 -0.4109 -0.0117
vn -0.9160 -0.4012 -0.0035
vn -0.9159 -0.4011 -0.0118
vn -0.9211 -0.3894 -0.0036
vn -0.9210 -0.3893 -0.0120
vn -0.9310 -0.3650 -0.0037
vn -0.9310 -0.3649 -0.0125
vn -0.9507 -0.3100 -0.0040
vn -0.9507 -0.3099 -0.0134
vn -0.9803 -0.1973 -0.0045
vn -0.9803 -0.1971 -0.0151
vn -0.9129 -0.4073 -0.0266
vn -0.9113 -0.4108 -0.0264
vn -0.9157 -0.4010 -0.0268
vn -0.9208 -0.3892 -0.0272
vn -0.9307 -0.3647 -0.0282
vn -0.9504 -0.3096 -0.0303
vn -0.9798 -0.1968 -0.0342
vn -0.9121 -0.4069 -0.0497
vn -0.9105 -0.4105 -0.0495
vn -0.9149 -0.4006 -0.0502
vn -0.9199 -0.3888 -0.0510
vn -0.9298 -0.3643 -0.0528
vn -0.9493 -0.3091 -0.0567
vn -0.9784 -0.1963 -0.0640
vn -0.9100 -0.4059 -0.0843
vn -0.9084 -0.4095 -0.0839
vn -0.9127 -0.3997 -0.0850
vn -0.9177 -0.3878 -0.0865
vn -0.9274 -0.3633 -0.0895
vn -0.9465 -0.3080 -0.0961
vn -0.9747 -0.1952 -0.1084
vn -0.9048 -0.4036 -0.1356
vn -0.9033 -0.4072 -0.1350
vn -0.9074 -0.3973 -0.1367
vn -0.9122 -0.3854 -0.1390
vn -0.9215 -0.3608 -0.1438
vn -0.9396 -0.3055 -0.1543
vn -0.9657 -0.1930 -0.1737
vn -0.8923 -0.3980 -0.2130
vn -0.8909 -0.4016 -0.2121
vn -0.8947 -0.3917 -0.2148
vn -0.8990 -0.3797 -0.2183
vn -0.9072 -0.3551 -0.2256
vn -0.9229 -0.2998 -0.2415
vn -0.9442 -0.1884 -0.2703
vn -0.9116 -0.4110 -0.0004
vn -0.9132 -0.4074 -0.0004
vn -0.9160 -0.4012 -0.0004
vn -0.9211 -0.3894 -0.0004
vn -0.9310 -0.3650 -0.0005
vn -0.9507 -0.3101 -0.0005
vn -0.9803 -0.1974 -0.0005
vn -0.8886 -0.1773 -0.4230
vn -0.8785 -0.2851 -0.3834
vn -0.8686 -0.3398 -0.3606
vn -0.8630 -0.3644 -0.3499
vn -0.8599 -0.3764 -0.3448
vn -0.8581 -0.3827 -0.3422
vn -0.8571 -0.3863 -0.3408
vn 0.7761 -0.6306 -0.0000
vn 0.8486 -0.5290 -0.0000
vn 0.8810 -0.4731 -0.0000
vn 0.8946 -0.4468 -0.0000
vn 0.9010 -0.4337 -0.0000
vn 0.9044 -0.4267 -0.0000
vn 0.9063 -0.4227 -0.0000
vn 0.6844 -0.7291 -0.0000
vn 0.9074 -0.4203 -0.0000
vn -0.4076 0.9132 -0.0000
vn -0.4093 0.9124 -0.0000
vn -0.4075 0.9132 -0.0000
vn -0.4104 0.9119 -0.0000
vn -0.4112 0.9115 -0.0000
vn -0.4118 0.9113 -0.0000
vn -0.4122 0.9111 -0.0000
vn -0.4124 0.9110 -0.0000
vn -0.4047 0.9144 -0.0000
vn -0.4125 0.9109 -0.0000
vn -0.1479 0.9890 -0.0000
vn -0.2508 0.9680 -0.0000
vn -0.2509 0.9680 -0.0000
vn -0.3196 0.9476 -0.0000
vn -0.3584 0.9336 -0.0000
vn -0.3800 0.9250 -0.0000
vn -0.3925 0.9197 -0.0000
vn -0.4001 0.9165 -0.0000
vn -0.0450 0.9990 -0.0000
vn 0.6154 0.7882 -0.0000
vn 0.5123 0.8588 -0.0000
vn 0.4076 0.9132 -0.0000
vn 0.3054 0.9522 -0.0000
vn 0.2087 0.9780 -0.0000
vn 0.1192 0.9929 -0.0000
vn 0.1193 0.9929 -0.0000
vn 0.0376 0.9993 -0.0000
vn 0.7119 0.7023 -0.0000
vn 0.7118 0.7023 -0.0000
vn 0.2088 0.9780 -0.0000
vn 0.4075 0.9132 -0.0000
vn -0.9101 -0.4144 -0.0000
vn -0.9097 -0.4153 -0.0000
vn -0.9094 -0.4159 -0.0000
vn -0.9091 -0.4166 -0.0000
vn -0.9088 -0.4172 -0.0000
vn -0.9085 -0.4179 -0.0000
vn -0.9081 -0.4189 -0.0000
vn -0.9107 -0.4131 -0.0000
vn -0.9074 -0.4203 -0.0000
vn 0.9997 0.0241 -0.0000
vn 0.9944 0.1059 -0.0000
vn 0.9807 0.1955 -0.0000
vn 0.9807 0.1956 -0.0000
vn 0.9563 0.2925 -0.0000
vn 0.9562 0.2926 -0.0000
vn 0.9186 0.3952 -0.0000
vn 0.8656 0.5007 -0.0000
vn 0.8657 0.5006 -0.0000
vn 0.7965 0.6047 -0.0000
vn 0.9976 -0.0687 -0.0000
vn 0.9081 -0.4189 -0.0000
vn 0.9085 -0.4179 -0.0000
vn 0.9088 -0.4172 -0.0000
vn 0.9091 -0.4166 -0.0000
vn 0.9094 -0.4159 -0.0000
vn 0.9097 -0.4153 -0.0000
vn 0.9101 -0.4144 -0.0000
vn 0.9107 -0.4131 -0.0000
vn 0.9116 -0.4110 -0.0000
vn 0.9132 -0.4074 -0.0000
vn 0.9160 -0.4012 -0.0000
vn 0.9211 -0.3894 -0.0000
vn 0.9310 -0.3650 -0.0000
vn 0.9507 -0.3101 -0.0000
vn 0.9803 -0.1975 -0.0000
vn 0.4001 0.9165 -0.0000
vn 0.3925 0.9197 -0.0000
vn 0.3800 0.9250 -0.0000
vn 0.3584 0.9336 -0.0000
vn 0.3196 0.9476 -0.0000
vn 0.2508 0.9680 -0.0000
vn 0.2509 0.9680 -0.0000
vn 0.1479 0.9890 -0.0000
vn 0.4047 0.9144 -0.0000
vn 0.0450 0.9990 -0.0000
vn -0.9063 -0.4227 -0.0000
vn -0.9044 -0.4267 -0.0000
vn -0.9010 -0.4337 -0.0000
vn -0.8946 -0.4468 -0.0000
vn -0.8810 -0.4731 -0.0000
vn -0.8486 -0.5290 -0.0000
vn -0.7761 -0.6306 -0.0000
vn -0.6844 -0.7291 -0.0000
vn -0.6845 -0.7291 -0.0000
vn -0.0376 0.9993 -0.0000
vn -0.1193 0.9929 -0.0000
vn -0.1192 0.9929 -0.0000
vn -0.2087 0.9780 -0.0000
vn -0.3054 0.9522 -0.0000
vn -0.5123 0.8588 -0.0000
vn -0.6154 0.7882 -0.0000
vn -0.7119 0.7023 -0.0000
vn -0.7118 0.7023 -0.0000
vn 0.3408 0.9401 -0.0000
vn 0.3894 0.9211 -0.0000
vn 0.4045 0.9145 -0.0000
vn 0.4095 0.9123 -0.0000
vn 0.4114 0.9115 -0.0000
vn 0.4121 0.9111 -0.0000
vn 0.4124 0.9110 -0.0000
vn 0.2632 0.9647 -0.0000
vn 0.3408 0.9401 -0.0001
vn 0.3894 0.9211 -0.0001
vn 0.4045 0.9145 -0.0001
vn 0.4095 0.9123 -0.0001
vn 0.4114 0.9115 -0.0001
vn 0.4121 0.9111 -0.0001
vn 0.4125 0.9109 -0.0000
vn 0.4125 0.9110 -0.0000
vn -0.7965 0.6047 -0.0000
vn -0.8656 0.5007 -0.0000
vn -0.8657 0.5006 -0.0000
vn -0.9186 0.3952 -0.0000
vn -0.9562 0.2926 -0.0000
vn -0.9563 0.2925 -0.0000
vn -0.9807 0.1955 -0.0000
vn -0.9807 0.1956 -0.0000
vn -0.9944 0.1059 -0.0000
vn -0.9997 0.0241 -0.0000
vn -0.9976 -0.0687 -0.0000
vn -0.9563 0.2926 -0.0000
vn -0.3409 0.9401 -0.0000
vn -0.3894 0.9211 -0.0000
vn -0.4045 0.9145 -0.0000
vn -0.4095 0.9123 -0.0000
vn -0.4114 0.9115 -0.0000
vn -0.4121 0.9111 -0.0000
vn -0.2634 0.9647 -0.0000
vn -0.4121 0.9111 -0.0001
vn -0.4114 0.9115 -0.0001
vn -0.4095 0.9123 -0.0001
vn -0.4045 0.9145 -0.0001
vn -0.3894 0.9211 -0.0001
vn -0.3409 0.9401 -0.0001
vn 0.4122 0.9111 -0.0000
vn 0.4118 0.9113 -0.0000
vn 0.4112 0.9115 -0.0000
vn 0.4104 0.9119 -0.0000
vn 0.4093 0.9124 -0.0000
vn -0.1944 0.9809 -0.0000
vn -0.1945 0.9809 -0.0000
vn -0.1341 0.9910 -0.0000
vn -0.0686 0.9976 -0.0000
vn -0.0685 0.9976 -0.0000
vn -0.0002 1.0000 -0.0000
vn 0.0681 0.9977 -0.0000
vn 0.1337 0.9910 -0.0000
vn 0.1941 0.9810 -0.0000
vn 0.0682 0.9977 -0.0000
vn 0.1072 -0.9942 -0.0000
vn 0.2107 -0.9776 -0.0000
vn 0.3080 -0.9514 -0.0000
vn 0.3976 -0.9175 -0.0000
vn 0.4786 -0.8780 -0.0000
vn 0.4787 -0.8780 -0.0000
vn 0.5508 -0.8346 -0.0000
vn 0.5509 -0.8346 -0.0000
vn 0.6145 -0.7889 -0.0000
vn -0.0000 -1.0000 -0.0000
vn -0.3409 0.9401 -0.0012
vn -0.3894 0.9211 -0.0012
vn -0.3894 0.9211 -0.0040
vn -0.3409 0.9401 -0.0040
vn -0.4045 0.9145 -0.0012
vn -0.4045 0.9145 -0.0039
vn -0.4095 0.9123 -0.0012
vn -0.4095 0.9123 -0.0039
vn -0.4114 0.9115 -0.0012
vn -0.4114 0.9115 -0.0039
vn -0.4121 0.9111 -0.0012
vn -0.4121 0.9111 -0.0039
vn -0.3894 0.9210 -0.0090
vn -0.3409 0.9401 -0.0092
vn -0.4045 0.9145 -0.0089
vn -0.4095 0.9123 -0.0089
vn -0.4114 0.9114 -0.0089
vn -0.4121 0.9111 -0.0089
vn -0.4124 0.9109 -0.0088
vn -0.3893 0.9209 -0.0168
vn -0.3409 0.9400 -0.0172
vn -0.4044 0.9144 -0.0167
vn -0.4094 0.9122 -0.0166
vn -0.4113 0.9113 -0.0166
vn -0.3892 0.9207 -0.0285
vn -0.3408 0.9397 -0.0292
vn -0.4043 0.9142 -0.0283
vn -0.4093 0.9120 -0.0282
vn -0.4112 0.9111 -0.0282
vn -0.4120 0.9108 -0.0282
vn -0.3890 0.9201 -0.0461
vn -0.3406 0.9390 -0.0472
vn -0.4041 0.9136 -0.0458
vn -0.4091 0.9114 -0.0456
vn -0.4109 0.9105 -0.0456
vn -0.3884 0.9186 -0.0735
vn -0.3401 0.9374 -0.0751
vn -0.4034 0.9121 -0.0729
vn -0.4084 0.9099 -0.0727
vn -0.4103 0.9091 -0.0726
vn -0.4083 0.9047 -0.1213
vn -0.4065 0.9056 -0.1215
vn -0.4015 0.9077 -0.1218
vn -0.3865 0.9141 -0.1228
vn -0.3385 0.9326 -0.1255
vn -0.6145 -0.7889 -0.0000
vn -0.5508 -0.8346 -0.0000
vn -0.4786 -0.8780 -0.0000
vn -0.3976 -0.9175 -0.0000
vn -0.3080 -0.9514 -0.0000
vn -0.2107 -0.9776 -0.0000
vn -0.1072 -0.9942 -0.0000
vn 0.3408 0.9401 -0.0012
vn 0.3408 0.9401 -0.0040
vn 0.3894 0.9211 -0.0040
vn 0.3894 0.9211 -0.0012
vn 0.3408 0.9401 -0.0092
vn 0.3894 0.9210 -0.0090
vn 0.3408 0.9400 -0.0172
vn 0.3893 0.9209 -0.0168
vn 0.3407 0.9397 -0.0292
vn 0.3892 0.9207 -0.0285
vn 0.3405 0.9391 -0.0472
vn 0.3890 0.9201 -0.0461
vn 0.3400 0.9374 -0.0751
vn 0.3884 0.9186 -0.0735
vn 0.4045 0.9145 -0.0039
vn 0.4045 0.9145 -0.0012
vn 0.4045 0.9145 -0.0089
vn 0.4044 0.9144 -0.0167
vn 0.4043 0.9142 -0.0283
vn 0.4041 0.9136 -0.0458
vn 0.4034 0.9121 -0.0729
vn 0.4095 0.9123 -0.0039
vn 0.4095 0.9123 -0.0012
vn 0.4095 0.9123 -0.0089
vn 0.4094 0.9122 -0.0166
vn 0.4093 0.9120 -0.0282
vn 0.4091 0.9114 -0.0456
vn 0.4084 0.9099 -0.0727
vn 0.4114 0.9115 -0.0039
vn 0.4114 0.9115 -0.0012
vn 0.4114 0.9114 -0.0089
vn 0.4113 0.9113 -0.0166
vn 0.4112 0.9111 -0.0282
vn 0.4109 0.9105 -0.0456
vn 0.4103 0.9091 -0.0726
vn 0.4121 0.9111 -0.0039
vn 0.4121 0.9111 -0.0012
vn 0.4121 0.9111 -0.0089
vn 0.4120 0.9108 -0.0282
vn 0.4124 0.9109 -0.0088
vn 0.3384 0.9326 -0.1256
vn 0.3865 0.9141 -0.1228
vn 0.4015 0.9077 -0.1218
vn 0.4065 0.9056 -0.1215
vn 0.4083 0.9047 -0.1213
vn -0.7479 -0.3450 -0.5671
vn -0.7485 -0.3443 -0.5667
vn -0.5239 -0.2410 -0.8170
vn -0.5233 -0.2414 -0.8172
vn -0.7489 -0.3438 -0.5665
vn -0.5243 -0.2407 -0.8168
vn -0.7492 -0.3433 -0.5664
vn -0.5245 -0.2403 -0.8168
vn -0.7495 -0.3428 -0.5664
vn -0.5247 -0.2400 -0.8167
vn -0.7497 -0.3422 -0.5664
vn -0.5249 -0.2396 -0.8168
vn -0.7499 -0.3415 -0.5666
vn -0.5249 -0.2390 -0.8169
vn -0.2813 -0.1294 -0.9508
vn -0.2810 -0.1296 -0.9509
vn -0.2816 -0.1292 -0.9508
vn -0.2817 -0.1291 -0.9508
vn -0.2818 -0.1289 -0.9508
vn -0.2819 -0.1287 -0.9508
vn -0.2819 -0.1284 -0.9508
vn -0.1286 -0.0592 -0.9899
vn -0.1285 -0.0592 -0.9899
vn -0.1288 -0.0591 -0.9899
vn -0.1288 -0.0590 -0.9899
vn -0.1289 -0.0589 -0.9899
vn -0.1289 -0.0588 -0.9899
vn -0.1289 -0.0587 -0.9899
vn -0.0530 -0.0244 -0.9983
vn -0.0529 -0.0244 -0.9983
vn -0.0530 -0.0243 -0.9983
vn -0.0531 -0.0243 -0.9983
vn -0.0531 -0.0242 -0.9983
vn -0.0185 -0.0085 -0.9998
vn -0.0185 -0.0084 -0.9998
vn -0.0045 -0.0021 -1.0000
vn -0.0045 -0.0020 -1.0000
vn -0.7469 -0.3460 -0.5679
vn -0.7502 -0.3403 -0.5670
vn -0.5249 -0.2381 -0.8171
vn -0.2818 -0.1279 -0.9509
vn -0.1289 -0.0585 -0.9899
vn -0.0531 -0.0241 -0.9983
vn -0.0005 -0.0002 -1.0000
vn -0.0004 -0.0002 -1.0000
vn -0.0184 -0.0085 -0.9998
vn -0.0528 -0.0244 -0.9983
vn -0.1282 -0.0593 -0.9900
vn -0.2803 -0.1298 -0.9511
vn -0.5223 -0.2419 -0.8177
vn 0.0306 0.8085 -0.5877
vn 0.0931 0.7765 -0.6232
vn 0.0595 0.5212 -0.8514
vn 0.0181 0.5600 -0.8283
vn 0.1571 0.7384 -0.6558
vn 0.0995 0.4812 -0.8709
vn 0.2218 0.6940 -0.6850
vn 0.1381 0.4403 -0.8872
vn 0.2861 0.6434 -0.7100
vn 0.1750 0.3987 -0.9002
vn 0.3490 0.5870 -0.7305
vn 0.2101 0.3567 -0.9103
vn 0.4092 0.5255 -0.7459
vn 0.2433 0.3144 -0.9176
vn 0.0300 0.2720 -0.9618
vn 0.0085 0.2996 -0.9540
vn 0.0500 0.2459 -0.9680
vn 0.0686 0.2211 -0.9728
vn 0.0860 0.1974 -0.9766
vn 0.1023 0.1746 -0.9793
vn 0.1177 0.1527 -0.9812
vn 0.0134 0.1233 -0.9923
vn 0.0037 0.1370 -0.9906
vn 0.0223 0.1107 -0.9936
vn 0.0306 0.0990 -0.9946
vn 0.0382 0.0880 -0.9954
vn 0.0454 0.0776 -0.9959
vn 0.0522 0.0677 -0.9963
vn 0.0055 0.0508 -0.9987
vn 0.0014 0.0565 -0.9984
vn 0.0091 0.0455 -0.9989
vn 0.0125 0.0407 -0.9991
vn 0.0156 0.0361 -0.9992
vn 0.0186 0.0318 -0.9993
vn 0.0213 0.0278 -0.9994
vn 0.0019 0.0178 -0.9998
vn 0.0005 0.0198 -0.9998
vn 0.0032 0.0160 -0.9999
vn 0.0043 0.0143 -0.9999
vn 0.0055 0.0127 -0.9999
vn 0.0065 0.0112 -0.9999
vn 0.0075 0.0097 -0.9999
vn 0.0004 0.0044 -1.0000
vn 0.0001 0.0049 -1.0000
vn 0.0007 0.0039 -1.0000
vn 0.0011 0.0035 -1.0000
vn 0.0013 0.0031 -1.0000
vn 0.0016 0.0027 -1.0000
vn 0.0018 0.0024 -1.0000
vn -0.0372 0.8375 -0.5452
vn 0.4654 0.4599 -0.7562
vn 0.2744 0.2722 -0.9223
vn 0.1322 0.1314 -0.9825
vn 0.0585 0.0582 -0.9966
vn 0.0240 0.0238 -0.9994
vn 0.0084 0.0084 -0.9999
vn 0.0020 0.0020 -1.0000
vn 0.0002 0.0002 -1.0000
vn 0.0002 0.0003 -1.0000
vn 0.0001 0.0003 -1.0000
vn 0.0001 0.0004 -1.0000
vn -0.0000 0.0004 -1.0000
vn -0.0000 0.0005 -1.0000
vn -0.0004 0.0056 -1.0000
vn -0.0000 0.0006 -1.0000
vn -0.0014 0.0226 -0.9997
vn -0.0039 0.0642 -0.9979
vn -0.0091 0.1550 -0.9879
vn -0.0189 0.3343 -0.9423
vn -0.0308 0.6031 -0.7971
vn -0.4011 0.8860 -0.2326
vn -0.4008 0.8861 -0.2327
vn -0.3668 0.8109 -0.4560
vn -0.3671 0.8108 -0.4559
vn -0.4004 0.8862 -0.2329
vn -0.3664 0.8109 -0.4564
vn -0.3998 0.8864 -0.2333
vn -0.3658 0.8108 -0.4569
vn -0.3990 0.8866 -0.2339
vn -0.3648 0.8107 -0.4579
vn -0.3978 0.8869 -0.2349
vn -0.3635 0.8104 -0.4594
vn -0.3959 0.8873 -0.2365
vn -0.3614 0.8099 -0.4620
vn -0.2781 0.6148 -0.7381
vn -0.2783 0.6148 -0.7379
vn -0.2777 0.6146 -0.7383
vn -0.2771 0.6143 -0.7388
vn -0.2763 0.6137 -0.7396
vn -0.2749 0.6128 -0.7409
vn -0.2728 0.6111 -0.7430
vn -0.1586 0.3506 -0.9230
vn -0.1588 0.3507 -0.9229
vn -0.1584 0.3504 -0.9231
vn -0.1580 0.3501 -0.9233
vn -0.1574 0.3495 -0.9236
vn -0.1565 0.3486 -0.9241
vn -0.1550 0.3470 -0.9250
vn -0.0703 0.1554 -0.9853
vn -0.0704 0.1554 -0.9853
vn -0.0702 0.1553 -0.9854
vn -0.0700 0.1551 -0.9854
vn -0.0697 0.1548 -0.9855
vn -0.0693 0.1543 -0.9856
vn -0.0686 0.1535 -0.9858
vn -0.0249 0.0551 -0.9982
vn -0.0249 0.0550 -0.9982
vn -0.0248 0.0550 -0.9982
vn -0.0247 0.0549 -0.9982
vn -0.0246 0.0547 -0.9982
vn -0.0243 0.0544 -0.9982
vn -0.0061 0.0134 -0.9999
vn -0.0060 0.0134 -0.9999
vn -0.0060 0.0133 -0.9999
vn -0.0059 0.0132 -0.9999
vn -0.4012 0.8860 -0.2326
vn -0.3928 0.8879 -0.2395
vn -0.3579 0.8088 -0.4666
vn -0.2693 0.6081 -0.7468
vn -0.1526 0.3442 -0.9264
vn -0.0675 0.1521 -0.9861
vn -0.0239 0.0539 -0.9983
vn -0.0058 0.0131 -0.9999
vn -0.0006 0.0013 -1.0000
vn -0.0250 0.0551 -0.9982
vn -0.2784 0.6148 -0.7379
vn -0.3672 0.8108 -0.4558
vn -0.3876 0.8888 -0.2446
vn -0.3793 0.8899 -0.2533
vn -0.3427 0.8032 -0.4873
vn -0.3521 0.8068 -0.4744
vn -0.3654 0.8915 -0.2679
vn -0.3273 0.7965 -0.5084
vn -0.3415 0.8931 -0.2929
vn -0.3013 0.7841 -0.5426
vn -0.2993 0.8932 -0.3355
vn -0.2579 0.7608 -0.5955
vn -0.2276 0.8869 -0.4020
vn -0.1902 0.7200 -0.6674
vn -0.1284 0.8667 -0.4820
vn -0.1048 0.6615 -0.7426
vn -0.2540 0.5938 -0.7634
vn -0.2635 0.6028 -0.7532
vn -0.2390 0.5791 -0.7795
vn -0.2150 0.5548 -0.8037
vn -0.1779 0.5160 -0.8379
vn -0.1257 0.4596 -0.8792
vn -0.0659 0.3918 -0.9177
vn -0.1421 0.3314 -0.9327
vn -0.1485 0.3394 -0.9288
vn -0.1320 0.3187 -0.9386
vn -0.1165 0.2989 -0.9471
vn -0.0938 0.2695 -0.9584
vn -0.0640 0.2303 -0.9710
vn -0.0324 0.1878 -0.9817
vn -0.0625 0.1457 -0.9874
vn -0.0656 0.1497 -0.9866
vn -0.0578 0.1394 -0.9885
vn -0.0507 0.1297 -0.9903
vn -0.0405 0.1158 -0.9925
vn -0.0274 0.0977 -0.9948
vn -0.0138 0.0786 -0.9968
vn -0.0222 0.0516 -0.9984
vn -0.0233 0.0531 -0.9983
vn -0.0205 0.0494 -0.9986
vn -0.0181 0.0460 -0.9988
vn -0.0145 0.0410 -0.9991
vn -0.0099 0.0347 -0.9994
vn -0.0050 0.0278 -0.9996
vn -0.0054 0.0126 -0.9999
vn -0.0057 0.0129 -0.9999
vn -0.0051 0.0121 -0.9999
vn -0.0045 0.0113 -0.9999
vn -0.0036 0.0102 -0.9999
vn -0.0025 0.0086 -1.0000
vn -0.0013 0.0069 -1.0000
vn -0.0001 0.0007 -1.0000
vn -0.0003 0.0009 -1.0000
vn -0.0004 0.0010 -1.0000
vn -0.0005 0.0011 -1.0000
vn -0.0005 0.0012 -1.0000
vn -0.0005 0.0013 -1.0000
vn 0.4011 0.8860 -0.2326
vn 0.4008 0.8861 -0.2326
vn 0.3668 0.8109 -0.4559
vn 0.3671 0.8108 -0.4558
vn 0.4001 0.8864 -0.2328
vn 0.3661 0.8111 -0.4561
vn 0.3982 0.8872 -0.2330
vn 0.3643 0.8116 -0.4566
vn 0.3934 0.8892 -0.2337
vn 0.3597 0.8131 -0.4577
vn 0.3787 0.8951 -0.2355
vn 0.3459 0.8174 -0.4607
vn 0.3315 0.9123 -0.2406
vn 0.3018 0.8299 -0.4693
vn 0.2781 0.6148 -0.7380
vn 0.2784 0.6148 -0.7379
vn 0.2775 0.6149 -0.7382
vn 0.2760 0.6150 -0.7386
vn 0.2722 0.6154 -0.7397
vn 0.2607 0.6169 -0.7426
vn 0.2250 0.6208 -0.7510
vn 0.1586 0.3506 -0.9230
vn 0.1588 0.3507 -0.9229
vn 0.1582 0.3506 -0.9231
vn 0.1572 0.3505 -0.9233
vn 0.1548 0.3503 -0.9238
vn 0.1476 0.3499 -0.9251
vn 0.1256 0.3488 -0.9287
vn 0.0703 0.1554 -0.9853
vn 0.0704 0.1554 -0.9853
vn 0.0701 0.1553 -0.9854
vn 0.0696 0.1553 -0.9854
vn 0.0685 0.1551 -0.9855
vn 0.0651 0.1546 -0.9858
vn 0.0550 0.1534 -0.9866
vn 0.0249 0.0551 -0.9982
vn 0.0248 0.0551 -0.9982
vn 0.0247 0.0550 -0.9982
vn 0.0243 0.0549 -0.9982
vn 0.0230 0.0547 -0.9982
vn 0.0193 0.0541 -0.9983
vn 0.0061 0.0134 -0.9999
vn 0.0060 0.0134 -0.9999
vn 0.0059 0.0134 -0.9999
vn 0.0056 0.0133 -0.9999
vn 0.0046 0.0131 -0.9999
vn 0.4012 0.8860 -0.2325
vn 0.2556 0.9347 -0.2470
vn 0.2317 0.8466 -0.4791
vn 0.1712 0.6276 -0.7595
vn 0.0947 0.3496 -0.9321
vn 0.0413 0.1532 -0.9873
vn 0.0145 0.0540 -0.9984
vn 0.0035 0.0130 -0.9999
vn 0.0003 0.0013 -1.0000
vn 0.0005 0.0013 -1.0000
vn 0.0006 0.0013 -1.0000
vn 0.0250 0.0551 -0.9982
vn 0.3672 0.8108 -0.4558
vn 0.7450 -0.3475 -0.5694
vn 0.7418 -0.3501 -0.5721
vn 0.5172 -0.2438 -0.8204
vn 0.5205 -0.2426 -0.8187
vn 0.7358 -0.3543 -0.5771
vn 0.5112 -0.2457 -0.8236
vn 0.7245 -0.3619 -0.5866
vn 0.4999 -0.2488 -0.8295
vn 0.7013 -0.3765 -0.6053
vn 0.4778 -0.2546 -0.8408
vn 0.6517 -0.4051 -0.6412
vn 0.4336 -0.2655 -0.8611
vn 0.5602 -0.4508 -0.6949
vn 0.3585 -0.2818 -0.8900
vn 0.2769 -0.1305 -0.9520
vn 0.2791 -0.1301 -0.9514
vn 0.2731 -0.1311 -0.9530
vn 0.2658 -0.1320 -0.9549
vn 0.2519 -0.1336 -0.9585
vn 0.2251 -0.1366 -0.9647
vn 0.1813 -0.1408 -0.9733
vn 0.1265 -0.0596 -0.9902
vn 0.1276 -0.0594 -0.9900
vn 0.1247 -0.0598 -0.9904
vn 0.1212 -0.0601 -0.9908
vn 0.1145 -0.0606 -0.9916
vn 0.1019 -0.0616 -0.9929
vn 0.0814 -0.0630 -0.9947
vn 0.0521 -0.0245 -0.9983
vn 0.0525 -0.0245 -0.9983
vn 0.0513 -0.0246 -0.9984
vn 0.0499 -0.0247 -0.9984
vn 0.0472 -0.0249 -0.9986
vn 0.0420 -0.0253 -0.9988
vn 0.0336 -0.0258 -0.9991
vn 0.0182 -0.0086 -0.9998
vn 0.0183 -0.0085 -0.9998
vn 0.0179 -0.0086 -0.9998
vn 0.0174 -0.0086 -0.9998
vn 0.0165 -0.0087 -0.9998
vn 0.0148 -0.0089 -0.9999
vn 0.0119 -0.0091 -0.9999
vn 0.0044 -0.0021 -1.0000
vn 0.0045 -0.0021 -1.0000
vn 0.0043 -0.0021 -1.0000
vn 0.0040 -0.0021 -1.0000
vn 0.0037 -0.0022 -1.0000
vn 0.0030 -0.0022 -1.0000
vn 0.7469 -0.3460 -0.5679
vn 0.4614 -0.4887 -0.7404
vn 0.2797 -0.2928 -0.9143
vn 0.1368 -0.1425 -0.9803
vn 0.0608 -0.0632 -0.9961
vn 0.0250 -0.0259 -0.9994
vn 0.0088 -0.0091 -0.9999
vn 0.0022 -0.0022 -1.0000
vn 0.0002 -0.0002 -1.0000
vn 0.0003 -0.0002 -1.0000
vn 0.0004 -0.0002 -1.0000
vn 0.0184 -0.0085 -0.9998
vn 0.0528 -0.0244 -0.9983
vn 0.1282 -0.0593 -0.9900
vn 0.2803 -0.1298 -0.9511
vn 0.5223 -0.2419 -0.8177
vn 0.3959 0.8873 -0.2365
vn 0.3978 0.8869 -0.2348
vn 0.3635 0.8104 -0.4594
vn 0.3614 0.8099 -0.4620
vn 0.3990 0.8866 -0.2339
vn 0.3648 0.8107 -0.4579
vn 0.3998 0.8864 -0.2333
vn 0.3658 0.8108 -0.4569
vn 0.4004 0.8862 -0.2329
vn 0.3664 0.8109 -0.4564
vn 0.4008 0.8861 -0.2327
vn 0.3668 0.8109 -0.4560
vn 0.3671 0.8108 -0.4559
vn 0.2749 0.6128 -0.7409
vn 0.2728 0.6111 -0.7430
vn 0.2763 0.6137 -0.7396
vn 0.2771 0.6143 -0.7388
vn 0.2777 0.6146 -0.7383
vn 0.2781 0.6148 -0.7381
vn 0.1565 0.3486 -0.9241
vn 0.1550 0.3470 -0.9250
vn 0.1574 0.3495 -0.9236
vn 0.1580 0.3501 -0.9233
vn 0.1584 0.3504 -0.9231
vn 0.0693 0.1544 -0.9856
vn 0.0686 0.1535 -0.9858
vn 0.0697 0.1548 -0.9855
vn 0.0700 0.1551 -0.9854
vn 0.0702 0.1553 -0.9854
vn 0.0703 0.1554 -0.9854
vn 0.0246 0.0547 -0.9982
vn 0.0243 0.0544 -0.9982
vn 0.0247 0.0549 -0.9982
vn 0.0248 0.0550 -0.9982
vn 0.0249 0.0550 -0.9982
vn 0.0060 0.0133 -0.9999
vn 0.0059 0.0132 -0.9999
vn 0.3928 0.8879 -0.2395
vn 0.0058 0.0131 -0.9999
vn 0.0239 0.0539 -0.9983
vn 0.0675 0.1521 -0.9861
vn 0.1526 0.3442 -0.9264
vn 0.2693 0.6081 -0.7468
vn 0.3579 0.8088 -0.4666
vn -0.3316 0.9122 -0.2406
vn -0.3787 0.8951 -0.2355
vn -0.3459 0.8174 -0.4607
vn -0.3019 0.8298 -0.4692
vn -0.3934 0.8892 -0.2337
vn -0.3597 0.8131 -0.4577
vn -0.3982 0.8872 -0.2330
vn -0.3643 0.8116 -0.4566
vn -0.4001 0.8864 -0.2328
vn -0.3661 0.8111 -0.4561
vn -0.4008 0.8861 -0.2326
vn -0.3668 0.8109 -0.4559
vn -0.3671 0.8108 -0.4558
vn -0.2607 0.6169 -0.7426
vn -0.2250 0.6208 -0.7510
vn -0.2722 0.6154 -0.7397
vn -0.2760 0.6150 -0.7386
vn -0.2775 0.6149 -0.7382
vn -0.2781 0.6148 -0.7380
vn -0.1476 0.3499 -0.9251
vn -0.1256 0.3488 -0.9287
vn -0.1548 0.3503 -0.9238
vn -0.1572 0.3505 -0.9233
vn -0.1582 0.3506 -0.9231
vn -0.0651 0.1546 -0.9858
vn -0.0550 0.1534 -0.9866
vn -0.0685 0.1551 -0.9855
vn -0.0696 0.1553 -0.9854
vn -0.0701 0.1553 -0.9854
vn -0.0230 0.0547 -0.9982
vn -0.0193 0.0541 -0.9983
vn -0.0243 0.0549 -0.9982
vn -0.0247 0.0550 -0.9982
vn -0.0248 0.0551 -0.9982
vn -0.0056 0.0133 -0.9999
vn -0.0046 0.0131 -0.9999
vn -0.0059 0.0134 -0.9999
vn -0.2559 0.9346 -0.2470
vn -0.0035 0.0130 -0.9999
vn -0.0003 0.0013 -1.0000
vn -0.0145 0.0540 -0.9984
vn -0.0414 0.1532 -0.9873
vn -0.0948 0.3496 -0.9321
vn -0.1713 0.6276 -0.7594
vn -0.2320 0.8466 -0.4791
vn -0.7504 -0.3383 -0.5678
vn -0.7507 -0.3349 -0.5694
vn -0.5243 -0.2341 -0.8187
vn -0.5248 -0.2366 -0.8177
vn -0.7510 -0.3288 -0.5725
vn -0.5232 -0.2294 -0.8207
vn -0.7513 -0.3174 -0.5786
vn -0.5209 -0.2208 -0.8246
vn -0.7511 -0.2943 -0.5910
vn -0.5158 -0.2035 -0.8322
vn -0.7488 -0.2443 -0.6161
vn -0.5044 -0.1676 -0.8471
vn -0.7389 -0.1503 -0.6569
vn -0.4817 -0.1027 -0.8703
vn -0.2811 -0.1256 -0.9514
vn -0.2816 -0.1270 -0.9511
vn -0.2800 -0.1229 -0.9521
vn -0.2779 -0.1180 -0.9533
vn -0.2734 -0.1084 -0.9558
vn -0.2640 -0.0888 -0.9604
vn -0.2466 -0.0541 -0.9676
vn -0.1285 -0.0574 -0.9900
vn -0.1288 -0.0581 -0.9900
vn -0.1279 -0.0562 -0.9902
vn -0.1268 -0.0539 -0.9905
vn -0.1245 -0.0495 -0.9910
vn -0.1198 -0.0405 -0.9920
vn -0.1111 -0.0246 -0.9935
vn -0.0529 -0.0236 -0.9983
vn -0.0530 -0.0239 -0.9983
vn -0.0527 -0.0231 -0.9983
vn -0.0522 -0.0222 -0.9984
vn -0.0513 -0.0204 -0.9985
vn -0.0493 -0.0167 -0.9986
vn -0.0458 -0.0102 -0.9989
vn -0.0185 -0.0083 -0.9998
vn -0.0184 -0.0081 -0.9998
vn -0.0182 -0.0078 -0.9998
vn -0.0179 -0.0072 -0.9998
vn -0.0173 -0.0059 -0.9998
vn -0.0161 -0.0037 -0.9999
vn -0.0044 -0.0019 -1.0000
vn -0.0044 -0.0018 -1.0000
vn -0.0042 -0.0015 -1.0000
vn -0.0040 -0.0009 -1.0000
vn -0.7182 -0.0503 -0.6940
vn -0.4508 -0.0340 -0.8920
vn -0.2249 -0.0176 -0.9742
vn -0.1005 -0.0080 -0.9949
vn -0.0413 -0.0033 -0.9991
vn -0.0145 -0.0012 -0.9999
vn -0.0035 -0.0003 -1.0000
vn -0.0004 -0.0000 -1.0000
vn -0.0004 -0.0001 -1.0000
vn 0.3972 -0.5082 -0.7642
vn 0.3458 -0.5219 -0.7797
vn 0.2009 -0.3012 -0.9321
vn 0.2342 -0.2976 -0.9255
vn 0.2924 -0.5341 -0.7932
vn 0.1677 -0.3043 -0.9377
vn 0.2370 -0.5445 -0.8046
vn 0.1345 -0.3069 -0.9422
vn 0.1799 -0.5528 -0.8137
vn 0.1012 -0.3089 -0.9457
vn 0.1211 -0.5590 -0.8203
vn 0.0677 -0.3104 -0.9482
vn 0.0610 -0.5628 -0.8243
vn 0.0340 -0.3114 -0.9497
vn 0.0962 -0.1438 -0.9849
vn 0.1129 -0.1430 -0.9833
vn 0.0798 -0.1444 -0.9863
vn 0.0637 -0.1450 -0.9874
vn 0.0478 -0.1454 -0.9882
vn 0.0319 -0.1457 -0.9888
vn 0.0160 -0.1459 -0.9892
vn 0.0425 -0.0635 -0.9971
vn 0.0500 -0.0632 -0.9967
vn 0.0352 -0.0637 -0.9974
vn 0.0281 -0.0638 -0.9976
vn 0.0210 -0.0640 -0.9977
vn 0.0140 -0.0641 -0.9978
vn 0.0070 -0.0641 -0.9979
vn 0.0174 -0.0260 -0.9995
vn 0.0205 -0.0259 -0.9995
vn 0.0144 -0.0260 -0.9996
vn 0.0115 -0.0261 -0.9996
vn 0.0086 -0.0261 -0.9996
vn 0.0057 -0.0262 -0.9996
vn 0.0029 -0.0262 -0.9997
vn 0.0061 -0.0091 -0.9999
vn 0.0072 -0.0090 -0.9999
vn 0.0051 -0.0091 -0.9999
vn 0.0040 -0.0091 -1.0000
vn 0.0030 -0.0091 -1.0000
vn 0.0020 -0.0092 -1.0000
vn 0.0010 -0.0092 -1.0000
vn 0.0015 -0.0022 -1.0000
vn 0.0018 -0.0022 -1.0000
vn 0.0012 -0.0022 -1.0000
vn 0.0010 -0.0022 -1.0000
vn 0.0007 -0.0022 -1.0000
vn 0.0005 -0.0022 -1.0000
vn 0.0002 -0.0022 -1.0000
vn -0.0000 -0.5641 -0.8257
vn -0.0000 -0.3117 -0.9502
vn -0.0000 -0.1460 -0.9893
vn -0.0000 -0.0642 -0.9979
vn -0.0000 -0.0262 -0.9997
vn -0.0000 -0.0092 -1.0000
vn -0.0000 -0.0022 -1.0000
vn -0.0000 -0.0002 -1.0000
vn 0.0001 -0.0002 -1.0000
vn -0.6992 0.0164 -0.7148
vn -0.6810 0.0719 -0.7288
vn -0.4130 0.0424 -0.9097
vn -0.4296 0.0087 -0.9030
vn -0.6586 0.1308 -0.7410
vn -0.3949 0.0773 -0.9155
vn -0.6315 0.1927 -0.7510
vn -0.3751 0.1136 -0.9200
vn -0.5991 0.2574 -0.7582
vn -0.3533 0.1512 -0.9232
vn -0.5608 0.3242 -0.7619
vn -0.3294 0.1902 -0.9248
vn -0.5162 0.3921 -0.7614
vn -0.3032 0.2306 -0.9246
vn -0.2020 0.0204 -0.9792
vn -0.2116 0.0039 -0.9774
vn -0.1919 0.0373 -0.9807
vn -0.1814 0.0547 -0.9819
vn -0.1703 0.0727 -0.9827
vn -0.1585 0.0915 -0.9831
vn -0.1458 0.1110 -0.9831
vn -0.0897 0.0090 -0.9959
vn -0.0942 0.0017 -0.9956
vn -0.0851 0.0165 -0.9962
vn -0.0804 0.0242 -0.9965
vn -0.0754 0.0322 -0.9966
vn -0.0701 0.0404 -0.9967
vn -0.0645 0.0491 -0.9967
vn -0.0368 0.0037 -0.9993
vn -0.0386 0.0007 -0.9993
vn -0.0349 0.0067 -0.9994
vn -0.0329 0.0099 -0.9994
vn -0.0309 0.0132 -0.9994
vn -0.0287 0.0166 -0.9995
vn -0.0264 0.0201 -0.9994
vn -0.0129 0.0013 -0.9999
vn -0.0135 0.0002 -0.9999
vn -0.0122 0.0023 -0.9999
vn -0.0115 0.0034 -0.9999
vn -0.0108 0.0046 -0.9999
vn -0.0100 0.0058 -0.9999
vn -0.0092 0.0070 -0.9999
vn -0.0031 0.0003 -1.0000
vn -0.0033 -0.0000 -1.0000
vn -0.0030 0.0006 -1.0000
vn -0.0028 0.0008 -1.0000
vn -0.0026 0.0011 -1.0000
vn -0.0025 0.0014 -1.0000
vn -0.0023 0.0017 -1.0000
vn -0.4654 0.4599 -0.7562
vn -0.2744 0.2722 -0.9223
vn -0.1322 0.1314 -0.9825
vn -0.0585 0.0582 -0.9966
vn -0.0240 0.0238 -0.9994
vn -0.0084 0.0084 -0.9999
vn -0.0020 0.0021 -1.0000
vn -0.0002 0.0002 -1.0000
vn -0.0002 0.0001 -1.0000
vn -0.0003 0.0001 -1.0000
vn -0.0003 -0.0000 -1.0000
vn -0.0610 -0.5628 -0.8243
vn -0.1211 -0.5590 -0.8203
vn -0.0677 -0.3104 -0.9482
vn -0.0340 -0.3113 -0.9497
vn -0.1799 -0.5528 -0.8137
vn -0.1012 -0.3089 -0.9457
vn -0.2370 -0.5445 -0.8046
vn -0.1345 -0.3069 -0.9422
vn -0.2924 -0.5341 -0.7932
vn -0.1677 -0.3043 -0.9377
vn -0.3458 -0.5219 -0.7797
vn -0.2009 -0.3012 -0.9321
vn -0.3972 -0.5082 -0.7642
vn -0.2342 -0.2975 -0.9255
vn -0.0319 -0.1457 -0.9888
vn -0.0160 -0.1459 -0.9892
vn -0.0478 -0.1454 -0.9882
vn -0.0637 -0.1450 -0.9874
vn -0.0798 -0.1444 -0.9863
vn -0.0962 -0.1438 -0.9849
vn -0.1129 -0.1430 -0.9833
vn -0.0140 -0.0641 -0.9978
vn -0.0070 -0.0641 -0.9979
vn -0.0210 -0.0640 -0.9977
vn -0.0281 -0.0638 -0.9976
vn -0.0352 -0.0637 -0.9974
vn -0.0425 -0.0635 -0.9971
vn -0.0500 -0.0632 -0.9967
vn -0.0057 -0.0262 -0.9996
vn -0.0029 -0.0262 -0.9997
vn -0.0086 -0.0261 -0.9996
vn -0.0115 -0.0261 -0.9996
vn -0.0144 -0.0260 -0.9996
vn -0.0174 -0.0260 -0.9995
vn -0.0205 -0.0259 -0.9995
vn -0.0020 -0.0092 -1.0000
vn -0.0010 -0.0092 -1.0000
vn -0.0030 -0.0091 -1.0000
vn -0.0040 -0.0091 -1.0000
vn -0.0051 -0.0091 -0.9999
vn -0.0061 -0.0091 -0.9999
vn -0.0072 -0.0090 -0.9999
vn -0.0005 -0.0022 -1.0000
vn -0.0002 -0.0022 -1.0000
vn -0.0007 -0.0022 -1.0000
vn -0.0010 -0.0022 -1.0000
vn -0.0012 -0.0022 -1.0000
vn -0.0015 -0.0022 -1.0000
vn -0.0018 -0.0022 -1.0000
vn -0.4614 -0.4887 -0.7404
vn -0.2797 -0.2928 -0.9143
vn -0.1368 -0.1425 -0.9803
vn -0.0608 -0.0632 -0.9961
vn -0.0250 -0.0259 -0.9994
vn -0.0088 -0.0091 -0.9999
vn -0.0022 -0.0022 -1.0000
vn -0.0002 -0.0002 -1.0000
vn -0.0001 -0.0002 -1.0000
vn -0.4092 0.5255 -0.7459
vn -0.3490 0.5870 -0.7305
vn -0.2101 0.3567 -0.9103
vn -0.2433 0.3144 -0.9176
vn -0.2861 0.6434 -0.7100
vn -0.1750 0.3987 -0.9002
vn -0.2218 0.6940 -0.6850
vn -0.1381 0.4403 -0.8872
vn -0.1571 0.7384 -0.6558
vn -0.0995 0.4812 -0.8709
vn -0.0931 0.7765 -0.6232
vn -0.0595 0.5212 -0.8514
vn -0.0306 0.8085 -0.5877
vn -0.0181 0.5600 -0.8283
vn -0.1023 0.1746 -0.9793
vn -0.1177 0.1527 -0.9812
vn -0.0860 0.1974 -0.9766
vn -0.0686 0.2211 -0.9728
vn -0.0500 0.2459 -0.9680
vn -0.0300 0.2720 -0.9618
vn -0.0085 0.2996 -0.9540
vn -0.0454 0.0776 -0.9959
vn -0.0522 0.0677 -0.9963
vn -0.0382 0.0880 -0.9954
vn -0.0306 0.0990 -0.9946
vn -0.0223 0.1107 -0.9936
vn -0.0134 0.1233 -0.9923
vn -0.0037 0.1370 -0.9906
vn -0.0186 0.0318 -0.9993
vn -0.0213 0.0278 -0.9994
vn -0.0156 0.0361 -0.9992
vn -0.0125 0.0407 -0.9991
vn -0.0091 0.0455 -0.9989
vn -0.0055 0.0508 -0.9987
vn -0.0014 0.0565 -0.9984
vn -0.0065 0.0112 -0.9999
vn -0.0075 0.0097 -0.9999
vn -0.0055 0.0127 -0.9999
vn -0.0044 0.0143 -0.9999
vn -0.0032 0.0160 -0.9999
vn -0.0019 0.0178 -0.9998
vn -0.0005 0.0198 -0.9998
vn -0.0016 0.0027 -1.0000
vn -0.0018 0.0024 -1.0000
vn -0.0013 0.0031 -1.0000
vn -0.0011 0.0035 -1.0000
vn -0.0008 0.0039 -1.0000
vn -0.0004 0.0044 -1.0000
vn -0.0001 0.0049 -1.0000
vn 0.0372 0.8375 -0.5452
vn 0.0308 0.6031 -0.7971
vn 0.0189 0.3343 -0.9423
vn 0.0091 0.1550 -0.9879
vn 0.0039 0.0642 -0.9979
vn 0.0014 0.0226 -0.9997
vn 0.0004 0.0056 -1.0000
vn -0.0001 0.0004 -1.0000
vn -0.0001 0.0003 -1.0000
vn -0.0002 0.0003 -1.0000
vn -0.5602 -0.4508 -0.6949
vn -0.6517 -0.4051 -0.6412
vn -0.4336 -0.2655 -0.8611
vn -0.3585 -0.2818 -0.8900
vn -0.7013 -0.3765 -0.6053
vn -0.4778 -0.2546 -0.8408
vn -0.7245 -0.3619 -0.5866
vn -0.4999 -0.2488 -0.8295
vn -0.7359 -0.3543 -0.5771
vn -0.5112 -0.2457 -0.8236
vn -0.7418 -0.3501 -0.5721
vn -0.5172 -0.2438 -0.8204
vn -0.7450 -0.3475 -0.5694
vn -0.5205 -0.2426 -0.8187
vn -0.2251 -0.1366 -0.9647
vn -0.1813 -0.1408 -0.9733
vn -0.2519 -0.1336 -0.9585
vn -0.2658 -0.1320 -0.9549
vn -0.2731 -0.1311 -0.9530
vn -0.2769 -0.1305 -0.9520
vn -0.2791 -0.1301 -0.9514
vn -0.1019 -0.0616 -0.9929
vn -0.0814 -0.0630 -0.9947
vn -0.1145 -0.0606 -0.9916
vn -0.1212 -0.0601 -0.9908
vn -0.1247 -0.0598 -0.9904
vn -0.1265 -0.0596 -0.9902
vn -0.1276 -0.0594 -0.9900
vn -0.0420 -0.0253 -0.9988
vn -0.0336 -0.0258 -0.9991
vn -0.0472 -0.0249 -0.9986
vn -0.0499 -0.0247 -0.9984
vn -0.0513 -0.0246 -0.9984
vn -0.0521 -0.0245 -0.9983
vn -0.0525 -0.0245 -0.9983
vn -0.0148 -0.0089 -0.9999
vn -0.0119 -0.0091 -0.9999
vn -0.0165 -0.0087 -0.9998
vn -0.0174 -0.0086 -0.9998
vn -0.0179 -0.0086 -0.9998
vn -0.0182 -0.0086 -0.9998
vn -0.0183 -0.0085 -0.9998
vn -0.0037 -0.0022 -1.0000
vn -0.0030 -0.0022 -1.0000
vn -0.0040 -0.0021 -1.0000
vn -0.0043 -0.0021 -1.0000
vn -0.0044 -0.0021 -1.0000
vn -0.0003 -0.0002 -1.0000
vn 0.1284 0.8667 -0.4820
vn 0.2276 0.8869 -0.4020
vn 0.1902 0.7200 -0.6674
vn 0.1048 0.6615 -0.7426
vn 0.2993 0.8932 -0.3355
vn 0.2579 0.7608 -0.5955
vn 0.3415 0.8931 -0.2929
vn 0.3013 0.7841 -0.5426
vn 0.3654 0.8915 -0.2679
vn 0.3273 0.7965 -0.5084
vn 0.3793 0.8899 -0.2533
vn 0.3427 0.8032 -0.4873
vn 0.3876 0.8888 -0.2446
vn 0.3521 0.8068 -0.4744
vn 0.1257 0.4596 -0.8792
vn 0.0659 0.3918 -0.9177
vn 0.1779 0.5160 -0.8379
vn 0.2150 0.5548 -0.8037
vn 0.2390 0.5791 -0.7795
vn 0.2540 0.5938 -0.7634
vn 0.2635 0.6028 -0.7532
vn 0.0640 0.2303 -0.9710
vn 0.0324 0.1878 -0.9817
vn 0.0938 0.2695 -0.9584
vn 0.1165 0.2989 -0.9471
vn 0.1320 0.3187 -0.9386
vn 0.1421 0.3314 -0.9327
vn 0.1485 0.3394 -0.9289
vn 0.0274 0.0977 -0.9948
vn 0.0138 0.0786 -0.9968
vn 0.0405 0.1158 -0.9925
vn 0.0507 0.1297 -0.9903
vn 0.0578 0.1394 -0.9885
vn 0.0625 0.1457 -0.9874
vn 0.0655 0.1497 -0.9866
vn 0.0099 0.0346 -0.9994
vn 0.0050 0.0278 -0.9996
vn 0.0145 0.0411 -0.9991
vn 0.0181 0.0460 -0.9988
vn 0.0205 0.0494 -0.9986
vn 0.0222 0.0516 -0.9984
vn 0.0233 0.0531 -0.9983
vn 0.0025 0.0086 -1.0000
vn 0.0013 0.0069 -1.0000
vn 0.0036 0.0102 -0.9999
vn 0.0045 0.0113 -0.9999
vn 0.0051 0.0121 -0.9999
vn 0.0054 0.0126 -0.9999
vn 0.0057 0.0129 -0.9999
vn 0.0005 0.0012 -1.0000
vn 0.0005 0.0011 -1.0000
vn 0.0004 0.0010 -1.0000
vn 0.0003 0.0009 -1.0000
vn 0.0001 0.0007 -1.0000
vn 0.1882 0.9495 -0.2510
vn 0.1296 0.9586 -0.2535
vn 0.1169 0.8644 -0.4889
vn 0.1701 0.8578 -0.4850
vn 0.0660 0.9646 -0.2552
vn 0.0595 0.8688 -0.4916
vn -0.0002 0.9667 -0.2558
vn -0.0002 0.8703 -0.4925
vn -0.0664 0.9646 -0.2552
vn -0.0598 0.8688 -0.4916
vn -0.1299 0.9586 -0.2535
vn -0.1172 0.8644 -0.4889
vn -0.1885 0.9495 -0.2510
vn -0.1704 0.8578 -0.4849
vn 0.0857 0.6355 -0.7674
vn 0.1252 0.6329 -0.7640
vn 0.0435 0.6371 -0.7696
vn -0.0001 0.6377 -0.7703
vn -0.0437 0.6371 -0.7696
vn -0.0859 0.6354 -0.7674
vn -0.1254 0.6329 -0.7640
vn 0.0471 0.3513 -0.9351
vn 0.0691 0.3511 -0.9338
vn 0.0239 0.3514 -0.9359
vn -0.0001 0.3514 -0.9362
vn -0.0240 0.3514 -0.9359
vn -0.0473 0.3513 -0.9351
vn -0.0693 0.3511 -0.9338
vn 0.0205 0.1535 -0.9879
vn 0.0302 0.1536 -0.9877
vn 0.0104 0.1534 -0.9881
vn -0.0000 0.1533 -0.9882
vn -0.0104 0.1534 -0.9881
vn -0.0206 0.1535 -0.9879
vn -0.0302 0.1536 -0.9877
vn 0.0072 0.0541 -0.9985
vn 0.0106 0.0542 -0.9985
vn 0.0036 0.0541 -0.9985
vn -0.0000 0.0540 -0.9985
vn -0.0037 0.0541 -0.9985
vn -0.0072 0.0541 -0.9985
vn -0.0106 0.0542 -0.9985
vn 0.0017 0.0131 -0.9999
vn 0.0026 0.0131 -0.9999
vn 0.0009 0.0131 -0.9999
vn -0.0000 0.0131 -0.9999
vn -0.0009 0.0131 -0.9999
vn -0.0017 0.0131 -0.9999
vn -0.0026 0.0131 -0.9999
vn -0.0002 0.0013 -1.0000
vn -0.0001 0.0013 -1.0000
vn -0.0000 0.0013 -1.0000
vn 0.0001 0.0013 -1.0000
vn 0.0002 0.0013 -1.0000
vn 0.7389 -0.1503 -0.6569
vn 0.7488 -0.2443 -0.6161
vn 0.5044 -0.1676 -0.8470
vn 0.4817 -0.1027 -0.8703
vn 0.7511 -0.2943 -0.5910
vn 0.5158 -0.2035 -0.8322
vn 0.7513 -0.3174 -0.5786
vn 0.5209 -0.2208 -0.8246
vn 0.7510 -0.3288 -0.5725
vn 0.5232 -0.2294 -0.8207
vn 0.7507 -0.3349 -0.5694
vn 0.5243 -0.2340 -0.8187
vn 0.7504 -0.3383 -0.5678
vn 0.5248 -0.2366 -0.8177
vn 0.2640 -0.0888 -0.9604
vn 0.2466 -0.0541 -0.9676
vn 0.2734 -0.1084 -0.9558
vn 0.2779 -0.1180 -0.9533
vn 0.2800 -0.1229 -0.9521
vn 0.2811 -0.1256 -0.9514
vn 0.2816 -0.1270 -0.9511
vn 0.1198 -0.0405 -0.9920
vn 0.1111 -0.0246 -0.9935
vn 0.1245 -0.0495 -0.9910
vn 0.1268 -0.0539 -0.9905
vn 0.1279 -0.0562 -0.9902
vn 0.1285 -0.0574 -0.9900
vn 0.1288 -0.0581 -0.9900
vn 0.0493 -0.0167 -0.9986
vn 0.0458 -0.0102 -0.9989
vn 0.0513 -0.0204 -0.9985
vn 0.0522 -0.0222 -0.9984
vn 0.0527 -0.0231 -0.9983
vn 0.0529 -0.0236 -0.9983
vn 0.0530 -0.0239 -0.9983
vn 0.0173 -0.0059 -0.9998
vn 0.0161 -0.0037 -0.9999
vn 0.0179 -0.0072 -0.9998
vn 0.0182 -0.0078 -0.9998
vn 0.0184 -0.0081 -0.9998
vn 0.0185 -0.0083 -0.9998
vn 0.0042 -0.0015 -1.0000
vn 0.0040 -0.0009 -1.0000
vn 0.0044 -0.0018 -1.0000
vn 0.0044 -0.0019 -1.0000
vn 0.0045 -0.0020 -1.0000
vn 0.7182 -0.0503 -0.6940
vn 0.7502 -0.3403 -0.5670
vn 0.5249 -0.2381 -0.8171
vn 0.2818 -0.1279 -0.9509
vn 0.1289 -0.0585 -0.9899
vn 0.0531 -0.0241 -0.9983
vn 0.0185 -0.0084 -0.9998
vn 0.0005 -0.0002 -1.0000
vn 0.0004 -0.0001 -1.0000
vn 0.0035 -0.0003 -1.0000
vn 0.0004 -0.0000 -1.0000
vn 0.0145 -0.0012 -0.9999
vn 0.0413 -0.0033 -0.9991
vn 0.1005 -0.0080 -0.9949
vn 0.2249 -0.0176 -0.9742
vn 0.4508 -0.0340 -0.8920
vn 0.7499 -0.3415 -0.5666
vn 0.7497 -0.3422 -0.5664
vn 0.5249 -0.2396 -0.8168
vn 0.5249 -0.2390 -0.8169
vn 0.7495 -0.3428 -0.5664
vn 0.5247 -0.2400 -0.8167
vn 0.7492 -0.3433 -0.5664
vn 0.5245 -0.2403 -0.8168
vn 0.7489 -0.3438 -0.5665
vn 0.5243 -0.2407 -0.8168
vn 0.7485 -0.3443 -0.5667
vn 0.5239 -0.2410 -0.8170
vn 0.7479 -0.3450 -0.5671
vn 0.5233 -0.2414 -0.8172
vn 0.2819 -0.1287 -0.9508
vn 0.2819 -0.1284 -0.9508
vn 0.2818 -0.1289 -0.9508
vn 0.2817 -0.1291 -0.9508
vn 0.2816 -0.1292 -0.9508
vn 0.2813 -0.1294 -0.9508
vn 0.2810 -0.1296 -0.9509
vn 0.1289 -0.0588 -0.9899
vn 0.1289 -0.0587 -0.9899
vn 0.1289 -0.0589 -0.9899
vn 0.1288 -0.0590 -0.9899
vn 0.1288 -0.0591 -0.9899
vn 0.1286 -0.0592 -0.9899
vn 0.1285 -0.0592 -0.9899
vn 0.0531 -0.0242 -0.9983
vn 0.0531 -0.0243 -0.9983
vn 0.0530 -0.0243 -0.9983
vn 0.0530 -0.0244 -0.9983
vn 0.0529 -0.0244 -0.9983
vn 0.0185 -0.0085 -0.9998
vn 0.5162 0.3921 -0.7614
vn 0.5608 0.3242 -0.7619
vn 0.3294 0.1902 -0.9248
vn 0.3032 0.2306 -0.9246
vn 0.5991 0.2574 -0.7582
vn 0.3533 0.1512 -0.9232
vn 0.6316 0.1927 -0.7510
vn 0.3751 0.1136 -0.9200
vn 0.6586 0.1308 -0.7410
vn 0.3949 0.0773 -0.9155
vn 0.6810 0.0719 -0.7288
vn 0.4130 0.0424 -0.9097
vn 0.6992 0.0164 -0.7148
vn 0.4296 0.0087 -0.9030
vn 0.1585 0.0915 -0.9831
vn 0.1458 0.1110 -0.9831
vn 0.1703 0.0727 -0.9827
vn 0.1814 0.0547 -0.9819
vn 0.1919 0.0373 -0.9807
vn 0.2020 0.0204 -0.9792
vn 0.2116 0.0039 -0.9774
vn 0.0701 0.0404 -0.9967
vn 0.0645 0.0491 -0.9967
vn 0.0754 0.0322 -0.9966
vn 0.0804 0.0242 -0.9965
vn 0.0851 0.0165 -0.9962
vn 0.0897 0.0090 -0.9959
vn 0.0942 0.0017 -0.9956
vn 0.0287 0.0166 -0.9995
vn 0.0264 0.0201 -0.9994
vn 0.0309 0.0132 -0.9994
vn 0.0329 0.0099 -0.9994
vn 0.0349 0.0067 -0.9994
vn 0.0368 0.0037 -0.9993
vn 0.0386 0.0007 -0.9993
vn 0.0100 0.0058 -0.9999
vn 0.0092 0.0070 -0.9999
vn 0.0108 0.0046 -0.9999
vn 0.0115 0.0034 -0.9999
vn 0.0122 0.0023 -0.9999
vn 0.0129 0.0013 -0.9999
vn 0.0135 0.0002 -0.9999
vn 0.0025 0.0014 -1.0000
vn 0.0023 0.0017 -1.0000
vn 0.0026 0.0011 -1.0000
vn 0.0028 0.0008 -1.0000
vn 0.0030 0.0006 -1.0000
vn 0.0031 0.0003 -1.0000
vn 0.0033 -0.0000 -1.0000
vn 0.0003 -0.0000 -1.0000
vn 0.0003 0.0001 -1.0000
vn 0.0002 0.0001 -1.0000
vn -0.0000 -0.0000 -1.0000
vn 0.0001 -0.0000 -1.0000
vn -0.0001 -0.0000 -1.0000
vn -0.9803 -0.1975 -0.0000
vn -0.9507 -0.3101 -0.0000
vn -0.9310 -0.3650 -0.0000
vn -0.9211 -0.3894 -0.0000
vn -0.9160 -0.4012 -0.0000
vn -0.9132 -0.4074 -0.0000
vn -0.9116 -0.4110 -0.0000
vn 0.6144 -0.7890 0.0062
vn 0.6142 -0.7888 0.0210
vn 0.5506 -0.8345 0.0221
vn 0.5508 -0.8346 0.0066
vn 0.6136 -0.7882 0.0474
vn 0.5499 -0.8337 0.0500
vn 0.6118 -0.7861 0.0886
vn 0.5481 -0.8312 0.0934
vn 0.6072 -0.7804 0.1493
vn 0.5435 -0.8245 0.1573
vn 0.5964 -0.7669 0.2369
vn 0.5329 -0.8087 0.2491
vn 0.5724 -0.7361 0.3613
vn 0.5093 -0.7731 0.3781
vn 0.4784 -0.8779 0.0232
vn 0.4786 -0.8780 0.0069
vn 0.4778 -0.8769 0.0525
vn 0.4760 -0.8740 0.0980
vn 0.4716 -0.8662 0.1649
vn 0.4615 -0.8480 0.2606
vn 0.4394 -0.8074 0.3937
vn 0.3974 -0.9173 0.0242
vn 0.3976 -0.9175 0.0072
vn 0.3968 -0.9163 0.0548
vn 0.3952 -0.9129 0.1022
vn 0.3913 -0.9041 0.1718
vn 0.3822 -0.8835 0.2709
vn 0.3626 -0.8381 0.4076
vn 0.3078 -0.9511 0.0251
vn 0.3080 -0.9514 0.0075
vn 0.3073 -0.9499 0.0567
vn 0.3060 -0.9461 0.1058
vn 0.3028 -0.9364 0.1777
vn 0.2953 -0.9136 0.2797
vn 0.2792 -0.8638 0.4193
vn 0.2105 -0.9772 0.0258
vn 0.2106 -0.9775 0.0077
vn 0.2102 -0.9759 0.0582
vn 0.2092 -0.9718 0.1085
vn 0.2069 -0.9613 0.1822
vn 0.2015 -0.9367 0.2864
vn 0.1901 -0.8835 0.4282
vn 0.1071 -0.9939 0.0262
vn 0.1072 -0.9942 0.0078
vn 0.1069 -0.9925 0.0592
vn 0.1064 -0.9882 0.1103
vn 0.1052 -0.9771 0.1850
vn 0.1024 -0.9513 0.2906
vn 0.0964 -0.8959 0.4337
vn 0.6844 -0.7291 0.0007
vn 0.6843 -0.7291 0.0058
vn 0.6145 -0.7889 0.0008
vn 0.6841 -0.7291 0.0195
vn 0.6834 -0.7287 0.0440
vn 0.6816 -0.7271 0.0822
vn 0.6771 -0.7227 0.1388
vn 0.6667 -0.7119 0.2209
vn 0.6431 -0.6869 0.3386
vn 0.5874 -0.6269 0.5118
vn 0.5170 -0.6646 0.5395
vn 0.4563 -0.6921 0.5593
vn 0.3907 -0.7172 0.5771
vn 0.3201 -0.7391 0.5927
vn 0.2451 -0.7572 0.6054
vn 0.1661 -0.7709 0.6150
vn 0.0840 -0.7794 0.6209
vn -0.0000 -0.7823 0.6229
vn -0.0000 -0.9001 0.4357
vn -0.0000 -0.9564 0.2921
vn -0.0000 -0.9825 0.1860
vn -0.0000 -0.9938 0.1109
vn -0.0000 -0.9982 0.0595
vn -0.0000 -0.9997 0.0263
vn -0.0000 -1.0000 0.0078
vn 0.1072 -0.9942 0.0009
vn -0.0000 -1.0000 0.0010
vn 0.2107 -0.9776 0.0009
vn 0.3080 -0.9514 0.0009
vn 0.3976 -0.9176 0.0009
vn 0.4786 -0.8780 0.0008
vn 0.5508 -0.8346 0.0008
vn -0.4124 0.9110 0.0012
vn -0.4124 0.9110 0.0039
vn -0.4122 0.9111 0.0039
vn -0.4122 0.9111 0.0012
vn -0.4124 0.9110 0.0088
vn -0.4122 0.9111 0.0089
vn -0.4124 0.9109 0.0166
vn -0.4121 0.9110 0.0166
vn -0.4123 0.9106 0.0282
vn -0.4120 0.9107 0.0282
vn -0.4120 0.9100 0.0455
vn -0.4117 0.9102 0.0456
vn -0.4113 0.9086 0.0725
vn -0.4111 0.9087 0.0726
vn -0.4118 0.9113 0.0039
vn -0.4118 0.9113 0.0012
vn -0.4118 0.9113 0.0089
vn -0.4117 0.9112 0.0166
vn -0.4116 0.9109 0.0282
vn -0.4113 0.9103 0.0456
vn -0.4107 0.9089 0.0726
vn -0.4112 0.9115 0.0039
vn -0.4112 0.9115 0.0012
vn -0.4112 0.9115 0.0089
vn -0.4112 0.9114 0.0166
vn -0.4110 0.9112 0.0283
vn -0.4108 0.9106 0.0457
vn -0.4101 0.9091 0.0728
vn -0.4104 0.9119 0.0039
vn -0.4104 0.9119 0.0012
vn -0.4104 0.9119 0.0089
vn -0.4104 0.9118 0.0167
vn -0.4102 0.9115 0.0283
vn -0.4100 0.9109 0.0458
vn -0.4093 0.9095 0.0730
vn -0.4093 0.9124 0.0039
vn -0.4093 0.9124 0.0012
vn -0.4093 0.9124 0.0089
vn -0.4092 0.9123 0.0167
vn -0.4091 0.9120 0.0284
vn -0.4088 0.9114 0.0460
vn -0.4082 0.9100 0.0733
vn -0.4075 0.9132 0.0040
vn -0.4075 0.9132 0.0012
vn -0.4075 0.9131 0.0090
vn -0.4075 0.9131 0.0169
vn -0.4074 0.9128 0.0287
vn -0.4071 0.9122 0.0463
vn -0.4064 0.9107 0.0738
vn -0.4125 0.9109 0.0001
vn -0.4125 0.9109 0.0012
vn -0.4124 0.9110 0.0001
vn -0.4125 0.9109 0.0039
vn -0.4125 0.9109 0.0088
vn -0.4125 0.9108 0.0166
vn -0.4124 0.9106 0.0282
vn -0.4121 0.9100 0.0455
vn -0.4114 0.9086 0.0725
vn -0.4095 0.9042 0.1212
vn -0.4094 0.9043 0.1212
vn -0.4091 0.9044 0.1213
vn -0.4087 0.9045 0.1214
vn -0.4081 0.9048 0.1216
vn -0.4073 0.9051 0.1219
vn -0.4062 0.9056 0.1224
vn -0.4044 0.9062 0.1233
vn -0.4014 0.9073 0.1249
vn -0.4035 0.9119 0.0747
vn -0.4042 0.9135 0.0469
vn -0.4045 0.9141 0.0290
vn -0.4046 0.9143 0.0171
vn -0.4047 0.9144 0.0091
vn -0.4047 0.9144 0.0040
vn -0.4047 0.9144 0.0012
vn -0.4075 0.9132 0.0001
vn -0.4047 0.9144 0.0001
vn -0.4093 0.9124 0.0001
vn -0.4104 0.9119 0.0001
vn -0.4112 0.9115 0.0001
vn -0.4118 0.9113 0.0001
vn -0.4122 0.9111 0.0001
vn -0.9997 0.0242 0.0053
vn -0.9995 0.0242 0.0179
vn -0.9942 0.1060 0.0187
vn -0.9944 0.1059 0.0056
vn -0.9989 0.0243 0.0405
vn -0.9935 0.1060 0.0423
vn -0.9968 0.0244 0.0756
vn -0.9912 0.1058 0.0790
vn -0.9915 0.0244 0.1278
vn -0.9854 0.1053 0.1334
vn -0.9787 0.0242 0.2038
vn -0.9716 0.1040 0.2125
vn -0.9491 0.0236 0.3142
vn -0.9397 0.1007 0.3267
vn -0.9805 0.1956 0.0195
vn -0.9807 0.1956 0.0058
vn -0.9797 0.1955 0.0440
vn -0.9773 0.1951 0.0822
vn -0.9711 0.1940 0.1387
vn -0.9564 0.1912 0.2207
vn -0.9228 0.1846 0.3382
vn -0.9560 0.2926 0.0201
vn -0.9562 0.2926 0.0060
vn -0.9552 0.2924 0.0455
vn -0.9527 0.2917 0.0850
vn -0.9463 0.2898 0.1433
vn -0.9310 0.2852 0.2277
vn -0.8963 0.2747 0.3481
vn -0.9184 0.3952 0.0206
vn -0.9186 0.3953 0.0061
vn -0.9175 0.3949 0.0466
vn -0.9150 0.3939 0.0871
vn -0.9086 0.3911 0.1467
vn -0.8932 0.3846 0.2329
vn -0.8585 0.3697 0.3554
vn -0.8654 0.5006 0.0209
vn -0.8656 0.5006 0.0062
vn -0.8647 0.5001 0.0472
vn -0.8622 0.4988 0.0882
vn -0.8560 0.4952 0.1486
vn -0.8412 0.4866 0.2357
vn -0.8078 0.4673 0.3594
vn -0.7963 0.6045 0.0209
vn -0.7965 0.6047 0.0062
vn -0.7956 0.6040 0.0472
vn -0.7934 0.6023 0.0881
vn -0.7877 0.5979 0.1484
vn -0.7741 0.5876 0.2355
vn -0.7434 0.5643 0.3590
vn -0.9976 -0.0687 0.0006
vn -0.9976 -0.0686 0.0050
vn -0.9997 0.0241 0.0007
vn -0.9975 -0.0685 0.0168
vn -0.9969 -0.0683 0.0381
vn -0.9951 -0.0681 0.0712
vn -0.9904 -0.0675 0.1204
vn -0.9791 -0.0665 0.1923
vn -0.9525 -0.0645 0.2976
vn -0.8861 -0.0600 0.4595
vn -0.8763 0.0218 0.4812
vn -0.8628 0.0924 0.4970
vn -0.8427 0.1685 0.5113
vn -0.8148 0.2496 0.5233
vn -0.7777 0.3348 0.5321
vn -0.7303 0.4225 0.5368
vn -0.6723 0.5103 0.5363
vn -0.6038 0.5954 0.5301
vn -0.6661 0.6566 0.3538
vn -0.6927 0.6830 0.2318
vn -0.7044 0.6946 0.1460
vn -0.7093 0.6996 0.0866
vn -0.7112 0.7015 0.0464
vn -0.7118 0.7021 0.0205
vn -0.7119 0.7023 0.0061
vn -0.7965 0.6047 0.0008
vn -0.7119 0.7023 0.0007
vn -0.8657 0.5006 0.0008
vn -0.9186 0.3952 0.0008
vn -0.9562 0.2926 0.0007
vn -0.9807 0.1956 0.0007
vn -0.9944 0.1059 0.0007
vn -0.1071 -0.9942 0.0078
vn -0.1071 -0.9939 0.0262
vn -0.2105 -0.9773 0.0258
vn -0.2106 -0.9775 0.0077
vn -0.1069 -0.9925 0.0592
vn -0.2102 -0.9759 0.0582
vn -0.1064 -0.9882 0.1103
vn -0.2092 -0.9718 0.1086
vn -0.1052 -0.9771 0.1851
vn -0.2069 -0.9613 0.1822
vn -0.1024 -0.9513 0.2906
vn -0.2015 -0.9367 0.2864
vn -0.0964 -0.8959 0.4337
vn -0.1901 -0.8835 0.4282
vn -0.3078 -0.9511 0.0251
vn -0.3080 -0.9514 0.0075
vn -0.3073 -0.9499 0.0567
vn -0.3060 -0.9461 0.1058
vn -0.3028 -0.9364 0.1776
vn -0.2953 -0.9136 0.2797
vn -0.2792 -0.8638 0.4193
vn -0.3974 -0.9173 0.0242
vn -0.3976 -0.9175 0.0072
vn -0.3968 -0.9163 0.0548
vn -0.3952 -0.9129 0.1022
vn -0.3913 -0.9041 0.1718
vn -0.3822 -0.8835 0.2709
vn -0.3626 -0.8381 0.4076
vn -0.4784 -0.8778 0.0232
vn -0.4786 -0.8780 0.0069
vn -0.4778 -0.8769 0.0525
vn -0.4760 -0.8740 0.0980
vn -0.4716 -0.8662 0.1649
vn -0.4615 -0.8480 0.2606
vn -0.4394 -0.8074 0.3937
vn -0.5506 -0.8345 0.0221
vn -0.5508 -0.8346 0.0066
vn -0.5499 -0.8337 0.0500
vn -0.5481 -0.8312 0.0934
vn -0.5435 -0.8245 0.1573
vn -0.5329 -0.8087 0.2491
vn -0.5093 -0.7731 0.3781
vn -0.6142 -0.7889 0.0210
vn -0.6144 -0.7890 0.0062
vn -0.6136 -0.7882 0.0474
vn -0.6117 -0.7861 0.0886
vn -0.6072 -0.7804 0.1493
vn -0.5964 -0.7669 0.2369
vn -0.5724 -0.7361 0.3613
vn -0.1072 -0.9942 0.0010
vn -0.0840 -0.7794 0.6209
vn -0.1661 -0.7709 0.6150
vn -0.2451 -0.7572 0.6054
vn -0.3201 -0.7391 0.5927
vn -0.3907 -0.7172 0.5771
vn -0.4563 -0.6921 0.5593
vn -0.5170 -0.6645 0.5395
vn -0.5874 -0.6269 0.5118
vn -0.6431 -0.6869 0.3387
vn -0.6667 -0.7119 0.2209
vn -0.6771 -0.7227 0.1388
vn -0.6816 -0.7271 0.0822
vn -0.6834 -0.7287 0.0440
vn -0.6841 -0.7291 0.0195
vn -0.6843 -0.7291 0.0058
vn -0.6145 -0.7889 0.0008
vn -0.6844 -0.7291 0.0007
vn -0.5508 -0.8346 0.0008
vn -0.4786 -0.8780 0.0008
vn -0.3976 -0.9175 0.0009
vn -0.3080 -0.9514 0.0009
vn -0.2107 -0.9776 0.0009
vn 0.4124 0.9110 0.0012
vn 0.4122 0.9111 0.0012
vn 0.4122 0.9111 0.0039
vn 0.4124 0.9110 0.0039
vn 0.4118 0.9113 0.0012
vn 0.4118 0.9113 0.0039
vn 0.4112 0.9115 0.0012
vn 0.4112 0.9115 0.0039
vn 0.4104 0.9119 0.0012
vn 0.4104 0.9119 0.0039
vn 0.4093 0.9124 0.0012
vn 0.4093 0.9124 0.0039
vn 0.4075 0.9132 0.0012
vn 0.4075 0.9132 0.0040
vn 0.4122 0.9111 0.0089
vn 0.4124 0.9110 0.0088
vn 0.4118 0.9113 0.0089
vn 0.4112 0.9115 0.0089
vn 0.4104 0.9119 0.0089
vn 0.4093 0.9124 0.0089
vn 0.4075 0.9131 0.0090
vn 0.4121 0.9110 0.0166
vn 0.4124 0.9109 0.0166
vn 0.4117 0.9112 0.0166
vn 0.4112 0.9114 0.0166
vn 0.4104 0.9118 0.0167
vn 0.4092 0.9123 0.0167
vn 0.4075 0.9131 0.0169
vn 0.4120 0.9107 0.0282
vn 0.4123 0.9106 0.0282
vn 0.4116 0.9109 0.0282
vn 0.4110 0.9112 0.0283
vn 0.4102 0.9115 0.0283
vn 0.4091 0.9120 0.0284
vn 0.4074 0.9128 0.0287
vn 0.4117 0.9102 0.0456
vn 0.4120 0.9100 0.0455
vn 0.4113 0.9103 0.0456
vn 0.4108 0.9106 0.0457
vn 0.4100 0.9109 0.0458
vn 0.4088 0.9114 0.0460
vn 0.4071 0.9122 0.0463
vn 0.4111 0.9087 0.0726
vn 0.4113 0.9086 0.0725
vn 0.4107 0.9089 0.0726
vn 0.4101 0.9091 0.0728
vn 0.4093 0.9095 0.0730
vn 0.4082 0.9100 0.0733
vn 0.4064 0.9107 0.0738
vn 0.4125 0.9110 0.0001
vn 0.4124 0.9110 0.0001
vn 0.4125 0.9109 0.0012
vn 0.4122 0.9111 0.0001
vn 0.4118 0.9113 0.0001
vn 0.4112 0.9115 0.0001
vn 0.4104 0.9119 0.0001
vn 0.4093 0.9124 0.0001
vn 0.4075 0.9132 0.0001
vn 0.4047 0.9144 0.0001
vn 0.4047 0.9144 0.0012
vn 0.4047 0.9144 0.0040
vn 0.4047 0.9144 0.0091
vn 0.4046 0.9143 0.0171
vn 0.4045 0.9141 0.0290
vn 0.4042 0.9135 0.0469
vn 0.4035 0.9119 0.0747
vn 0.4014 0.9073 0.1249
vn 0.4044 0.9062 0.1233
vn 0.4062 0.9056 0.1224
vn 0.4073 0.9051 0.1219
vn 0.4081 0.9048 0.1216
vn 0.4087 0.9045 0.1214
vn 0.4091 0.9044 0.1213
vn 0.4094 0.9043 0.1212
vn 0.4114 0.9086 0.0725
vn 0.4095 0.9042 0.1212
vn 0.4121 0.9100 0.0455
vn 0.4124 0.9106 0.0282
vn 0.4125 0.9108 0.0166
vn 0.4125 0.9109 0.0088
vn 0.4125 0.9109 0.0039
vn -0.6154 0.7882 0.0059
vn -0.6153 0.7880 0.0198
vn -0.5123 0.8586 0.0189
vn -0.5123 0.8588 0.0056
vn -0.6149 0.7873 0.0448
vn -0.5120 0.8579 0.0426
vn -0.6134 0.7853 0.0838
vn -0.5110 0.8559 0.0797
vn -0.6095 0.7801 0.1412
vn -0.5081 0.8507 0.1345
vn -0.6001 0.7678 0.2245
vn -0.5010 0.8385 0.2142
vn -0.5784 0.7399 0.3436
vn -0.4845 0.8106 0.3290
vn -0.4077 0.9130 0.0177
vn -0.4076 0.9131 0.0053
vn -0.4075 0.9123 0.0400
vn -0.4068 0.9104 0.0748
vn -0.4049 0.9056 0.1263
vn -0.4000 0.8941 0.2015
vn -0.3883 0.8675 0.3109
vn -0.3056 0.9520 0.0164
vn -0.3055 0.9522 0.0049
vn -0.3055 0.9515 0.0371
vn -0.3051 0.9498 0.0693
vn -0.3040 0.9455 0.1172
vn -0.3009 0.9351 0.1874
vn -0.2933 0.9109 0.2904
vn -0.2089 0.9778 0.0150
vn -0.2088 0.9779 0.0045
vn -0.2089 0.9773 0.0340
vn -0.2088 0.9759 0.0636
vn -0.2082 0.9721 0.1076
vn -0.2066 0.9631 0.1724
vn -0.2023 0.9418 0.2685
vn -0.1194 0.9927 0.0137
vn -0.1194 0.9928 0.0041
vn -0.1195 0.9924 0.0309
vn -0.1195 0.9911 0.0579
vn -0.1194 0.9880 0.0981
vn -0.1187 0.9804 0.1574
vn -0.1168 0.9622 0.2461
vn -0.0378 0.9992 0.0124
vn -0.0377 0.9993 0.0037
vn -0.0379 0.9989 0.0280
vn -0.0380 0.9979 0.0524
vn -0.0381 0.9953 0.0887
vn -0.0381 0.9890 0.1427
vn -0.0379 0.9739 0.2240
vn -0.6154 0.7882 0.0007
vn -0.5268 0.6741 0.5177
vn -0.4443 0.7436 0.4997
vn -0.3590 0.8024 0.4768
vn -0.2737 0.8500 0.4501
vn -0.1906 0.8869 0.4208
vn -0.1112 0.9141 0.3899
vn -0.0366 0.9329 0.3584
vn 0.0406 0.9454 0.3234
vn 0.0425 0.9789 0.2001
vn 0.0435 0.9910 0.1270
vn 0.0440 0.9959 0.0788
vn 0.0444 0.9979 0.0465
vn 0.0446 0.9987 0.0248
vn 0.0447 0.9989 0.0110
vn 0.0449 0.9990 0.0033
vn -0.0376 0.9993 0.0005
vn 0.0449 0.9990 0.0004
vn -0.1193 0.9929 0.0005
vn -0.2088 0.9780 0.0005
vn -0.3054 0.9522 0.0006
vn -0.4076 0.9132 0.0006
vn -0.5123 0.8588 0.0007
vn -0.7759 -0.6308 0.0051
vn -0.7757 -0.6309 0.0170
vn -0.8484 -0.5292 0.0144
vn -0.8485 -0.5292 0.0043
vn -0.7750 -0.6308 0.0384
vn -0.8479 -0.5292 0.0325
vn -0.7734 -0.6299 0.0718
vn -0.8466 -0.5287 0.0609
vn -0.7694 -0.6272 0.1214
vn -0.8435 -0.5271 0.1032
vn -0.7601 -0.6202 0.1941
vn -0.8362 -0.5229 0.1656
vn -0.7389 -0.6032 0.3004
vn -0.8189 -0.5125 0.2584
vn -0.8809 -0.4732 0.0130
vn -0.8810 -0.4732 0.0039
vn -0.8805 -0.4731 0.0293
vn -0.8795 -0.4727 0.0549
vn -0.8770 -0.4715 0.0930
vn -0.8708 -0.4684 0.1495
vn -0.8561 -0.4607 0.2343
vn -0.8945 -0.4468 0.0123
vn -0.8946 -0.4468 0.0037
vn -0.8942 -0.4467 0.0278
vn -0.8933 -0.4463 0.0521
vn -0.8910 -0.4453 0.0883
vn -0.8854 -0.4426 0.1420
vn -0.8719 -0.4359 0.2229
vn -0.9010 -0.4337 0.0120
vn -0.9010 -0.4338 0.0036
vn -0.9007 -0.4336 0.0271
vn -0.8998 -0.4333 0.0508
vn -0.8976 -0.4322 0.0861
vn -0.8923 -0.4297 0.1384
vn -0.8794 -0.4236 0.2173
vn -0.9043 -0.4267 0.0118
vn -0.9044 -0.4267 0.0035
vn -0.9040 -0.4266 0.0268
vn -0.9032 -0.4262 0.0501
vn -0.9011 -0.4252 0.0849
vn -0.8959 -0.4228 0.1365
vn -0.8833 -0.4169 0.2145
vn -0.9062 -0.4227 0.0117
vn -0.9063 -0.4227 0.0035
vn -0.9059 -0.4226 0.0266
vn -0.9051 -0.4222 0.0497
vn -0.9030 -0.4212 0.0843
vn -0.8979 -0.4189 0.1355
vn -0.8854 -0.4131 0.2130
vn -0.7761 -0.6306 0.0006
vn -0.6870 -0.5600 0.4631
vn -0.7742 -0.4845 0.4072
vn -0.8169 -0.4397 0.3732
vn -0.8356 -0.4178 0.3567
vn -0.8444 -0.4068 0.3486
vn -0.8490 -0.4008 0.3444
vn -0.8515 -0.3973 0.3421
vn -0.8530 -0.3952 0.3409
vn -0.8867 -0.4108 0.2121
vn -0.8991 -0.4165 0.1350
vn -0.9042 -0.4189 0.0839
vn -0.9063 -0.4198 0.0495
vn -0.9071 -0.4202 0.0265
vn -0.9073 -0.4203 0.0117
vn -0.9074 -0.4203 0.0035
vn -0.9063 -0.4227 0.0004
vn -0.9074 -0.4203 0.0004
vn -0.9044 -0.4267 0.0004
vn -0.9010 -0.4337 0.0004
vn -0.8946 -0.4468 0.0004
vn -0.8810 -0.4731 0.0005
vn -0.8486 -0.5291 0.0005
vn 0.1478 0.9890 0.0027
vn 0.1476 0.9890 0.0091
vn 0.2506 0.9681 0.0071
vn 0.2507 0.9681 0.0021
vn 0.1474 0.9889 0.0206
vn 0.2504 0.9680 0.0162
vn 0.1470 0.9884 0.0387
vn 0.2501 0.9677 0.0303
vn 0.1465 0.9870 0.0657
vn 0.2496 0.9670 0.0516
vn 0.1455 0.9837 0.1061
vn 0.2487 0.9650 0.0835
vn 0.1436 0.9752 0.1681
vn 0.2468 0.9599 0.1328
vn 0.3194 0.9476 0.0058
vn 0.3195 0.9476 0.0017
vn 0.3193 0.9476 0.0131
vn 0.3191 0.9474 0.0245
vn 0.3188 0.9469 0.0416
vn 0.3181 0.9457 0.0673
vn 0.3166 0.9425 0.1073
vn 0.3583 0.9336 0.0050
vn 0.3583 0.9336 0.0015
vn 0.3582 0.9336 0.0112
vn 0.3581 0.9334 0.0211
vn 0.3578 0.9331 0.0358
vn 0.3573 0.9322 0.0580
vn 0.3562 0.9298 0.0924
vn 0.3800 0.9250 0.0045
vn 0.3800 0.9250 0.0013
vn 0.3799 0.9250 0.0102
vn 0.3798 0.9249 0.0192
vn 0.3796 0.9246 0.0326
vn 0.3792 0.9238 0.0527
vn 0.3783 0.9219 0.0840
vn 0.3925 0.9197 0.0043
vn 0.3925 0.9197 0.0013
vn 0.3925 0.9197 0.0097
vn 0.3924 0.9196 0.0181
vn 0.3922 0.9193 0.0307
vn 0.3919 0.9187 0.0497
vn 0.3911 0.9169 0.0792
vn 0.4000 0.9165 0.0041
vn 0.4001 0.9165 0.0012
vn 0.4000 0.9165 0.0093
vn 0.4000 0.9164 0.0175
vn 0.3998 0.9161 0.0297
vn 0.3995 0.9155 0.0480
vn 0.3988 0.9139 0.0764
vn 0.1479 0.9890 0.0003
vn 0.1393 0.9511 0.2756
vn 0.2421 0.9449 0.2203
vn 0.3128 0.9328 0.1790
vn 0.3531 0.9228 0.1544
vn 0.3757 0.9160 0.1404
vn 0.3887 0.9118 0.1324
vn 0.3966 0.9091 0.1277
vn 0.4001 0.9165 0.0001
vn 0.3925 0.9197 0.0002
vn 0.3800 0.9250 0.0002
vn 0.3584 0.9336 0.0002
vn 0.3196 0.9476 0.0002
vn 0.2508 0.9680 0.0003
vn 0.9116 -0.4110 0.0035
vn 0.9132 -0.4074 0.0035
vn 0.9132 -0.4074 0.0117
vn 0.9116 -0.4109 0.0117
vn 0.9160 -0.4012 0.0035
vn 0.9159 -0.4011 0.0118
vn 0.9211 -0.3894 0.0036
vn 0.9210 -0.3893 0.0120
vn 0.9310 -0.3650 0.0037
vn 0.9310 -0.3649 0.0125
vn 0.9507 -0.3100 0.0040
vn 0.9507 -0.3099 0.0134
vn 0.9803 -0.1973 0.0045
vn 0.9803 -0.1971 0.0151
vn 0.9129 -0.4073 0.0266
vn 0.9113 -0.4108 0.0265
vn 0.9157 -0.4010 0.0268
vn 0.9208 -0.3892 0.0272
vn 0.9307 -0.3647 0.0282
vn 0.9504 -0.3096 0.0303
vn 0.9798 -0.1968 0.0342
vn 0.9121 -0.4069 0.0497
vn 0.9105 -0.4105 0.0495
vn 0.9149 -0.4006 0.0502
vn 0.9199 -0.3888 0.0510
vn 0.9298 -0.3643 0.0528
vn 0.9493 -0.3091 0.0567
vn 0.9784 -0.1963 0.0641
vn 0.9100 -0.4059 0.0843
vn 0.9084 -0.4095 0.0839
vn 0.9127 -0.3997 0.0850
vn 0.9177 -0.3878 0.0865
vn 0.9274 -0.3633 0.0895
vn 0.9465 -0.3080 0.0961
vn 0.9747 -0.1952 0.1084
vn 0.9048 -0.4036 0.1356
vn 0.9033 -0.4072 0.1350
vn 0.9074 -0.3973 0.1367
vn 0.9122 -0.3854 0.1390
vn 0.9215 -0.3608 0.1438
vn 0.9396 -0.3055 0.1543
vn 0.9657 -0.1930 0.1737
vn 0.8923 -0.3980 0.2130
vn 0.8909 -0.4016 0.2121
vn 0.8947 -0.3917 0.2148
vn 0.8990 -0.3797 0.2183
vn 0.9072 -0.3551 0.2256
vn 0.9229 -0.2998 0.2415
vn 0.9442 -0.1884 0.2703
vn 0.9107 -0.4131 0.0004
vn 0.9116 -0.4110 0.0004
vn 0.9107 -0.4131 0.0035
vn 0.9132 -0.4074 0.0004
vn 0.9160 -0.4012 0.0004
vn 0.9211 -0.3894 0.0004
vn 0.9310 -0.3650 0.0005
vn 0.9507 -0.3101 0.0005
vn 0.9803 -0.1974 0.0006
vn 0.9976 -0.0687 0.0006
vn 0.9976 -0.0686 0.0050
vn 0.9975 -0.0685 0.0168
vn 0.9969 -0.0683 0.0381
vn 0.9951 -0.0681 0.0712
vn 0.9904 -0.0675 0.1204
vn 0.9791 -0.0665 0.1923
vn 0.9525 -0.0645 0.2976
vn 0.8861 -0.0600 0.4595
vn 0.8886 -0.1773 0.4230
vn 0.8785 -0.2851 0.3834
vn 0.8686 -0.3398 0.3606
vn 0.8630 -0.3644 0.3499
vn 0.8599 -0.3764 0.3448
vn 0.8581 -0.3827 0.3422
vn 0.8571 -0.3863 0.3408
vn 0.8901 -0.4037 0.2117
vn 0.8564 -0.3884 0.3402
vn 0.9024 -0.4093 0.1347
vn 0.9075 -0.4116 0.0838
vn 0.9096 -0.4126 0.0494
vn 0.9104 -0.4129 0.0264
vn 0.9106 -0.4131 0.0117
vn 0.9080 -0.4189 0.0035
vn 0.9085 -0.4179 0.0035
vn 0.9084 -0.4179 0.0117
vn 0.9080 -0.4188 0.0117
vn 0.9088 -0.4172 0.0035
vn 0.9088 -0.4171 0.0116
vn 0.9091 -0.4166 0.0035
vn 0.9090 -0.4165 0.0116
vn 0.9094 -0.4159 0.0035
vn 0.9093 -0.4159 0.0116
vn 0.9097 -0.4153 0.0035
vn 0.9096 -0.4152 0.0116
vn 0.9101 -0.4144 0.0035
vn 0.9100 -0.4144 0.0116
vn 0.9082 -0.4178 0.0264
vn 0.9077 -0.4187 0.0264
vn 0.9085 -0.4170 0.0264
vn 0.9088 -0.4164 0.0263
vn 0.9091 -0.4158 0.0263
vn 0.9094 -0.4151 0.0264
vn 0.9098 -0.4142 0.0264
vn 0.9074 -0.4174 0.0494
vn 0.9069 -0.4184 0.0494
vn 0.9077 -0.4167 0.0493
vn 0.9080 -0.4160 0.0493
vn 0.9083 -0.4154 0.0493
vn 0.9086 -0.4148 0.0493
vn 0.9090 -0.4139 0.0494
vn 0.9053 -0.4164 0.0837
vn 0.9049 -0.4174 0.0838
vn 0.9056 -0.4157 0.0836
vn 0.9059 -0.4151 0.0836
vn 0.9062 -0.4145 0.0836
vn 0.9065 -0.4138 0.0836
vn 0.9069 -0.4129 0.0837
vn 0.9002 -0.4141 0.1346
vn 0.8998 -0.4151 0.1347
vn 0.9006 -0.4134 0.1345
vn 0.9009 -0.4128 0.1345
vn 0.9011 -0.4122 0.1345
vn 0.9014 -0.4115 0.1345
vn 0.9018 -0.4106 0.1345
vn 0.8879 -0.4085 0.2115
vn 0.8875 -0.4094 0.2117
vn 0.8883 -0.4078 0.2114
vn 0.8886 -0.4072 0.2113
vn 0.8889 -0.4066 0.2113
vn 0.8892 -0.4059 0.2113
vn 0.8895 -0.4050 0.2114
vn 0.9074 -0.4203 0.0004
vn 0.9081 -0.4189 0.0004
vn 0.9074 -0.4203 0.0035
vn 0.9085 -0.4179 0.0004
vn 0.9088 -0.4172 0.0004
vn 0.9091 -0.4166 0.0004
vn 0.9094 -0.4159 0.0004
vn 0.9097 -0.4153 0.0004
vn 0.9101 -0.4144 0.0004
vn 0.8559 -0.3897 0.3398
vn 0.8556 -0.3906 0.3397
vn 0.8553 -0.3912 0.3396
vn 0.8551 -0.3918 0.3397
vn 0.8548 -0.3924 0.3397
vn 0.8544 -0.3930 0.3399
vn 0.8539 -0.3939 0.3403
vn 0.8867 -0.4108 0.2121
vn 0.8530 -0.3952 0.3409
vn 0.8991 -0.4165 0.1350
vn 0.9042 -0.4189 0.0840
vn 0.9063 -0.4198 0.0495
vn 0.9071 -0.4202 0.0264
vn 0.9073 -0.4203 0.0117
vn 0.9997 0.0242 0.0053
vn 0.9944 0.1059 0.0056
vn 0.9942 0.1060 0.0187
vn 0.9995 0.0242 0.0179
vn 0.9807 0.1956 0.0058
vn 0.9805 0.1956 0.0195
vn 0.9562 0.2926 0.0060
vn 0.9560 0.2926 0.0201
vn 0.9186 0.3952 0.0061
vn 0.9184 0.3952 0.0206
vn 0.8656 0.5007 0.0062
vn 0.8655 0.5006 0.0209
vn 0.7965 0.6047 0.0062
vn 0.7963 0.6045 0.0209
vn 0.9935 0.1060 0.0423
vn 0.9989 0.0243 0.0405
vn 0.9797 0.1955 0.0440
vn 0.9552 0.2924 0.0455
vn 0.9175 0.3949 0.0466
vn 0.8647 0.5001 0.0472
vn 0.7956 0.6040 0.0472
vn 0.9912 0.1058 0.0790
vn 0.9968 0.0244 0.0756
vn 0.9773 0.1951 0.0822
vn 0.9527 0.2917 0.0850
vn 0.9150 0.3939 0.0871
vn 0.8622 0.4988 0.0882
vn 0.7934 0.6023 0.0881
vn 0.9854 0.1053 0.1334
vn 0.9915 0.0244 0.1278
vn 0.9711 0.1940 0.1387
vn 0.9463 0.2898 0.1433
vn 0.9086 0.3911 0.1467
vn 0.8560 0.4952 0.1486
vn 0.7877 0.5979 0.1484
vn 0.9716 0.1040 0.2125
vn 0.9787 0.0242 0.2038
vn 0.9564 0.1912 0.2206
vn 0.9310 0.2852 0.2277
vn 0.8932 0.3846 0.2329
vn 0.8412 0.4866 0.2357
vn 0.7741 0.5876 0.2355
vn 0.9397 0.1007 0.3267
vn 0.9491 0.0236 0.3142
vn 0.9228 0.1846 0.3382
vn 0.8963 0.2747 0.3481
vn 0.8585 0.3697 0.3554
vn 0.8078 0.4673 0.3594
vn 0.7434 0.5643 0.3590
vn 0.9997 0.0241 0.0007
vn 0.9944 0.1059 0.0007
vn 0.9807 0.1956 0.0007
vn 0.9562 0.2926 0.0007
vn 0.9186 0.3952 0.0008
vn 0.8656 0.5007 0.0008
vn 0.7965 0.6047 0.0008
vn 0.7119 0.7023 0.0007
vn 0.7119 0.7023 0.0061
vn 0.7118 0.7021 0.0205
vn 0.7112 0.7015 0.0464
vn 0.7093 0.6996 0.0866
vn 0.7044 0.6946 0.1460
vn 0.6927 0.6830 0.2318
vn 0.6661 0.6566 0.3538
vn 0.6038 0.5954 0.5301
vn 0.6723 0.5103 0.5363
vn 0.7303 0.4225 0.5368
vn 0.7776 0.3348 0.5321
vn 0.8148 0.2496 0.5233
vn 0.8427 0.1685 0.5113
vn 0.8628 0.0924 0.4970
vn 0.8763 0.0218 0.4812
vn -0.9080 -0.4189 0.0035
vn -0.9080 -0.4188 0.0117
vn -0.9084 -0.4179 0.0117
vn -0.9085 -0.4179 0.0035
vn -0.9077 -0.4187 0.0264
vn -0.9082 -0.4178 0.0264
vn -0.9069 -0.4184 0.0494
vn -0.9074 -0.4174 0.0494
vn -0.9049 -0.4174 0.0838
vn -0.9053 -0.4164 0.0837
vn -0.8998 -0.4151 0.1347
vn -0.9002 -0.4141 0.1346
vn -0.8875 -0.4094 0.2117
vn -0.8879 -0.4085 0.2115
vn -0.9088 -0.4171 0.0116
vn -0.9088 -0.4172 0.0035
vn -0.9085 -0.4170 0.0264
vn -0.9077 -0.4167 0.0493
vn -0.9056 -0.4157 0.0836
vn -0.9006 -0.4134 0.1345
vn -0.8883 -0.4078 0.2114
vn -0.9090 -0.4165 0.0116
vn -0.9091 -0.4166 0.0035
vn -0.9088 -0.4164 0.0263
vn -0.9080 -0.4160 0.0493
vn -0.9059 -0.4151 0.0836
vn -0.9009 -0.4128 0.1345
vn -0.8886 -0.4072 0.2113
vn -0.9093 -0.4159 0.0116
vn -0.9094 -0.4159 0.0035
vn -0.9091 -0.4158 0.0263
vn -0.9083 -0.4154 0.0493
vn -0.9062 -0.4145 0.0836
vn -0.9011 -0.4122 0.1345
vn -0.8889 -0.4066 0.2113
vn -0.9096 -0.4152 0.0116
vn -0.9097 -0.4153 0.0035
vn -0.9094 -0.4151 0.0264
vn -0.9086 -0.4148 0.0493
vn -0.9065 -0.4138 0.0836
vn -0.9014 -0.4115 0.1345
vn -0.8892 -0.4059 0.2113
vn -0.9100 -0.4144 0.0117
vn -0.9101 -0.4144 0.0035
vn -0.9098 -0.4142 0.0264
vn -0.9090 -0.4139 0.0494
vn -0.9069 -0.4129 0.0837
vn -0.9018 -0.4106 0.1345
vn -0.8895 -0.4050 0.2114
vn -0.9081 -0.4189 0.0004
vn -0.8539 -0.3939 0.3403
vn -0.8544 -0.3930 0.3399
vn -0.8548 -0.3924 0.3397
vn -0.8551 -0.3918 0.3397
vn -0.8553 -0.3912 0.3396
vn -0.8556 -0.3906 0.3397
vn -0.8559 -0.3897 0.3398
vn -0.8564 -0.3884 0.3402
vn -0.8901 -0.4037 0.2117
vn -0.9024 -0.4093 0.1347
vn -0.9075 -0.4116 0.0838
vn -0.9096 -0.4126 0.0494
vn -0.9104 -0.4129 0.0264
vn -0.9106 -0.4131 0.0117
vn -0.9107 -0.4131 0.0035
vn -0.9101 -0.4144 0.0004
vn -0.9107 -0.4131 0.0004
vn -0.9097 -0.4153 0.0004
vn -0.9094 -0.4159 0.0004
vn -0.9091 -0.4166 0.0004
vn -0.9088 -0.4172 0.0004
vn -0.9085 -0.4179 0.0004
vn 0.6154 0.7882 0.0059
vn 0.5123 0.8588 0.0056
vn 0.5123 0.8586 0.0189
vn 0.6153 0.7880 0.0198
vn 0.4076 0.9131 0.0053
vn 0.4077 0.9130 0.0177
vn 0.3055 0.9522 0.0049
vn 0.3056 0.9520 0.0164
vn 0.2088 0.9779 0.0045
vn 0.2089 0.9778 0.0150
vn 0.1193 0.9928 0.0041
vn 0.1194 0.9927 0.0137
vn 0.0377 0.9993 0.0037
vn 0.0378 0.9992 0.0124
vn 0.5120 0.8579 0.0426
vn 0.6149 0.7873 0.0448
vn 0.4075 0.9123 0.0400
vn 0.3055 0.9515 0.0371
vn 0.2089 0.9773 0.0340
vn 0.1195 0.9923 0.0309
vn 0.0379 0.9989 0.0280
vn 0.5110 0.8559 0.0797
vn 0.6134 0.7853 0.0838
vn 0.4068 0.9104 0.0748
vn 0.3051 0.9498 0.0693
vn 0.2088 0.9759 0.0636
vn 0.1195 0.9911 0.0579
vn 0.0380 0.9979 0.0524
vn 0.5081 0.8507 0.1345
vn 0.6095 0.7801 0.1413
vn 0.4049 0.9056 0.1263
vn 0.3040 0.9454 0.1172
vn 0.2082 0.9721 0.1076
vn 0.1194 0.9880 0.0981
vn 0.0381 0.9953 0.0887
vn 0.5010 0.8385 0.2142
vn 0.6001 0.7678 0.2245
vn 0.4000 0.8941 0.2015
vn 0.3009 0.9351 0.1874
vn 0.2066 0.9631 0.1724
vn 0.1187 0.9804 0.1574
vn 0.0381 0.9890 0.1427
vn 0.4844 0.8106 0.3290
vn 0.5784 0.7399 0.3436
vn 0.3883 0.8675 0.3109
vn 0.2933 0.9108 0.2904
vn 0.2023 0.9418 0.2685
vn 0.1168 0.9622 0.2461
vn 0.0379 0.9739 0.2240
vn 0.6154 0.7882 0.0007
vn 0.5123 0.8588 0.0007
vn 0.4076 0.9132 0.0006
vn 0.3054 0.9522 0.0006
vn 0.2088 0.9780 0.0005
vn 0.1193 0.9929 0.0005
vn 0.0376 0.9993 0.0005
vn -0.0450 0.9990 0.0004
vn -0.0449 0.9990 0.0033
vn -0.0447 0.9989 0.0110
vn -0.0446 0.9987 0.0248
vn -0.0444 0.9979 0.0465
vn -0.0440 0.9959 0.0788
vn -0.0435 0.9910 0.1270
vn -0.0425 0.9789 0.2001
vn -0.0406 0.9454 0.3234
vn 0.0366 0.9329 0.3584
vn 0.1112 0.9141 0.3899
vn 0.1906 0.8869 0.4208
vn 0.2738 0.8500 0.4501
vn 0.3590 0.8024 0.4768
vn 0.4443 0.7436 0.4997
vn 0.5268 0.6741 0.5177
vn -0.1478 0.9890 0.0027
vn -0.2507 0.9681 0.0021
vn -0.2506 0.9681 0.0071
vn -0.1476 0.9890 0.0091
vn -0.3195 0.9476 0.0017
vn -0.3194 0.9476 0.0058
vn -0.3583 0.9336 0.0015
vn -0.3583 0.9336 0.0050
vn -0.3800 0.9250 0.0013
vn -0.3800 0.9250 0.0045
vn -0.3925 0.9197 0.0013
vn -0.3925 0.9197 0.0043
vn -0.4001 0.9165 0.0012
vn -0.4000 0.9165 0.0041
vn -0.2504 0.9680 0.0162
vn -0.1474 0.9889 0.0206
vn -0.3193 0.9476 0.0131
vn -0.3582 0.9336 0.0112
vn -0.3799 0.9250 0.0102
vn -0.3925 0.9197 0.0097
vn -0.4000 0.9165 0.0093
vn -0.2501 0.9677 0.0303
vn -0.1470 0.9884 0.0387
vn -0.3191 0.9474 0.0245
vn -0.3581 0.9334 0.0211
vn -0.3798 0.9249 0.0192
vn -0.3924 0.9196 0.0181
vn -0.4000 0.9164 0.0175
vn -0.2496 0.9670 0.0516
vn -0.1465 0.9870 0.0657
vn -0.3188 0.9469 0.0416
vn -0.3578 0.9331 0.0358
vn -0.3796 0.9246 0.0326
vn -0.3922 0.9193 0.0307
vn -0.3998 0.9161 0.0297
vn -0.2487 0.9650 0.0835
vn -0.1455 0.9837 0.1061
vn -0.3181 0.9457 0.0673
vn -0.3573 0.9322 0.0580
vn -0.3792 0.9238 0.0527
vn -0.3919 0.9187 0.0497
vn -0.3995 0.9155 0.0480
vn -0.2468 0.9599 0.1328
vn -0.1436 0.9752 0.1681
vn -0.3166 0.9425 0.1073
vn -0.3562 0.9298 0.0924
vn -0.3783 0.9219 0.0840
vn -0.3911 0.9169 0.0792
vn -0.3988 0.9139 0.0764
vn -0.1479 0.9890 0.0003
vn -0.2508 0.9680 0.0003
vn -0.3196 0.9476 0.0002
vn -0.3584 0.9336 0.0002
vn -0.3800 0.9250 0.0002
vn -0.3925 0.9197 0.0002
vn -0.4001 0.9165 0.0002
vn -0.3966 0.9091 0.1277
vn -0.3887 0.9118 0.1324
vn -0.3757 0.9160 0.1404
vn -0.3531 0.9228 0.1544
vn -0.3128 0.9328 0.1790
vn -0.2421 0.9449 0.2203
vn -0.1393 0.9511 0.2756
vn 0.9063 -0.4227 0.0035
vn 0.9062 -0.4227 0.0117
vn 0.9043 -0.4267 0.0118
vn 0.9044 -0.4267 0.0035
vn 0.9059 -0.4226 0.0266
vn 0.9040 -0.4266 0.0268
vn 0.9051 -0.4222 0.0497
vn 0.9032 -0.4262 0.0501
vn 0.9030 -0.4212 0.0843
vn 0.9011 -0.4252 0.0849
vn 0.8979 -0.4189 0.1355
vn 0.8959 -0.4228 0.1365
vn 0.8854 -0.4131 0.2130
vn 0.8833 -0.4169 0.2145
vn 0.9010 -0.4337 0.0120
vn 0.9010 -0.4338 0.0036
vn 0.9007 -0.4336 0.0271
vn 0.8998 -0.4333 0.0508
vn 0.8976 -0.4322 0.0861
vn 0.8923 -0.4297 0.1384
vn 0.8794 -0.4236 0.2173
vn 0.8945 -0.4468 0.0123
vn 0.8946 -0.4468 0.0037
vn 0.8942 -0.4467 0.0278
vn 0.8933 -0.4463 0.0521
vn 0.8910 -0.4453 0.0883
vn 0.8854 -0.4426 0.1420
vn 0.8719 -0.4359 0.2229
vn 0.8809 -0.4732 0.0130
vn 0.8810 -0.4732 0.0039
vn 0.8805 -0.4731 0.0293
vn 0.8795 -0.4727 0.0549
vn 0.8770 -0.4715 0.0930
vn 0.8708 -0.4684 0.1495
vn 0.8561 -0.4607 0.2343
vn 0.8484 -0.5292 0.0144
vn 0.8485 -0.5292 0.0043
vn 0.8479 -0.5292 0.0325
vn 0.8466 -0.5287 0.0609
vn 0.8435 -0.5271 0.1032
vn 0.8362 -0.5229 0.1656
vn 0.8189 -0.5125 0.2584
vn 0.7757 -0.6309 0.0170
vn 0.7759 -0.6308 0.0050
vn 0.7750 -0.6308 0.0384
vn 0.7734 -0.6299 0.0718
vn 0.7694 -0.6272 0.1214
vn 0.7601 -0.6202 0.1941
vn 0.7389 -0.6032 0.3004
vn 0.9063 -0.4227 0.0004
vn 0.8515 -0.3973 0.3421
vn 0.8490 -0.4008 0.3444
vn 0.8444 -0.4068 0.3486
vn 0.8356 -0.4178 0.3567
vn 0.8169 -0.4397 0.3732
vn 0.7742 -0.4845 0.4072
vn 0.6870 -0.5600 0.4631
vn 0.7761 -0.6306 0.0006
vn 0.8486 -0.5291 0.0005
vn 0.8810 -0.4731 0.0005
vn 0.8946 -0.4468 0.0004
vn 0.9010 -0.4337 0.0004
vn 0.9044 -0.4267 0.0004
vn -0.1945 0.9809 0.0013
vn -0.1341 0.9910 0.0013
vn -0.1341 0.9910 0.0043
vn -0.1945 0.9809 0.0042
vn -0.0686 0.9976 0.0013
vn -0.0685 0.9976 0.0043
vn -0.0002 1.0000 0.0013
vn -0.0002 1.0000 0.0043
vn 0.0681 0.9977 0.0013
vn 0.0681 0.9977 0.0043
vn 0.1337 0.9910 0.0013
vn 0.1337 0.9910 0.0043
vn 0.1941 0.9810 0.0013
vn 0.1941 0.9810 0.0042
vn -0.1341 0.9909 0.0097
vn -0.1945 0.9809 0.0096
vn -0.0685 0.9976 0.0098
vn -0.0002 1.0000 0.0098
vn 0.0682 0.9976 0.0098
vn 0.1337 0.9910 0.0097
vn 0.1941 0.9809 0.0096
vn -0.1341 0.9908 0.0182
vn -0.1944 0.9807 0.0180
vn -0.0685 0.9975 0.0183
vn -0.0002 0.9998 0.0183
vn 0.0681 0.9975 0.0183
vn 0.1337 0.9909 0.0182
vn 0.1941 0.9808 0.0180
vn -0.1340 0.9905 0.0309
vn -0.1944 0.9804 0.0305
vn -0.0685 0.9972 0.0311
vn -0.0002 0.9995 0.0312
vn 0.0681 0.9972 0.0311
vn 0.1337 0.9905 0.0309
vn 0.1941 0.9805 0.0305
vn -0.1339 0.9897 0.0499
vn -0.1943 0.9797 0.0494
vn -0.0685 0.9964 0.0503
vn -0.0002 0.9987 0.0504
vn 0.0681 0.9964 0.0503
vn 0.1336 0.9898 0.0499
vn 0.1939 0.9798 0.0494
vn -0.1337 0.9878 0.0794
vn -0.1939 0.9779 0.0786
vn -0.0684 0.9944 0.0800
vn -0.0002 0.9968 0.0802
vn 0.0680 0.9945 0.0800
vn 0.1333 0.9879 0.0795
vn 0.1936 0.9779 0.0786
vn -0.2634 0.9647 0.0002
vn -0.1945 0.9809 0.0002
vn -0.2634 0.9647 0.0012
vn -0.1341 0.9910 0.0002
vn -0.0686 0.9976 0.0002
vn -0.0002 1.0000 0.0002
vn 0.0681 0.9977 0.0002
vn 0.1337 0.9910 0.0002
vn 0.1941 0.9810 0.0002
vn 0.2632 0.9647 0.0002
vn 0.2632 0.9647 0.0012
vn 0.2632 0.9647 0.0042
vn 0.2632 0.9647 0.0094
vn 0.2632 0.9646 0.0177
vn 0.2631 0.9643 0.0300
vn 0.2630 0.9636 0.0485
vn 0.2625 0.9618 0.0772
vn 0.2612 0.9566 0.1290
vn 0.1926 0.9725 0.1313
vn 0.1326 0.9822 0.1327
vn 0.0676 0.9887 0.1336
vn -0.0002 0.9910 0.1339
vn -0.0680 0.9887 0.1336
vn -0.1330 0.9822 0.1327
vn -0.1929 0.9724 0.1313
vn -0.2628 0.9618 0.0772
vn -0.2615 0.9565 0.1290
vn -0.2632 0.9635 0.0485
vn -0.2634 0.9642 0.0300
vn -0.2634 0.9645 0.0177
vn -0.2634 0.9646 0.0094
vn -0.2634 0.9647 0.0042
vn -0.9116 -0.4110 0.0035
vn -0.9116 -0.4109 0.0117
vn -0.9132 -0.4074 0.0117
vn -0.9132 -0.4074 0.0035
vn -0.9113 -0.4108 0.0264
vn -0.9129 -0.4073 0.0266
vn -0.9105 -0.4105 0.0495
vn -0.9121 -0.4069 0.0497
vn -0.9084 -0.4095 0.0839
vn -0.9100 -0.4059 0.0843
vn -0.9033 -0.4072 0.1350
vn -0.9048 -0.4036 0.1356
vn -0.8909 -0.4016 0.2121
vn -0.8923 -0.3980 0.2130
vn -0.9159 -0.4011 0.0118
vn -0.9160 -0.4012 0.0035
vn -0.9157 -0.4010 0.0268
vn -0.9149 -0.4006 0.0502
vn -0.9127 -0.3997 0.0850
vn -0.9074 -0.3973 0.1367
vn -0.8947 -0.3917 0.2148
vn -0.9210 -0.3893 0.0120
vn -0.9211 -0.3894 0.0036
vn -0.9208 -0.3892 0.0272
vn -0.9199 -0.3888 0.0510
vn -0.9177 -0.3878 0.0865
vn -0.9122 -0.3854 0.1390
vn -0.8990 -0.3797 0.2183
vn -0.9310 -0.3649 0.0125
vn -0.9310 -0.3650 0.0037
vn -0.9307 -0.3647 0.0282
vn -0.9298 -0.3643 0.0528
vn -0.9274 -0.3633 0.0895
vn -0.9215 -0.3608 0.1438
vn -0.9072 -0.3551 0.2256
vn -0.9507 -0.3099 0.0134
vn -0.9507 -0.3100 0.0040
vn -0.9504 -0.3096 0.0303
vn -0.9493 -0.3091 0.0567
vn -0.9465 -0.3080 0.0961
vn -0.9396 -0.3055 0.1543
vn -0.9229 -0.2998 0.2415
vn -0.9803 -0.1971 0.0151
vn -0.9803 -0.1973 0.0045
vn -0.9798 -0.1968 0.0342
vn -0.9784 -0.1963 0.0640
vn -0.9747 -0.1952 0.1084
vn -0.9657 -0.1930 0.1737
vn -0.9442 -0.1884 0.2703
vn -0.9116 -0.4110 0.0004
vn -0.8571 -0.3863 0.3409
vn -0.8581 -0.3827 0.3422
vn -0.8599 -0.3764 0.3448
vn -0.8630 -0.3644 0.3499
vn -0.8686 -0.3398 0.3606
vn -0.8785 -0.2851 0.3834
vn -0.8886 -0.1773 0.4230
vn -0.9803 -0.1974 0.0006
vn -0.9507 -0.3101 0.0005
vn -0.9310 -0.3650 0.0005
vn -0.9211 -0.3894 0.0004
vn -0.9160 -0.4012 0.0004
vn -0.9132 -0.4074 0.0004
vn -0.2088 0.9780 -0.0000
vn 0.4121 0.9111 0.0001
vn 0.4114 0.9115 0.0001
vn 0.4095 0.9123 0.0001
vn 0.4045 0.9145 0.0001
vn 0.3894 0.9211 0.0001
vn 0.3408 0.9401 0.0001
vn -0.3409 0.9401 0.0001
vn -0.3894 0.9211 0.0001
vn -0.4045 0.9145 0.0001
vn -0.4095 0.9123 0.0001
vn -0.4114 0.9115 0.0001
vn -0.4121 0.9111 0.0001
vn -0.3409 0.9401 0.0012
vn -0.3409 0.9401 0.0040
vn -0.3894 0.9211 0.0040
vn -0.3894 0.9211 0.0012
vn -0.3409 0.9401 0.0092
vn -0.3894 0.9210 0.0090
vn -0.3409 0.9400 0.0172
vn -0.3893 0.9209 0.0168
vn -0.3408 0.9397 0.0292
vn -0.3892 0.9207 0.0285
vn -0.3406 0.9390 0.0472
vn -0.3890 0.9201 0.0461
vn -0.3401 0.9374 0.0751
vn -0.3884 0.9186 0.0735
vn -0.4045 0.9145 0.0039
vn -0.4045 0.9145 0.0012
vn -0.4045 0.9145 0.0089
vn -0.4044 0.9144 0.0167
vn -0.4043 0.9142 0.0283
vn -0.4041 0.9136 0.0458
vn -0.4034 0.9121 0.0729
vn -0.4095 0.9123 0.0039
vn -0.4095 0.9123 0.0012
vn -0.4095 0.9123 0.0089
vn -0.4094 0.9122 0.0166
vn -0.4093 0.9120 0.0282
vn -0.4091 0.9114 0.0456
vn -0.4084 0.9099 0.0727
vn -0.4114 0.9115 0.0039
vn -0.4114 0.9115 0.0012
vn -0.4114 0.9114 0.0089
vn -0.4113 0.9113 0.0166
vn -0.4112 0.9111 0.0282
vn -0.4109 0.9105 0.0456
vn -0.4103 0.9091 0.0726
vn -0.4121 0.9111 0.0039
vn -0.4121 0.9111 0.0012
vn -0.4121 0.9111 0.0089
vn -0.4120 0.9108 0.0282
vn -0.4124 0.9109 0.0088
vn -0.3385 0.9326 0.1255
vn -0.3865 0.9141 0.1228
vn -0.4015 0.9077 0.1218
vn -0.4065 0.9056 0.1215
vn -0.4083 0.9047 0.1213
vn 0.3408 0.9401 0.0012
vn 0.3894 0.9211 0.0012
vn 0.3894 0.9211 0.0040
vn 0.3408 0.9401 0.0040
vn 0.4045 0.9145 0.0012
vn 0.4045 0.9145 0.0039
vn 0.4095 0.9123 0.0012
vn 0.4095 0.9123 0.0039
vn 0.4114 0.9115 0.0012
vn 0.4114 0.9115 0.0039
vn 0.4121 0.9111 0.0012
vn 0.4121 0.9111 0.0039
vn 0.3894 0.9210 0.0090
vn 0.3408 0.9401 0.0092
vn 0.4045 0.9145 0.0089
vn 0.4095 0.9123 0.0089
vn 0.4114 0.9114 0.0089
vn 0.4121 0.9111 0.0089
vn 0.4124 0.9109 0.0088
vn 0.3893 0.9209 0.0168
vn 0.3408 0.9400 0.0172
vn 0.4044 0.9144 0.0167
vn 0.4094 0.9122 0.0166
vn 0.4113 0.9113 0.0166
vn 0.3892 0.9207 0.0285
vn 0.3407 0.9397 0.0292
vn 0.4043 0.9142 0.0283
vn 0.4093 0.9120 0.0282
vn 0.4112 0.9111 0.0282
vn 0.4120 0.9108 0.0282
vn 0.3890 0.9201 0.0461
vn 0.3405 0.9391 0.0472
vn 0.4041 0.9136 0.0458
vn 0.4091 0.9114 0.0456
vn 0.4109 0.9105 0.0456
vn 0.3884 0.9186 0.0735
vn 0.3400 0.9374 0.0751
vn 0.4034 0.9121 0.0729
vn 0.4084 0.9099 0.0727
vn 0.4103 0.9091 0.0726
vn 0.4083 0.9047 0.1213
vn 0.4065 0.9056 0.1215
vn 0.4015 0.9077 0.1218
vn 0.3865 0.9141 0.1228
vn 0.3384 0.9326 0.1256
vn -0.7479 -0.3450 0.5671
vn -0.5233 -0.2414 0.8172
vn -0.5239 -0.2410 0.8170
vn -0.7485 -0.3443 0.5667
vn -0.2810 -0.1296 0.9509
vn -0.2813 -0.1294 0.9508
vn -0.1285 -0.0592 0.9899
vn -0.1286 -0.0592 0.9899
vn -0.0529 -0.0244 0.9983
vn -0.0530 -0.0244 0.9983
vn -0.0185 -0.0085 0.9998
vn -0.0045 -0.0021 1.0000
vn -0.5243 -0.2407 0.8168
vn -0.7489 -0.3438 0.5665
vn -0.2816 -0.1292 0.9508
vn -0.1288 -0.0591 0.9899
vn -0.0530 -0.0243 0.9983
vn -0.5245 -0.2403 0.8168
vn -0.7492 -0.3433 0.5664
vn -0.2817 -0.1291 0.9508
vn -0.1288 -0.0590 0.9899
vn -0.5247 -0.2400 0.8167
vn -0.7495 -0.3428 0.5664
vn -0.2818 -0.1289 0.9508
vn -0.1289 -0.0589 0.9899
vn -0.0531 -0.0243 0.9983
vn -0.5249 -0.2396 0.8168
vn -0.7497 -0.3422 0.5664
vn -0.2819 -0.1287 0.9508
vn -0.1289 -0.0588 0.9899
vn -0.0531 -0.0242 0.9983
vn -0.5249 -0.2390 0.8169
vn -0.7499 -0.3415 0.5666
vn -0.2819 -0.1284 0.9508
vn -0.1289 -0.0587 0.9899
vn -0.0185 -0.0084 0.9998
vn -0.0045 -0.0020 1.0000
vn -0.7469 -0.3460 0.5679
vn -0.5223 -0.2419 0.8177
vn -0.2803 -0.1298 0.9511
vn -0.1282 -0.0593 0.9900
vn -0.0528 -0.0244 0.9983
vn -0.0184 -0.0085 0.9998
vn -0.0004 -0.0002 1.0000
vn -0.0005 -0.0002 1.0000
vn -0.0531 -0.0241 0.9983
vn -0.1289 -0.0585 0.9899
vn -0.2818 -0.1279 0.9509
vn -0.5249 -0.2381 0.8171
vn -0.7502 -0.3403 0.5670
vn 0.0306 0.8085 0.5877
vn 0.0181 0.5600 0.8283
vn 0.0595 0.5212 0.8514
vn 0.0931 0.7765 0.6232
vn 0.0085 0.2996 0.9540
vn 0.0300 0.2720 0.9618
vn 0.0037 0.1370 0.9906
vn 0.0134 0.1233 0.9923
vn 0.0014 0.0565 0.9984
vn 0.0055 0.0508 0.9987
vn 0.0005 0.0198 0.9998
vn 0.0019 0.0178 0.9998
vn 0.0001 0.0049 1.0000
vn 0.0004 0.0044 1.0000
vn 0.0995 0.4812 0.8709
vn 0.1571 0.7384 0.6558
vn 0.0500 0.2459 0.9680
vn 0.0223 0.1107 0.9936
vn 0.0091 0.0455 0.9989
vn 0.0032 0.0160 0.9999
vn 0.0008 0.0039 1.0000
vn 0.1381 0.4403 0.8872
vn 0.2218 0.6940 0.6850
vn 0.0686 0.2211 0.9728
vn 0.0306 0.0990 0.9946
vn 0.0125 0.0407 0.9991
vn 0.0044 0.0143 0.9999
vn 0.0010 0.0035 1.0000
vn 0.1750 0.3987 0.9002
vn 0.2861 0.6434 0.7100
vn 0.0860 0.1974 0.9765
vn 0.0382 0.0880 0.9954
vn 0.0156 0.0361 0.9992
vn 0.0055 0.0127 0.9999
vn 0.0013 0.0031 1.0000
vn 0.2101 0.3567 0.9103
vn 0.3490 0.5870 0.7305
vn 0.1023 0.1746 0.9793
vn 0.0454 0.0776 0.9959
vn 0.0186 0.0318 0.9993
vn 0.0065 0.0112 0.9999
vn 0.0016 0.0027 1.0000
vn 0.2433 0.3144 0.9176
vn 0.4092 0.5255 0.7459
vn 0.1177 0.1527 0.9812
vn 0.0522 0.0677 0.9963
vn 0.0213 0.0278 0.9994
vn 0.0075 0.0097 0.9999
vn 0.0018 0.0024 1.0000
vn -0.0372 0.8375 0.5452
vn -0.0308 0.6031 0.7971
vn -0.0189 0.3343 0.9423
vn -0.0091 0.1550 0.9879
vn -0.0039 0.0642 0.9979
vn -0.0014 0.0226 0.9997
vn -0.0004 0.0056 1.0000
vn -0.0000 0.0006 1.0000
vn -0.0000 0.0005 1.0000
vn -0.0000 0.0004 1.0000
vn 0.0001 0.0004 1.0000
vn 0.0001 0.0003 1.0000
vn 0.0002 0.0003 1.0000
vn 0.0002 0.0002 1.0000
vn 0.0020 0.0021 1.0000
vn 0.0084 0.0084 0.9999
vn 0.0240 0.0238 0.9994
vn 0.0585 0.0582 0.9966
vn 0.1322 0.1314 0.9825
vn 0.2744 0.2722 0.9223
vn 0.4654 0.4599 0.7562
vn -0.4011 0.8860 0.2326
vn -0.3671 0.8108 0.4559
vn -0.3668 0.8109 0.4560
vn -0.4008 0.8861 0.2327
vn -0.2784 0.6148 0.7379
vn -0.2781 0.6148 0.7381
vn -0.1588 0.3507 0.9229
vn -0.1586 0.3506 0.9230
vn -0.0704 0.1554 0.9853
vn -0.0703 0.1554 0.9854
vn -0.0249 0.0551 0.9982
vn -0.0061 0.0134 0.9999
vn -0.3664 0.8109 0.4564
vn -0.4004 0.8862 0.2329
vn -0.2777 0.6146 0.7384
vn -0.1584 0.3504 0.9231
vn -0.0702 0.1553 0.9854
vn -0.0249 0.0550 0.9982
vn -0.3658 0.8108 0.4569
vn -0.3998 0.8864 0.2333
vn -0.2771 0.6143 0.7388
vn -0.1580 0.3501 0.9233
vn -0.0700 0.1551 0.9854
vn -0.0248 0.0550 0.9982
vn -0.0060 0.0134 0.9999
vn -0.3649 0.8107 0.4579
vn -0.3990 0.8866 0.2339
vn -0.2763 0.6137 0.7396
vn -0.1574 0.3495 0.9236
vn -0.0697 0.1548 0.9855
vn -0.0247 0.0549 0.9982
vn -0.3635 0.8104 0.4594
vn -0.3978 0.8869 0.2349
vn -0.2749 0.6128 0.7409
vn -0.1565 0.3486 0.9241
vn -0.0693 0.1543 0.9856
vn -0.0246 0.0547 0.9982
vn -0.0060 0.0133 0.9999
vn -0.3614 0.8099 0.4620
vn -0.3959 0.8873 0.2365
vn -0.2728 0.6111 0.7430
vn -0.1550 0.3470 0.9250
vn -0.0686 0.1535 0.9858
vn -0.0243 0.0544 0.9982
vn -0.0059 0.0132 0.9999
vn -0.4012 0.8860 0.2326
vn -0.3672 0.8108 0.4558
vn -0.0250 0.0551 0.9982
vn -0.0006 0.0013 1.0000
vn -0.0058 0.0131 0.9999
vn -0.0239 0.0539 0.9983
vn -0.0675 0.1521 0.9861
vn -0.1526 0.3442 0.9264
vn -0.2693 0.6081 0.7468
vn -0.3579 0.8088 0.4666
vn -0.3928 0.8879 0.2395
vn -0.3876 0.8888 0.2446
vn -0.3521 0.8068 0.4744
vn -0.3427 0.8032 0.4873
vn -0.3793 0.8899 0.2533
vn -0.2635 0.6028 0.7532
vn -0.2540 0.5938 0.7634
vn -0.1485 0.3394 0.9288
vn -0.1421 0.3314 0.9327
vn -0.0656 0.1497 0.9866
vn -0.0625 0.1457 0.9874
vn -0.0233 0.0531 0.9983
vn -0.0222 0.0516 0.9984
vn -0.0057 0.0129 0.9999
vn -0.0054 0.0126 0.9999
vn -0.3273 0.7965 0.5084
vn -0.3654 0.8915 0.2679
vn -0.2390 0.5791 0.7795
vn -0.1320 0.3187 0.9386
vn -0.0578 0.1394 0.9886
vn -0.0205 0.0494 0.9986
vn -0.0051 0.0121 0.9999
vn -0.3013 0.7841 0.5426
vn -0.3415 0.8931 0.2929
vn -0.2150 0.5548 0.8037
vn -0.1165 0.2989 0.9471
vn -0.0507 0.1297 0.9903
vn -0.0181 0.0460 0.9988
vn -0.0045 0.0113 0.9999
vn -0.2579 0.7608 0.5955
vn -0.2993 0.8932 0.3355
vn -0.1779 0.5160 0.8379
vn -0.0938 0.2695 0.9584
vn -0.0405 0.1158 0.9925
vn -0.0145 0.0411 0.9991
vn -0.0036 0.0102 0.9999
vn -0.1902 0.7200 0.6674
vn -0.2276 0.8869 0.4020
vn -0.1257 0.4596 0.8792
vn -0.0640 0.2303 0.9710
vn -0.0274 0.0977 0.9948
vn -0.0099 0.0346 0.9994
vn -0.0025 0.0086 1.0000
vn -0.1048 0.6615 0.7426
vn -0.1284 0.8667 0.4820
vn -0.0659 0.3918 0.9177
vn -0.0324 0.1878 0.9817
vn -0.0138 0.0786 0.9968
vn -0.0050 0.0278 0.9996
vn -0.0013 0.0069 1.0000
vn -0.0005 0.0013 1.0000
vn -0.0005 0.0012 1.0000
vn -0.0005 0.0011 1.0000
vn -0.0004 0.0010 1.0000
vn -0.0003 0.0009 1.0000
vn -0.0001 0.0007 1.0000
vn 0.4011 0.8860 0.2326
vn 0.3671 0.8108 0.4558
vn 0.3668 0.8109 0.4559
vn 0.4008 0.8861 0.2326
vn 0.2784 0.6148 0.7379
vn 0.2781 0.6148 0.7380
vn 0.1588 0.3507 0.9229
vn 0.1586 0.3506 0.9230
vn 0.0704 0.1554 0.9853
vn 0.0703 0.1554 0.9853
vn 0.0249 0.0551 0.9982
vn 0.0061 0.0134 0.9999
vn 0.3661 0.8111 0.4561
vn 0.4001 0.8864 0.2328
vn 0.2775 0.6149 0.7382
vn 0.1582 0.3506 0.9231
vn 0.0701 0.1553 0.9854
vn 0.0248 0.0551 0.9982
vn 0.0060 0.0134 0.9999
vn 0.3643 0.8116 0.4566
vn 0.3982 0.8872 0.2330
vn 0.2760 0.6150 0.7386
vn 0.1572 0.3505 0.9233
vn 0.0696 0.1553 0.9854
vn 0.0247 0.0550 0.9982
vn 0.3597 0.8131 0.4577
vn 0.3934 0.8892 0.2337
vn 0.2722 0.6154 0.7397
vn 0.1548 0.3503 0.9238
vn 0.0685 0.1551 0.9855
vn 0.0243 0.0550 0.9982
vn 0.0059 0.0134 0.9999
vn 0.3459 0.8174 0.4607
vn 0.3787 0.8951 0.2355
vn 0.2607 0.6169 0.7426
vn 0.1476 0.3499 0.9251
vn 0.0651 0.1546 0.9858
vn 0.0230 0.0547 0.9982
vn 0.0056 0.0133 0.9999
vn 0.3018 0.8299 0.4693
vn 0.3315 0.9123 0.2406
vn 0.2250 0.6208 0.7510
vn 0.1256 0.3488 0.9287
vn 0.0550 0.1534 0.9866
vn 0.0193 0.0541 0.9983
vn 0.0046 0.0131 0.9999
vn 0.4012 0.8860 0.2325
vn 0.3672 0.8108 0.4558
vn 0.0250 0.0551 0.9982
vn 0.0006 0.0013 1.0000
vn 0.0005 0.0013 1.0000
vn 0.0003 0.0013 1.0000
vn 0.0035 0.0130 0.9999
vn 0.0145 0.0540 0.9984
vn 0.0413 0.1532 0.9873
vn 0.0947 0.3496 0.9321
vn 0.1712 0.6276 0.7595
vn 0.2317 0.8466 0.4791
vn 0.2556 0.9347 0.2470
vn 0.7450 -0.3475 0.5694
vn 0.5205 -0.2426 0.8187
vn 0.5172 -0.2438 0.8204
vn 0.7418 -0.3501 0.5721
vn 0.2791 -0.1301 0.9514
vn 0.2769 -0.1305 0.9520
vn 0.1276 -0.0594 0.9900
vn 0.1265 -0.0596 0.9902
vn 0.0525 -0.0245 0.9983
vn 0.0521 -0.0245 0.9983
vn 0.0183 -0.0085 0.9998
vn 0.0182 -0.0086 0.9998
vn 0.0045 -0.0021 1.0000
vn 0.0044 -0.0021 1.0000
vn 0.5112 -0.2457 0.8236
vn 0.7359 -0.3543 0.5771
vn 0.2731 -0.1311 0.9530
vn 0.1247 -0.0598 0.9904
vn 0.0513 -0.0246 0.9984
vn 0.0179 -0.0086 0.9998
vn 0.4999 -0.2488 0.8295
vn 0.7245 -0.3619 0.5866
vn 0.2658 -0.1320 0.9549
vn 0.1212 -0.0601 0.9908
vn 0.0499 -0.0247 0.9984
vn 0.0175 -0.0086 0.9998
vn 0.0043 -0.0021 1.0000
vn 0.4778 -0.2546 0.8408
vn 0.7013 -0.3765 0.6053
vn 0.2519 -0.1336 0.9585
vn 0.1145 -0.0606 0.9916
vn 0.0472 -0.0249 0.9986
vn 0.0165 -0.0087 0.9998
vn 0.0040 -0.0021 1.0000
vn 0.4336 -0.2655 0.8611
vn 0.6517 -0.4051 0.6412
vn 0.2251 -0.1366 0.9647
vn 0.1019 -0.0616 0.9929
vn 0.0420 -0.0253 0.9988
vn 0.0148 -0.0089 0.9999
vn 0.0037 -0.0022 1.0000
vn 0.3585 -0.2818 0.8900
vn 0.5602 -0.4508 0.6949
vn 0.1813 -0.1408 0.9733
vn 0.0814 -0.0630 0.9947
vn 0.0336 -0.0258 0.9991
vn 0.0119 -0.0091 0.9999
vn 0.0030 -0.0022 1.0000
vn 0.7468 -0.3460 0.5679
vn 0.5223 -0.2419 0.8177
vn 0.2803 -0.1298 0.9511
vn 0.1282 -0.0593 0.9900
vn 0.0528 -0.0244 0.9983
vn 0.0184 -0.0085 0.9998
vn 0.0004 -0.0002 1.0000
vn 0.0003 -0.0002 1.0000
vn 0.0002 -0.0002 1.0000
vn 0.0022 -0.0022 1.0000
vn 0.0088 -0.0091 0.9999
vn 0.0250 -0.0259 0.9994
vn 0.0608 -0.0632 0.9961
vn 0.1368 -0.1425 0.9803
vn 0.2797 -0.2928 0.9143
vn 0.4614 -0.4887 0.7404
vn 0.3959 0.8873 0.2365
vn 0.3614 0.8099 0.4620
vn 0.3635 0.8104 0.4594
vn 0.3978 0.8869 0.2349
vn 0.2728 0.6111 0.7430
vn 0.2749 0.6128 0.7409
vn 0.1550 0.3470 0.9250
vn 0.1565 0.3486 0.9241
vn 0.0686 0.1535 0.9858
vn 0.0693 0.1543 0.9856
vn 0.0243 0.0544 0.9982
vn 0.0246 0.0547 0.9982
vn 0.0059 0.0132 0.9999
vn 0.0060 0.0133 0.9999
vn 0.3648 0.8107 0.4579
vn 0.3990 0.8866 0.2339
vn 0.2763 0.6137 0.7396
vn 0.1574 0.3495 0.9236
vn 0.0697 0.1548 0.9855
vn 0.0247 0.0549 0.9982
vn 0.3658 0.8108 0.4570
vn 0.3998 0.8864 0.2333
vn 0.2771 0.6143 0.7388
vn 0.1580 0.3501 0.9233
vn 0.0700 0.1551 0.9854
vn 0.0248 0.0550 0.9982
vn 0.3664 0.8109 0.4564
vn 0.4004 0.8862 0.2329
vn 0.2777 0.6146 0.7383
vn 0.1584 0.3504 0.9231
vn 0.0702 0.1553 0.9854
vn 0.0249 0.0550 0.9982
vn 0.3668 0.8109 0.4560
vn 0.4008 0.8861 0.2327
vn 0.2781 0.6148 0.7381
vn 0.3671 0.8108 0.4559
vn 0.2783 0.6148 0.7379
vn 0.3928 0.8879 0.2395
vn 0.3579 0.8088 0.4666
vn 0.2693 0.6081 0.7468
vn 0.1526 0.3442 0.9264
vn 0.0675 0.1521 0.9861
vn 0.0239 0.0539 0.9983
vn 0.0058 0.0131 0.9999
vn -0.3316 0.9122 0.2406
vn -0.3019 0.8298 0.4692
vn -0.3459 0.8174 0.4607
vn -0.3787 0.8951 0.2355
vn -0.2250 0.6208 0.7510
vn -0.2607 0.6169 0.7426
vn -0.1256 0.3488 0.9287
vn -0.1476 0.3499 0.9251
vn -0.0550 0.1534 0.9866
vn -0.0651 0.1546 0.9858
vn -0.0193 0.0541 0.9983
vn -0.0230 0.0547 0.9982
vn -0.0046 0.0131 0.9999
vn -0.0056 0.0133 0.9999
vn -0.3597 0.8131 0.4577
vn -0.3934 0.8892 0.2337
vn -0.2722 0.6154 0.7397
vn -0.1548 0.3503 0.9238
vn -0.0685 0.1551 0.9855
vn -0.0243 0.0549 0.9982
vn -0.0059 0.0134 0.9999
vn -0.3643 0.8116 0.4566
vn -0.3982 0.8872 0.2330
vn -0.2760 0.6150 0.7386
vn -0.1572 0.3505 0.9233
vn -0.0696 0.1553 0.9854
vn -0.0247 0.0550 0.9982
vn -0.3661 0.8111 0.4561
vn -0.4001 0.8864 0.2328
vn -0.2775 0.6149 0.7382
vn -0.1582 0.3506 0.9231
vn -0.0701 0.1553 0.9854
vn -0.0248 0.0551 0.9982
vn -0.3668 0.8109 0.4559
vn -0.4008 0.8861 0.2326
vn -0.2781 0.6148 0.7380
vn -0.0703 0.1554 0.9853
vn -0.3671 0.8108 0.4558
vn -0.2559 0.9346 0.2470
vn -0.2320 0.8465 0.4791
vn -0.1713 0.6276 0.7594
vn -0.0948 0.3496 0.9321
vn -0.0414 0.1532 0.9873
vn -0.0145 0.0540 0.9984
vn -0.0035 0.0130 0.9999
vn -0.0003 0.0013 1.0000
vn -0.7504 -0.3383 0.5678
vn -0.5248 -0.2366 0.8177
vn -0.5243 -0.2341 0.8187
vn -0.7507 -0.3349 0.5694
vn -0.2816 -0.1270 0.9511
vn -0.2811 -0.1256 0.9514
vn -0.1288 -0.0581 0.9900
vn -0.1285 -0.0574 0.9900
vn -0.0530 -0.0239 0.9983
vn -0.0529 -0.0236 0.9983
vn -0.0185 -0.0083 0.9998
vn -0.5232 -0.2294 0.8207
vn -0.7510 -0.3288 0.5725
vn -0.2801 -0.1229 0.9521
vn -0.1279 -0.0562 0.9902
vn -0.0527 -0.0231 0.9983
vn -0.0184 -0.0081 0.9998
vn -0.5209 -0.2208 0.8246
vn -0.7513 -0.3174 0.5786
vn -0.2779 -0.1180 0.9533
vn -0.1268 -0.0539 0.9905
vn -0.0522 -0.0222 0.9984
vn -0.0182 -0.0078 0.9998
vn -0.0044 -0.0019 1.0000
vn -0.5158 -0.2035 0.8322
vn -0.7511 -0.2943 0.5910
vn -0.2734 -0.1084 0.9558
vn -0.1245 -0.0495 0.9910
vn -0.0513 -0.0204 0.9985
vn -0.0179 -0.0072 0.9998
vn -0.0044 -0.0018 1.0000
vn -0.5044 -0.1676 0.8471
vn -0.7488 -0.2443 0.6161
vn -0.2640 -0.0888 0.9604
vn -0.1198 -0.0405 0.9920
vn -0.0493 -0.0167 0.9986
vn -0.0173 -0.0059 0.9998
vn -0.0042 -0.0015 1.0000
vn -0.4817 -0.1027 0.8703
vn -0.7389 -0.1503 0.6569
vn -0.2466 -0.0541 0.9676
vn -0.1111 -0.0246 0.9935
vn -0.0458 -0.0102 0.9989
vn -0.0161 -0.0037 0.9999
vn -0.0040 -0.0009 1.0000
vn -0.0004 -0.0001 1.0000
vn -0.0004 -0.0000 1.0000
vn -0.0035 -0.0003 1.0000
vn -0.0145 -0.0012 0.9999
vn -0.0413 -0.0033 0.9991
vn -0.1005 -0.0080 0.9949
vn -0.2249 -0.0176 0.9742
vn -0.4508 -0.0340 0.8920
vn -0.7182 -0.0503 0.6940
vn 0.3972 -0.5082 0.7642
vn 0.2342 -0.2975 0.9255
vn 0.2009 -0.3012 0.9321
vn 0.3458 -0.5220 0.7797
vn 0.1129 -0.1430 0.9833
vn 0.0962 -0.1438 0.9849
vn 0.0500 -0.0632 0.9967
vn 0.0425 -0.0635 0.9971
vn 0.0205 -0.0259 0.9995
vn 0.0174 -0.0260 0.9995
vn 0.0072 -0.0090 0.9999
vn 0.0061 -0.0091 0.9999
vn 0.0018 -0.0022 1.0000
vn 0.0015 -0.0022 1.0000
vn 0.1677 -0.3043 0.9377
vn 0.2924 -0.5341 0.7932
vn 0.0798 -0.1444 0.9863
vn 0.0352 -0.0637 0.9974
vn 0.0144 -0.0260 0.9996
vn 0.0051 -0.0091 0.9999
vn 0.0012 -0.0022 1.0000
vn 0.1345 -0.3069 0.9422
vn 0.2370 -0.5445 0.8046
vn 0.0637 -0.1450 0.9874
vn 0.0281 -0.0638 0.9976
vn 0.0115 -0.0261 0.9996
vn 0.0040 -0.0091 1.0000
vn 0.0010 -0.0022 1.0000
vn 0.1012 -0.3089 0.9457
vn 0.1799 -0.5528 0.8137
vn 0.0478 -0.1454 0.9882
vn 0.0210 -0.0640 0.9977
vn 0.0086 -0.0261 0.9996
vn 0.0030 -0.0091 1.0000
vn 0.0007 -0.0022 1.0000
vn 0.0677 -0.3104 0.9482
vn 0.1211 -0.5590 0.8203
vn 0.0319 -0.1457 0.9888
vn 0.0140 -0.0641 0.9978
vn 0.0057 -0.0262 0.9996
vn 0.0020 -0.0092 1.0000
vn 0.0005 -0.0022 1.0000
vn 0.0340 -0.3114 0.9497
vn 0.0610 -0.5628 0.8243
vn 0.0160 -0.1459 0.9892
vn 0.0070 -0.0641 0.9979
vn 0.0029 -0.0262 0.9997
vn 0.0010 -0.0092 1.0000
vn 0.0003 -0.0022 1.0000
vn 0.0001 -0.0002 1.0000
vn -0.0000 -0.0002 1.0000
vn -0.0000 -0.0022 1.0000
vn -0.0000 -0.0092 1.0000
vn -0.0000 -0.0262 0.9997
vn -0.0000 -0.0641 0.9979
vn -0.0000 -0.1460 0.9893
vn -0.0000 -0.3117 0.9502
vn -0.0000 -0.5641 0.8257
vn -0.6992 0.0164 0.7148
vn -0.4296 0.0087 0.9030
vn -0.4130 0.0424 0.9097
vn -0.6810 0.0719 0.7288
vn -0.2116 0.0039 0.9774
vn -0.2020 0.0204 0.9792
vn -0.0942 0.0017 0.9956
vn -0.0897 0.0090 0.9959
vn -0.0386 0.0007 0.9993
vn -0.0368 0.0037 0.9993
vn -0.0135 0.0002 0.9999
vn -0.0129 0.0013 0.9999
vn -0.0033 -0.0000 1.0000
vn -0.0031 0.0003 1.0000
vn -0.3949 0.0773 0.9155
vn -0.6586 0.1308 0.7410
vn -0.1919 0.0373 0.9807
vn -0.0851 0.0165 0.9962
vn -0.0349 0.0067 0.9994
vn -0.0122 0.0023 0.9999
vn -0.0030 0.0006 1.0000
vn -0.3751 0.1136 0.9200
vn -0.6315 0.1927 0.7510
vn -0.1814 0.0547 0.9819
vn -0.0804 0.0242 0.9965
vn -0.0329 0.0099 0.9994
vn -0.0115 0.0034 0.9999
vn -0.0028 0.0008 1.0000
vn -0.3533 0.1512 0.9232
vn -0.5991 0.2574 0.7582
vn -0.1703 0.0727 0.9827
vn -0.0754 0.0322 0.9966
vn -0.0309 0.0132 0.9994
vn -0.0108 0.0046 0.9999
vn -0.0026 0.0011 1.0000
vn -0.3294 0.1902 0.9248
vn -0.5608 0.3242 0.7619
vn -0.1585 0.0915 0.9831
vn -0.0701 0.0404 0.9967
vn -0.0287 0.0166 0.9995
vn -0.0100 0.0058 0.9999
vn -0.0025 0.0014 1.0000
vn -0.3032 0.2306 0.9246
vn -0.5162 0.3921 0.7614
vn -0.1458 0.1110 0.9831
vn -0.0645 0.0491 0.9967
vn -0.0264 0.0201 0.9994
vn -0.0092 0.0070 0.9999
vn -0.0023 0.0017 1.0000
vn -0.0003 -0.0000 1.0000
vn -0.0003 0.0001 1.0000
vn -0.0002 0.0001 1.0000
vn -0.0002 0.0002 1.0000
vn -0.0021 0.0020 1.0000
vn -0.0084 0.0084 0.9999
vn -0.0240 0.0239 0.9994
vn -0.0585 0.0582 0.9966
vn -0.1322 0.1314 0.9825
vn -0.2744 0.2722 0.9223
vn -0.4654 0.4599 0.7562
vn -0.0610 -0.5628 0.8243
vn -0.0340 -0.3114 0.9497
vn -0.0677 -0.3104 0.9482
vn -0.1211 -0.5590 0.8203
vn -0.0160 -0.1459 0.9892
vn -0.0319 -0.1457 0.9888
vn -0.0070 -0.0641 0.9979
vn -0.0140 -0.0641 0.9978
vn -0.0029 -0.0262 0.9997
vn -0.0057 -0.0262 0.9996
vn -0.0010 -0.0092 1.0000
vn -0.0020 -0.0092 1.0000
vn -0.0002 -0.0022 1.0000
vn -0.0005 -0.0022 1.0000
vn -0.1012 -0.3089 0.9457
vn -0.1799 -0.5528 0.8137
vn -0.0478 -0.1454 0.9882
vn -0.0210 -0.0640 0.9977
vn -0.0086 -0.0261 0.9996
vn -0.0030 -0.0091 1.0000
vn -0.0007 -0.0022 1.0000
vn -0.1345 -0.3069 0.9422
vn -0.2370 -0.5445 0.8046
vn -0.0637 -0.1450 0.9874
vn -0.0281 -0.0638 0.9976
vn -0.0115 -0.0261 0.9996
vn -0.0040 -0.0091 1.0000
vn -0.0010 -0.0022 1.0000
vn -0.1677 -0.3043 0.9377
vn -0.2924 -0.5341 0.7932
vn -0.0798 -0.1444 0.9863
vn -0.0352 -0.0637 0.9974
vn -0.0144 -0.0260 0.9996
vn -0.0051 -0.0091 0.9999
vn -0.0012 -0.0022 1.0000
vn -0.2009 -0.3012 0.9322
vn -0.3458 -0.5219 0.7797
vn -0.0962 -0.1438 0.9849
vn -0.0425 -0.0635 0.9971
vn -0.0174 -0.0260 0.9995
vn -0.0061 -0.0091 0.9999
vn -0.0015 -0.0022 1.0000
vn -0.2342 -0.2976 0.9255
vn -0.3972 -0.5082 0.7642
vn -0.1129 -0.1430 0.9833
vn -0.0500 -0.0632 0.9967
vn -0.0205 -0.0259 0.9995
vn -0.0072 -0.0090 0.9999
vn -0.0018 -0.0022 1.0000
vn -0.0001 -0.0002 1.0000
vn -0.0002 -0.0002 1.0000
vn -0.0022 -0.0022 1.0000
vn -0.0088 -0.0091 0.9999
vn -0.0250 -0.0259 0.9994
vn -0.0608 -0.0632 0.9961
vn -0.1368 -0.1425 0.9803
vn -0.2797 -0.2928 0.9143
vn -0.4614 -0.4887 0.7404
vn -0.4092 0.5255 0.7459
vn -0.2433 0.3144 0.9176
vn -0.2101 0.3567 0.9103
vn -0.3490 0.5870 0.7305
vn -0.1177 0.1527 0.9812
vn -0.1023 0.1746 0.9793
vn -0.0522 0.0677 0.9963
vn -0.0454 0.0776 0.9959
vn -0.0213 0.0278 0.9994
vn -0.0186 0.0318 0.9993
vn -0.0075 0.0097 0.9999
vn -0.0065 0.0112 0.9999
vn -0.0018 0.0024 1.0000
vn -0.0016 0.0027 1.0000
vn -0.1750 0.3987 0.9002
vn -0.2861 0.6434 0.7100
vn -0.0860 0.1974 0.9765
vn -0.0382 0.0880 0.9954
vn -0.0156 0.0361 0.9992
vn -0.0055 0.0127 0.9999
vn -0.0013 0.0031 1.0000
vn -0.1381 0.4403 0.8872
vn -0.2218 0.6940 0.6850
vn -0.0686 0.2211 0.9728
vn -0.0306 0.0990 0.9946
vn -0.0125 0.0407 0.9991
vn -0.0044 0.0143 0.9999
vn -0.0011 0.0035 1.0000
vn -0.0995 0.4812 0.8709
vn -0.1571 0.7384 0.6558
vn -0.0500 0.2459 0.9680
vn -0.0223 0.1107 0.9936
vn -0.0091 0.0455 0.9989
vn -0.0032 0.0160 0.9999
vn -0.0008 0.0039 1.0000
vn -0.0595 0.5212 0.8514
vn -0.0931 0.7765 0.6232
vn -0.0300 0.2720 0.9618
vn -0.0134 0.1233 0.9923
vn -0.0055 0.0508 0.9987
vn -0.0019 0.0178 0.9998
vn -0.0004 0.0044 1.0000
vn -0.0181 0.5600 0.8283
vn -0.0306 0.8085 0.5877
vn -0.0085 0.2996 0.9540
vn -0.0037 0.1370 0.9906
vn -0.0014 0.0565 0.9984
vn -0.0005 0.0198 0.9998
vn -0.0001 0.0049 1.0000
vn -0.0002 0.0003 1.0000
vn -0.0001 0.0003 1.0000
vn -0.0001 0.0004 1.0000
vn 0.0004 0.0056 1.0000
vn 0.0014 0.0226 0.9997
vn 0.0039 0.0642 0.9979
vn 0.0091 0.1550 0.9879
vn 0.0189 0.3343 0.9423
vn 0.0308 0.6031 0.7971
vn 0.0372 0.8375 0.5452
vn -0.5602 -0.4508 0.6949
vn -0.3585 -0.2818 0.8900
vn -0.4336 -0.2655 0.8611
vn -0.6517 -0.4051 0.6412
vn -0.1813 -0.1408 0.9733
vn -0.2251 -0.1366 0.9647
vn -0.0814 -0.0630 0.9947
vn -0.1019 -0.0616 0.9929
vn -0.0336 -0.0258 0.9991
vn -0.0420 -0.0253 0.9988
vn -0.0119 -0.0091 0.9999
vn -0.0148 -0.0089 0.9999
vn -0.0030 -0.0022 1.0000
vn -0.0037 -0.0022 1.0000
vn -0.4778 -0.2546 0.8408
vn -0.7013 -0.3765 0.6053
vn -0.2519 -0.1336 0.9585
vn -0.1145 -0.0606 0.9916
vn -0.0472 -0.0249 0.9986
vn -0.0165 -0.0087 0.9998
vn -0.0040 -0.0021 1.0000
vn -0.4999 -0.2488 0.8295
vn -0.7245 -0.3619 0.5866
vn -0.2658 -0.1320 0.9549
vn -0.1212 -0.0601 0.9908
vn -0.0499 -0.0247 0.9984
vn -0.0174 -0.0086 0.9998
vn -0.0043 -0.0021 1.0000
vn -0.5112 -0.2457 0.8236
vn -0.7359 -0.3543 0.5771
vn -0.2731 -0.1311 0.9530
vn -0.1247 -0.0598 0.9904
vn -0.0513 -0.0246 0.9984
vn -0.0179 -0.0086 0.9998
vn -0.0044 -0.0021 1.0000
vn -0.5172 -0.2438 0.8204
vn -0.7418 -0.3501 0.5721
vn -0.2769 -0.1305 0.9520
vn -0.1265 -0.0596 0.9902
vn -0.0521 -0.0245 0.9983
vn -0.0182 -0.0086 0.9998
vn -0.5205 -0.2426 0.8187
vn -0.7450 -0.3475 0.5694
vn -0.2791 -0.1301 0.9514
vn -0.1276 -0.0594 0.9900
vn -0.0525 -0.0245 0.9983
vn -0.0183 -0.0085 0.9998
vn -0.0003 -0.0002 1.0000
vn 0.1284 0.8667 0.4820
vn 0.1048 0.6615 0.7426
vn 0.1902 0.7200 0.6674
vn 0.2276 0.8869 0.4020
vn 0.0659 0.3918 0.9177
vn 0.1257 0.4596 0.8792
vn 0.0324 0.1878 0.9817
vn 0.0640 0.2303 0.9710
vn 0.0138 0.0786 0.9968
vn 0.0274 0.0977 0.9948
vn 0.0050 0.0278 0.9996
vn 0.0099 0.0347 0.9994
vn 0.0013 0.0069 1.0000
vn 0.0025 0.0086 1.0000
vn 0.2579 0.7608 0.5955
vn 0.2993 0.8932 0.3355
vn 0.1779 0.5160 0.8379
vn 0.0938 0.2695 0.9584
vn 0.0405 0.1158 0.9925
vn 0.0145 0.0411 0.9991
vn 0.0036 0.0102 0.9999
vn 0.3013 0.7841 0.5426
vn 0.3415 0.8931 0.2929
vn 0.2150 0.5548 0.8037
vn 0.1165 0.2989 0.9471
vn 0.0507 0.1297 0.9903
vn 0.0181 0.0460 0.9988
vn 0.0045 0.0113 0.9999
vn 0.3273 0.7965 0.5084
vn 0.3654 0.8915 0.2679
vn 0.2390 0.5791 0.7795
vn 0.1320 0.3187 0.9386
vn 0.0578 0.1394 0.9885
vn 0.0205 0.0494 0.9986
vn 0.0051 0.0121 0.9999
vn 0.3427 0.8032 0.4873
vn 0.3793 0.8899 0.2533
vn 0.2540 0.5938 0.7634
vn 0.1421 0.3314 0.9327
vn 0.0625 0.1457 0.9874
vn 0.0222 0.0516 0.9984
vn 0.0054 0.0126 0.9999
vn 0.3521 0.8068 0.4744
vn 0.3876 0.8888 0.2446
vn 0.2635 0.6028 0.7532
vn 0.1485 0.3394 0.9289
vn 0.0655 0.1497 0.9866
vn 0.0233 0.0531 0.9983
vn 0.0057 0.0129 0.9999
vn 0.0001 0.0007 1.0000
vn 0.0003 0.0009 1.0000
vn 0.0004 0.0010 1.0000
vn 0.0005 0.0011 1.0000
vn 0.0005 0.0012 1.0000
vn 0.1882 0.9495 0.2510
vn 0.1701 0.8578 0.4850
vn 0.1169 0.8644 0.4890
vn 0.1296 0.9586 0.2535
vn 0.1252 0.6330 0.7640
vn 0.0857 0.6355 0.7674
vn 0.0691 0.3512 0.9338
vn 0.0471 0.3513 0.9351
vn 0.0302 0.1536 0.9877
vn 0.0205 0.1535 0.9879
vn 0.0106 0.0542 0.9985
vn 0.0072 0.0541 0.9985
vn 0.0026 0.0131 0.9999
vn 0.0017 0.0131 0.9999
vn 0.0595 0.8688 0.4916
vn 0.0660 0.9646 0.2552
vn 0.0435 0.6371 0.7696
vn 0.0239 0.3514 0.9359
vn 0.0104 0.1534 0.9881
vn 0.0036 0.0540 0.9985
vn 0.0009 0.0131 0.9999
vn -0.0002 0.8703 0.4925
vn -0.0002 0.9667 0.2558
vn -0.0001 0.6377 0.7703
vn -0.0001 0.3514 0.9362
vn -0.0000 0.1533 0.9882
vn -0.0000 0.0540 0.9985
vn -0.0000 0.0131 0.9999
vn -0.0598 0.8688 0.4916
vn -0.0664 0.9646 0.2552
vn -0.0437 0.6371 0.7696
vn -0.0240 0.3514 0.9359
vn -0.0104 0.1534 0.9881
vn -0.0037 0.0541 0.9985
vn -0.0009 0.0131 0.9999
vn -0.1172 0.8644 0.4889
vn -0.1299 0.9586 0.2535
vn -0.0859 0.6355 0.7673
vn -0.0473 0.3513 0.9351
vn -0.0206 0.1535 0.9879
vn -0.0072 0.0541 0.9985
vn -0.0017 0.0131 0.9999
vn -0.1704 0.8578 0.4849
vn -0.1885 0.9495 0.2510
vn -0.1254 0.6329 0.7640
vn -0.0693 0.3511 0.9338
vn -0.0302 0.1536 0.9877
vn -0.0106 0.0542 0.9985
vn -0.0026 0.0131 0.9999
vn 0.0002 0.0013 1.0000
vn 0.0001 0.0013 1.0000
vn -0.0000 0.0013 1.0000
vn -0.0001 0.0013 1.0000
vn -0.0002 0.0013 1.0000
vn 0.7389 -0.1503 0.6569
vn 0.4817 -0.1027 0.8703
vn 0.5044 -0.1676 0.8471
vn 0.7488 -0.2443 0.6161
vn 0.2466 -0.0541 0.9676
vn 0.2640 -0.0888 0.9604
vn 0.1111 -0.0246 0.9935
vn 0.1198 -0.0405 0.9920
vn 0.0458 -0.0102 0.9989
vn 0.0493 -0.0167 0.9986
vn 0.0161 -0.0037 0.9999
vn 0.0173 -0.0059 0.9998
vn 0.0040 -0.0009 1.0000
vn 0.0042 -0.0015 1.0000
vn 0.5158 -0.2035 0.8322
vn 0.7511 -0.2943 0.5910
vn 0.2734 -0.1084 0.9558
vn 0.1245 -0.0495 0.9910
vn 0.0513 -0.0204 0.9985
vn 0.0179 -0.0072 0.9998
vn 0.0044 -0.0018 1.0000
vn 0.5209 -0.2208 0.8246
vn 0.7513 -0.3174 0.5786
vn 0.2779 -0.1180 0.9533
vn 0.1268 -0.0539 0.9905
vn 0.0522 -0.0222 0.9984
vn 0.0182 -0.0078 0.9998
vn 0.0044 -0.0019 1.0000
vn 0.5232 -0.2294 0.8207
vn 0.7510 -0.3288 0.5725
vn 0.2801 -0.1229 0.9521
vn 0.1279 -0.0562 0.9902
vn 0.0527 -0.0231 0.9983
vn 0.0184 -0.0081 0.9998
vn 0.0045 -0.0020 1.0000
vn 0.5243 -0.2340 0.8187
vn 0.7507 -0.3349 0.5694
vn 0.2811 -0.1256 0.9514
vn 0.1285 -0.0574 0.9900
vn 0.0529 -0.0236 0.9983
vn 0.0185 -0.0083 0.9998
vn 0.5248 -0.2366 0.8177
vn 0.7504 -0.3383 0.5678
vn 0.2816 -0.1270 0.9511
vn 0.1288 -0.0581 0.9900
vn 0.0530 -0.0239 0.9983
vn 0.7182 -0.0503 0.6940
vn 0.4508 -0.0340 0.8920
vn 0.2249 -0.0176 0.9742
vn 0.1005 -0.0080 0.9949
vn 0.0413 -0.0033 0.9991
vn 0.0145 -0.0012 0.9999
vn 0.0035 -0.0003 1.0000
vn 0.0004 -0.0000 1.0000
vn 0.0004 -0.0001 1.0000
vn 0.0005 -0.0002 1.0000
vn 0.0185 -0.0084 0.9998
vn 0.0531 -0.0241 0.9983
vn 0.1289 -0.0585 0.9899
vn 0.2818 -0.1279 0.9509
vn 0.5249 -0.2381 0.8171
vn 0.7502 -0.3403 0.5670
vn 0.7499 -0.3415 0.5666
vn 0.5249 -0.2390 0.8169
vn 0.5249 -0.2396 0.8168
vn 0.7497 -0.3422 0.5664
vn 0.2819 -0.1284 0.9508
vn 0.2819 -0.1287 0.9508
vn 0.1289 -0.0587 0.9899
vn 0.1289 -0.0588 0.9899
vn 0.0531 -0.0242 0.9983
vn 0.0185 -0.0085 0.9998
vn 0.5247 -0.2400 0.8167
vn 0.7495 -0.3428 0.5664
vn 0.2818 -0.1289 0.9508
vn 0.1289 -0.0589 0.9899
vn 0.0531 -0.0243 0.9983
vn 0.5245 -0.2403 0.8168
vn 0.7492 -0.3433 0.5664
vn 0.2817 -0.1291 0.9508
vn 0.1288 -0.0590 0.9899
vn 0.0530 -0.0243 0.9983
vn 0.5243 -0.2407 0.8168
vn 0.7489 -0.3438 0.5665
vn 0.2816 -0.1292 0.9508
vn 0.1288 -0.0591 0.9899
vn 0.5239 -0.2410 0.8170
vn 0.7485 -0.3443 0.5667
vn 0.2813 -0.1294 0.9508
vn 0.1286 -0.0592 0.9899
vn 0.0530 -0.0244 0.9983
vn 0.5233 -0.2414 0.8172
vn 0.7479 -0.3450 0.5671
vn 0.2810 -0.1296 0.9509
vn 0.1285 -0.0592 0.9899
vn 0.0529 -0.0244 0.9983
vn 0.5162 0.3921 0.7614
vn 0.3032 0.2306 0.9246
vn 0.3294 0.1902 0.9248
vn 0.5607 0.3242 0.7619
vn 0.1458 0.1110 0.9831
vn 0.1585 0.0915 0.9831
vn 0.0645 0.0491 0.9967
vn 0.0701 0.0404 0.9967
vn 0.0264 0.0201 0.9994
vn 0.0287 0.0166 0.9995
vn 0.0092 0.0070 0.9999
vn 0.0100 0.0058 0.9999
vn 0.0023 0.0017 1.0000
vn 0.0025 0.0014 1.0000
vn 0.3533 0.1512 0.9232
vn 0.5991 0.2574 0.7582
vn 0.1703 0.0727 0.9827
vn 0.0754 0.0322 0.9966
vn 0.0309 0.0132 0.9994
vn 0.0108 0.0046 0.9999
vn 0.0026 0.0011 1.0000
vn 0.3751 0.1136 0.9200
vn 0.6315 0.1927 0.7510
vn 0.1814 0.0547 0.9819
vn 0.0804 0.0242 0.9965
vn 0.0329 0.0099 0.9994
vn 0.0115 0.0035 0.9999
vn 0.0028 0.0008 1.0000
vn 0.3949 0.0773 0.9155
vn 0.6586 0.1308 0.7410
vn 0.1919 0.0373 0.9807
vn 0.0851 0.0165 0.9962
vn 0.0349 0.0067 0.9994
vn 0.0122 0.0023 0.9999
vn 0.0030 0.0006 1.0000
vn 0.4130 0.0424 0.9097
vn 0.6810 0.0719 0.7288
vn 0.2020 0.0204 0.9792
vn 0.0897 0.0090 0.9959
vn 0.0368 0.0037 0.9993
vn 0.0129 0.0013 0.9999
vn 0.0031 0.0003 1.0000
vn 0.4296 0.0087 0.9030
vn 0.6992 0.0164 0.7148
vn 0.2116 0.0040 0.9774
vn 0.0942 0.0017 0.9956
vn 0.0386 0.0007 0.9993
vn 0.0135 0.0002 0.9999
vn 0.0033 -0.0000 1.0000
vn 0.0003 0.0001 1.0000
vn 0.0003 -0.0000 1.0000
vn -0.0000 -0.0000 1.0000
vn -0.0002 -0.0000 1.0000
vn 0.0001 -0.0000 1.0000
vn -0.0001 -0.0000 1.0000
vt 0.000000 0.000000
s 1
usemtl 材质
f 2433/1/1 2434/1/2 2441/1/3 2440/1/4
f 2434/1/2 2435/1/5 2442/1/6 2441/1/3
f 2435/1/5 2436/1/7 2443/1/8 2442/1/6
f 2436/1/7 2437/1/9 2444/1/10 2443/1/8
f 2437/1/9 2438/1/11 2445/1/12 2444/1/10
f 2438/1/11 2439/1/13 2446/1/14 2445/1/12
f 2440/1/4 2441/1/3 2448/1/15 2447/1/16
f 2441/1/3 2442/1/6 2449/1/17 2448/1/15
f 2442/1/6 2443/1/8 2450/1/18 2449/1/17
f 2443/1/8 2444/1/10 2451/1/19 2450/1/18
f 2444/1/10 2445/1/12 2452/1/20 2451/1/19
f 2445/1/12 2446/1/14 2453/1/21 2452/1/20
f 2447/1/16 2448/1/15 2455/1/22 2454/1/23
f 2448/1/15 2449/1/17 2456/1/24 2455/1/22
f 2449/1/17 2450/1/18 2457/1/25 2456/1/24
f 2450/1/18 2451/1/19 2458/1/26 2457/1/25
f 2451/1/19 2452/1/20 2459/1/27 2458/1/26
f 2452/1/20 2453/1/21 2460/1/28 2459/1/27
f 2454/1/23 2455/1/22 2462/1/29 2461/1/30
f 2455/1/22 2456/1/24 2463/1/31 2462/1/29
f 2456/1/24 2457/1/25 2464/1/32 2463/1/31
f 2457/1/25 2458/1/26 2465/1/33 2464/1/32
f 2458/1/26 2459/1/27 2466/1/34 2465/1/33
f 2459/1/27 2460/1/28 2467/1/35 2466/1/34
f 2461/1/30 2462/1/29 2469/1/36 2468/1/37
f 2462/1/29 2463/1/31 2470/1/38 2469/1/36
f 2463/1/31 2464/1/32 2471/1/39 2470/1/38
f 2464/1/32 2465/1/33 2472/1/40 2471/1/39
f 2465/1/33 2466/1/34 2473/1/41 2472/1/40
f 2466/1/34 2467/1/35 2474/1/42 2473/1/41
f 2468/1/37 2469/1/36 2476/1/43 2475/1/44
f 2469/1/36 2470/1/38 2477/1/45 2476/1/43
f 2470/1/38 2471/1/39 2478/1/46 2477/1/45
f 2471/1/39 2472/1/40 2479/1/47 2478/1/46
f 2472/1/40 2473/1/41 2480/1/48 2479/1/47
f 2473/1/41 2474/1/42 2481/1/49 2480/1/48
f 19/1/50 745/1/51 2433/1/1 486/1/52
f 745/1/51 744/1/53 2434/1/2 2433/1/1
f 744/1/53 743/1/54 2435/1/5 2434/1/2
f 743/1/54 742/1/55 2436/1/7 2435/1/5
f 742/1/55 741/1/56 2437/1/9 2436/1/7
f 741/1/56 740/1/57 2438/1/11 2437/1/9
f 740/1/57 739/1/58 2439/1/13 2438/1/11
f 739/1/58 18/1/59 396/1/60 2439/1/13
f 2439/1/13 396/1/60 397/1/61 2446/1/14
f 2446/1/14 397/1/61 398/1/62 2453/1/21
f 2453/1/21 398/1/62 399/1/63 2460/1/28
f 2460/1/28 399/1/63 400/1/64 2467/1/35
f 2467/1/35 400/1/64 401/1/65 2474/1/42
f 2474/1/42 401/1/65 402/1/66 2481/1/49
f 2481/1/49 402/1/66 4/1/67 297/1/68
f 2480/1/48 2481/1/49 297/1/68 296/1/69
f 2479/1/47 2480/1/48 296/1/69 295/1/70
f 2478/1/46 2479/1/47 295/1/70 294/1/71
f 2477/1/45 2478/1/46 294/1/71 293/1/72
f 2476/1/43 2477/1/45 293/1/72 292/1/73
f 2475/1/44 2476/1/43 292/1/73 291/1/74
f 480/1/75 2475/1/44 291/1/74 3/1/76
f 481/1/77 2468/1/37 2475/1/44 480/1/75
f 482/1/78 2461/1/30 2468/1/37 481/1/77
f 483/1/79 2454/1/23 2461/1/30 482/1/78
f 484/1/80 2447/1/16 2454/1/23 483/1/79
f 485/1/81 2440/1/4 2447/1/16 484/1/80
f 486/1/52 2433/1/1 2440/1/4 485/1/81
f 2482/1/82 2483/1/83 2490/1/84 2489/1/85
f 2483/1/83 2484/1/86 2491/1/87 2490/1/84
f 2484/1/86 2485/1/88 2492/1/89 2491/1/87
f 2485/1/88 2486/1/90 2493/1/91 2492/1/89
f 2486/1/90 2487/1/92 2494/1/93 2493/1/91
f 2487/1/92 2488/1/94 2495/1/95 2494/1/93
f 2489/1/85 2490/1/84 2497/1/96 2496/1/97
f 2490/1/84 2491/1/87 2498/1/98 2497/1/96
f 2491/1/87 2492/1/89 2499/1/99 2498/1/98
f 2492/1/89 2493/1/91 2500/1/100 2499/1/99
f 2493/1/91 2494/1/93 2501/1/101 2500/1/100
f 2494/1/93 2495/1/95 2502/1/102 2501/1/101
f 2496/1/97 2497/1/96 2504/1/103 2503/1/104
f 2497/1/96 2498/1/98 2505/1/105 2504/1/103
f 2498/1/98 2499/1/99 2506/1/106 2505/1/105
f 2499/1/99 2500/1/100 2507/1/107 2506/1/106
f 2500/1/100 2501/1/101 2508/1/108 2507/1/107
f 2501/1/101 2502/1/102 2509/1/109 2508/1/108
f 2503/1/104 2504/1/103 2511/1/110 2510/1/111
f 2504/1/103 2505/1/105 2512/1/112 2511/1/110
f 2505/1/105 2506/1/106 2513/1/113 2512/1/112
f 2506/1/106 2507/1/107 2514/1/114 2513/1/113
f 2507/1/107 2508/1/108 2515/1/115 2514/1/114
f 2508/1/108 2509/1/109 2516/1/116 2515/1/115
f 2510/1/111 2511/1/110 2518/1/117 2517/1/118
f 2511/1/110 2512/1/112 2519/1/119 2518/1/117
f 2512/1/112 2513/1/113 2520/1/120 2519/1/119
f 2513/1/113 2514/1/114 2521/1/121 2520/1/120
f 2514/1/114 2515/1/115 2522/1/122 2521/1/121
f 2515/1/115 2516/1/116 2523/1/123 2522/1/122
f 2517/1/118 2518/1/117 2525/1/124 2524/1/125
f 2518/1/117 2519/1/119 2526/1/126 2525/1/124
f 2519/1/119 2520/1/120 2527/1/127 2526/1/126
f 2520/1/120 2521/1/121 2528/1/128 2527/1/127
f 2521/1/121 2522/1/122 2529/1/129 2528/1/128
f 2522/1/122 2523/1/123 2530/1/130 2529/1/129
f 36/1/131 787/1/132 2482/1/82 795/1/133
f 787/1/132 786/1/134 2483/1/83 2482/1/82
f 786/1/134 785/1/135 2484/1/86 2483/1/83
f 785/1/135 784/1/136 2485/1/88 2484/1/86
f 784/1/136 783/1/137 2486/1/90 2485/1/88
f 783/1/137 782/1/138 2487/1/92 2486/1/90
f 782/1/138 781/1/139 2488/1/94 2487/1/92
f 781/1/139 20/1/140 403/1/141 2488/1/94
f 2488/1/94 403/1/141 404/1/142 2495/1/95
f 2495/1/95 404/1/142 405/1/143 2502/1/102
f 2502/1/102 405/1/143 406/1/144 2509/1/109
f 2509/1/109 406/1/144 407/1/145 2516/1/116
f 2516/1/116 407/1/145 408/1/146 2523/1/123
f 2523/1/123 408/1/146 409/1/147 2530/1/130
f 2530/1/130 409/1/147 7/1/148 388/1/149
f 2529/1/129 2530/1/130 388/1/149 387/1/150
f 2528/1/128 2529/1/129 387/1/150 386/1/151
f 2527/1/127 2528/1/128 386/1/151 385/1/152
f 2526/1/126 2527/1/127 385/1/152 384/1/153
f 2525/1/124 2526/1/126 384/1/153 383/1/154
f 2524/1/125 2525/1/124 383/1/154 382/1/155
f 801/1/156 2524/1/125 382/1/155 35/1/157
f 800/1/158 2517/1/118 2524/1/125 801/1/156
f 799/1/159 2510/1/111 2517/1/118 800/1/158
f 798/1/160 2503/1/104 2510/1/111 799/1/159
f 797/1/161 2496/1/97 2503/1/104 798/1/160
f 796/1/162 2489/1/85 2496/1/97 797/1/161
f 795/1/133 2482/1/82 2489/1/85 796/1/162
f 2531/1/163 2532/1/164 2539/1/165 2538/1/166
f 2532/1/164 2533/1/167 2540/1/168 2539/1/165
f 2533/1/167 2534/1/169 2541/1/170 2540/1/168
f 2534/1/169 2535/1/171 2542/1/172 2541/1/170
f 2535/1/171 2536/1/173 2543/1/174 2542/1/172
f 2536/1/173 2537/1/175 2544/1/176 2543/1/174
f 2538/1/166 2539/1/165 2546/1/177 2545/1/178
f 2539/1/165 2540/1/168 2547/1/179 2546/1/177
f 2540/1/168 2541/1/170 2548/1/180 2547/1/179
f 2541/1/170 2542/1/172 2549/1/181 2548/1/180
f 2542/1/172 2543/1/174 2550/1/182 2549/1/181
f 2543/1/174 2544/1/176 2551/1/183 2550/1/182
f 2545/1/178 2546/1/177 2553/1/184 2552/1/185
f 2546/1/177 2547/1/179 2554/1/186 2553/1/184
f 2547/1/179 2548/1/180 2555/1/187 2554/1/186
f 2548/1/180 2549/1/181 2556/1/188 2555/1/187
f 2549/1/181 2550/1/182 2557/1/189 2556/1/188
f 2550/1/182 2551/1/183 2558/1/190 2557/1/189
f 2552/1/185 2553/1/184 2560/1/191 2559/1/192
f 2553/1/184 2554/1/186 2561/1/193 2560/1/191
f 2554/1/186 2555/1/187 2562/1/194 2561/1/193
f 2555/1/187 2556/1/188 2563/1/195 2562/1/194
f 2556/1/188 2557/1/189 2564/1/196 2563/1/195
f 2557/1/189 2558/1/190 2565/1/197 2564/1/196
f 2559/1/192 2560/1/191 2567/1/198 2566/1/199
f 2560/1/191 2561/1/193 2568/1/200 2567/1/198
f 2561/1/193 2562/1/194 2569/1/201 2568/1/200
f 2562/1/194 2563/1/195 2570/1/202 2569/1/201
f 2563/1/195 2564/1/196 2571/1/203 2570/1/202
f 2564/1/196 2565/1/197 2572/1/204 2571/1/203
f 2566/1/199 2567/1/198 2574/1/205 2573/1/206
f 2567/1/198 2568/1/200 2575/1/207 2574/1/205
f 2568/1/200 2569/1/201 2576/1/208 2575/1/207
f 2569/1/201 2570/1/202 2577/1/209 2576/1/208
f 2570/1/202 2571/1/203 2578/1/210 2577/1/209
f 2571/1/203 2572/1/204 2579/1/211 2578/1/210
f 23/1/212 731/1/213 2531/1/163 528/1/214
f 731/1/213 730/1/215 2532/1/164 2531/1/163
f 730/1/215 729/1/216 2533/1/167 2532/1/164
f 729/1/216 728/1/217 2534/1/169 2533/1/167
f 728/1/217 727/1/218 2535/1/171 2534/1/169
f 727/1/218 726/1/219 2536/1/173 2535/1/171
f 726/1/219 725/1/220 2537/1/175 2536/1/173
f 725/1/220 22/1/221 410/1/222 2537/1/175
f 2537/1/175 410/1/222 411/1/223 2544/1/176
f 2544/1/176 411/1/223 412/1/224 2551/1/183
f 2551/1/183 412/1/224 413/1/225 2558/1/190
f 2558/1/190 413/1/225 414/1/226 2565/1/197
f 2565/1/197 414/1/226 415/1/227 2572/1/204
f 2572/1/204 415/1/227 416/1/228 2579/1/211
f 2579/1/211 416/1/228 14/1/229 353/1/230
f 2578/1/210 2579/1/211 353/1/230 352/1/231
f 2577/1/209 2578/1/210 352/1/231 351/1/232
f 2576/1/208 2577/1/209 351/1/232 350/1/233
f 2575/1/207 2576/1/208 350/1/233 349/1/234
f 2574/1/205 2575/1/207 349/1/234 348/1/235
f 2573/1/206 2574/1/205 348/1/235 347/1/236
f 522/1/237 2573/1/206 347/1/236 13/1/238
f 523/1/239 2566/1/199 2573/1/206 522/1/237
f 524/1/240 2559/1/192 2566/1/199 523/1/239
f 525/1/241 2552/1/185 2559/1/192 524/1/240
f 526/1/242 2545/1/178 2552/1/185 525/1/241
f 527/1/243 2538/1/166 2545/1/178 526/1/242
f 528/1/214 2531/1/163 2538/1/166 527/1/243
f 2580/1/244 2581/1/245 2588/1/246 2587/1/247
f 2581/1/245 2582/1/248 2589/1/249 2588/1/246
f 2582/1/248 2583/1/250 2590/1/251 2589/1/249
f 2583/1/250 2584/1/252 2591/1/253 2590/1/251
f 2584/1/252 2585/1/254 2592/1/255 2591/1/253
f 2585/1/254 2586/1/256 2593/1/257 2592/1/255
f 2587/1/247 2588/1/246 2595/1/258 2594/1/259
f 2588/1/246 2589/1/249 2596/1/260 2595/1/258
f 2589/1/249 2590/1/251 2597/1/261 2596/1/260
f 2590/1/251 2591/1/253 2598/1/262 2597/1/261
f 2591/1/253 2592/1/255 2599/1/263 2598/1/262
f 2592/1/255 2593/1/257 2600/1/264 2599/1/263
f 2594/1/259 2595/1/258 2602/1/265 2601/1/266
f 2595/1/258 2596/1/260 2603/1/267 2602/1/265
f 2596/1/260 2597/1/261 2604/1/268 2603/1/267
f 2597/1/261 2598/1/262 2605/1/269 2604/1/268
f 2598/1/262 2599/1/263 2606/1/270 2605/1/269
f 2599/1/263 2600/1/264 2607/1/271 2606/1/270
f 2601/1/266 2602/1/265 2609/1/272 2608/1/273
f 2602/1/265 2603/1/267 2610/1/274 2609/1/272
f 2603/1/267 2604/1/268 2611/1/275 2610/1/274
f 2604/1/268 2605/1/269 2612/1/276 2611/1/275
f 2605/1/269 2606/1/270 2613/1/277 2612/1/276
f 2606/1/270 2607/1/271 2614/1/278 2613/1/277
f 2608/1/273 2609/1/272 2616/1/279 2615/1/280
f 2609/1/272 2610/1/274 2617/1/281 2616/1/279
f 2610/1/274 2611/1/275 2618/1/282 2617/1/281
f 2611/1/275 2612/1/276 2619/1/283 2618/1/282
f 2612/1/276 2613/1/277 2620/1/284 2619/1/283
f 2613/1/277 2614/1/278 2621/1/285 2620/1/284
f 2615/1/280 2616/1/279 2623/1/286 2622/1/287
f 2616/1/279 2617/1/281 2624/1/288 2623/1/286
f 2617/1/281 2618/1/282 2625/1/289 2624/1/288
f 2618/1/282 2619/1/283 2626/1/290 2625/1/289
f 2619/1/283 2620/1/284 2627/1/291 2626/1/290
f 2620/1/284 2621/1/285 2628/1/292 2627/1/291
f 18/1/59 724/1/293 2580/1/244 396/1/60
f 724/1/293 723/1/294 2581/1/245 2580/1/244
f 723/1/294 722/1/295 2582/1/248 2581/1/245
f 722/1/295 721/1/296 2583/1/250 2582/1/248
f 721/1/296 720/1/297 2584/1/252 2583/1/250
f 720/1/297 719/1/298 2585/1/254 2584/1/252
f 719/1/298 718/1/299 2586/1/256 2585/1/254
f 718/1/299 24/1/300 417/1/301 2586/1/256
f 2586/1/256 417/1/301 418/1/302 2593/1/257
f 2593/1/257 418/1/302 419/1/303 2600/1/264
f 2600/1/264 419/1/303 420/1/304 2607/1/271
f 2607/1/271 420/1/304 421/1/305 2614/1/278
f 2614/1/278 421/1/305 422/1/306 2621/1/285
f 2621/1/285 422/1/306 423/1/307 2628/1/292
f 2628/1/292 423/1/307 5/1/308 304/1/309
f 2627/1/291 2628/1/292 304/1/309 303/1/310
f 2626/1/290 2627/1/291 303/1/310 302/1/311
f 2625/1/289 2626/1/290 302/1/311 301/1/312
f 2624/1/288 2625/1/289 301/1/312 300/1/313
f 2623/1/286 2624/1/288 300/1/313 299/1/314
f 2622/1/287 2623/1/286 299/1/314 298/1/315
f 402/1/66 2622/1/287 298/1/315 4/1/67
f 401/1/65 2615/1/280 2622/1/287 402/1/66
f 400/1/64 2608/1/273 2615/1/280 401/1/65
f 399/1/63 2601/1/266 2608/1/273 400/1/64
f 398/1/62 2594/1/259 2601/1/266 399/1/63
f 397/1/61 2587/1/247 2594/1/259 398/1/62
f 396/1/60 2580/1/244 2587/1/247 397/1/61
f 2629/1/316 2630/1/317 2637/1/318 2636/1/319
f 2630/1/317 2631/1/320 2638/1/321 2637/1/318
f 2631/1/320 2632/1/322 2639/1/323 2638/1/321
f 2632/1/322 2633/1/324 2640/1/325 2639/1/323
f 2633/1/324 2634/1/326 2641/1/327 2640/1/325
f 2634/1/326 2635/1/328 2642/1/329 2641/1/327
f 2636/1/319 2637/1/318 2644/1/330 2643/1/331
f 2637/1/318 2638/1/321 2645/1/332 2644/1/330
f 2638/1/321 2639/1/323 2646/1/333 2645/1/332
f 2639/1/323 2640/1/325 2647/1/334 2646/1/333
f 2640/1/325 2641/1/327 2648/1/335 2647/1/334
f 2641/1/327 2642/1/329 2649/1/336 2648/1/335
f 2643/1/331 2644/1/330 2651/1/337 2650/1/338
f 2644/1/330 2645/1/332 2652/1/339 2651/1/337
f 2645/1/332 2646/1/333 2653/1/340 2652/1/339
f 2646/1/333 2647/1/334 2654/1/341 2653/1/340
f 2647/1/334 2648/1/335 2655/1/342 2654/1/341
f 2648/1/335 2649/1/336 2656/1/343 2655/1/342
f 2650/1/338 2651/1/337 2658/1/344 2657/1/345
f 2651/1/337 2652/1/339 2659/1/346 2658/1/344
f 2652/1/339 2653/1/340 2660/1/347 2659/1/346
f 2653/1/340 2654/1/341 2661/1/348 2660/1/347
f 2654/1/341 2655/1/342 2662/1/349 2661/1/348
f 2655/1/342 2656/1/343 2663/1/350 2662/1/349
f 2657/1/345 2658/1/344 2665/1/351 2664/1/352
f 2658/1/344 2659/1/346 2666/1/353 2665/1/351
f 2659/1/346 2660/1/347 2667/1/354 2666/1/353
f 2660/1/347 2661/1/348 2668/1/355 2667/1/354
f 2661/1/348 2662/1/349 2669/1/356 2668/1/355
f 2662/1/349 2663/1/350 2670/1/357 2669/1/356
f 2664/1/352 2665/1/351 2672/1/358 2671/1/359
f 2665/1/351 2666/1/353 2673/1/360 2672/1/358
f 2666/1/353 2667/1/354 2674/1/361 2673/1/360
f 2667/1/354 2668/1/355 2675/1/362 2674/1/361
f 2668/1/355 2669/1/356 2676/1/363 2675/1/362
f 2669/1/356 2670/1/357 2677/1/364 2676/1/363
f 38/1/365 836/1/366 2629/1/316 822/1/367
f 836/1/366 835/1/368 2630/1/317 2629/1/316
f 835/1/368 834/1/369 2631/1/320 2630/1/317
f 834/1/369 833/1/370 2632/1/322 2631/1/320
f 833/1/370 832/1/371 2633/1/324 2632/1/322
f 832/1/371 831/1/372 2634/1/326 2633/1/324
f 831/1/372 830/1/373 2635/1/328 2634/1/326
f 830/1/373 37/1/374 389/1/375 2635/1/328
f 2635/1/328 389/1/375 390/1/376 2642/1/329
f 2642/1/329 390/1/376 391/1/377 2649/1/336
f 2649/1/336 391/1/377 392/1/378 2656/1/343
f 2656/1/343 392/1/378 393/1/379 2663/1/350
f 2663/1/350 393/1/379 394/1/380 2670/1/357
f 2670/1/357 394/1/380 395/1/381 2677/1/364
f 2677/1/364 395/1/381 12/1/382 430/1/383
f 2676/1/363 2677/1/364 430/1/383 429/1/384
f 2675/1/362 2676/1/363 429/1/384 428/1/385
f 2674/1/361 2675/1/362 428/1/385 427/1/386
f 2673/1/360 2674/1/361 427/1/386 426/1/387
f 2672/1/358 2673/1/360 426/1/387 425/1/388
f 2671/1/359 2672/1/358 425/1/388 424/1/389
f 816/1/390 2671/1/359 424/1/389 25/1/391
f 817/1/392 2664/1/352 2671/1/359 816/1/390
f 818/1/393 2657/1/345 2664/1/352 817/1/392
f 819/1/394 2650/1/338 2657/1/345 818/1/393
f 820/1/395 2643/1/331 2650/1/338 819/1/394
f 821/1/396 2636/1/319 2643/1/331 820/1/395
f 822/1/367 2629/1/316 2636/1/319 821/1/396
f 2678/1/397 2679/1/398 2686/1/399 2685/1/400
f 2679/1/398 2680/1/401 2687/1/402 2686/1/399
f 2680/1/401 2681/1/403 2688/1/404 2687/1/402
f 2681/1/403 2682/1/405 2689/1/406 2688/1/404
f 2682/1/405 2683/1/407 2690/1/408 2689/1/406
f 2683/1/407 2684/1/409 2691/1/410 2690/1/408
f 2685/1/400 2686/1/399 2693/1/411 2692/1/412
f 2686/1/399 2687/1/402 2694/1/413 2693/1/411
f 2687/1/402 2688/1/404 2695/1/414 2694/1/413
f 2688/1/404 2689/1/406 2696/1/415 2695/1/414
f 2689/1/406 2690/1/408 2697/1/416 2696/1/415
f 2690/1/408 2691/1/410 2698/1/417 2697/1/416
f 2692/1/412 2693/1/411 2700/1/418 2699/1/419
f 2693/1/411 2694/1/413 2701/1/420 2700/1/418
f 2694/1/413 2695/1/414 2702/1/421 2701/1/420
f 2695/1/414 2696/1/415 2703/1/422 2702/1/421
f 2696/1/415 2697/1/416 2704/1/423 2703/1/422
f 2697/1/416 2698/1/417 2705/1/424 2704/1/423
f 2699/1/419 2700/1/418 2707/1/425 2706/1/426
f 2700/1/418 2701/1/420 2708/1/427 2707/1/425
f 2701/1/420 2702/1/421 2709/1/428 2708/1/427
f 2702/1/421 2703/1/422 2710/1/429 2709/1/428
f 2703/1/422 2704/1/423 2711/1/430 2710/1/429
f 2704/1/423 2705/1/424 2712/1/431 2711/1/430
f 2706/1/426 2707/1/425 2714/1/432 2713/1/433
f 2707/1/425 2708/1/427 2715/1/434 2714/1/432
f 2708/1/427 2709/1/428 2716/1/435 2715/1/434
f 2709/1/428 2710/1/429 2717/1/436 2716/1/435
f 2710/1/429 2711/1/430 2718/1/437 2717/1/436
f 2711/1/430 2712/1/431 2719/1/438 2718/1/437
f 2713/1/433 2714/1/432 2721/1/439 2720/1/440
f 2714/1/432 2715/1/434 2722/1/441 2721/1/439
f 2715/1/434 2716/1/435 2723/1/442 2722/1/441
f 2716/1/435 2717/1/436 2724/1/443 2723/1/442
f 2717/1/436 2718/1/437 2725/1/444 2724/1/443
f 2718/1/437 2719/1/438 2726/1/445 2725/1/444
f 22/1/221 710/1/446 2678/1/397 410/1/222
f 710/1/446 709/1/447 2679/1/398 2678/1/397
f 709/1/447 708/1/448 2680/1/401 2679/1/398
f 708/1/448 707/1/449 2681/1/403 2680/1/401
f 707/1/449 706/1/450 2682/1/405 2681/1/403
f 706/1/450 705/1/451 2683/1/407 2682/1/405
f 705/1/451 704/1/452 2684/1/409 2683/1/407
f 704/1/452 27/1/453 431/1/454 2684/1/409
f 2684/1/409 431/1/454 432/1/455 2691/1/410
f 2691/1/410 432/1/455 433/1/456 2698/1/417
f 2698/1/417 433/1/456 434/1/457 2705/1/424
f 2705/1/424 434/1/457 435/1/458 2712/1/431
f 2712/1/431 435/1/458 436/1/459 2719/1/438
f 2719/1/438 436/1/459 437/1/460 2726/1/445
f 2726/1/445 437/1/460 15/1/461 360/1/462
f 2725/1/444 2726/1/445 360/1/462 359/1/463
f 2724/1/443 2725/1/444 359/1/463 358/1/464
f 2723/1/442 2724/1/443 358/1/464 357/1/465
f 2722/1/441 2723/1/442 357/1/465 356/1/466
f 2721/1/439 2722/1/441 356/1/466 355/1/467
f 2720/1/440 2721/1/439 355/1/467 354/1/468
f 416/1/228 2720/1/440 354/1/468 14/1/229
f 415/1/227 2713/1/433 2720/1/440 416/1/228
f 414/1/226 2706/1/426 2713/1/433 415/1/227
f 413/1/225 2699/1/419 2706/1/426 414/1/226
f 412/1/224 2692/1/412 2699/1/419 413/1/225
f 411/1/223 2685/1/400 2692/1/412 412/1/224
f 410/1/222 2678/1/397 2685/1/400 411/1/223
f 2727/1/469 2728/1/470 2735/1/471 2734/1/472
f 2728/1/470 2729/1/473 2736/1/474 2735/1/471
f 2729/1/473 2730/1/475 2737/1/476 2736/1/474
f 2730/1/475 2731/1/477 2738/1/478 2737/1/476
f 2731/1/477 2732/1/479 2739/1/480 2738/1/478
f 2732/1/479 2733/1/481 2740/1/482 2739/1/480
f 2734/1/472 2735/1/471 2742/1/483 2741/1/484
f 2735/1/471 2736/1/474 2743/1/485 2742/1/483
f 2736/1/474 2737/1/476 2744/1/486 2743/1/485
f 2737/1/476 2738/1/478 2745/1/487 2744/1/486
f 2738/1/478 2739/1/480 2746/1/488 2745/1/487
f 2739/1/480 2740/1/482 2747/1/489 2746/1/488
f 2741/1/484 2742/1/483 2749/1/490 2748/1/491
f 2742/1/483 2743/1/485 2750/1/492 2749/1/490
f 2743/1/485 2744/1/486 2751/1/493 2750/1/492
f 2744/1/486 2745/1/487 2752/1/494 2751/1/493
f 2745/1/487 2746/1/488 2753/1/495 2752/1/494
f 2746/1/488 2747/1/489 2754/1/496 2753/1/495
f 2748/1/491 2749/1/490 2756/1/497 2755/1/498
f 2749/1/490 2750/1/492 2757/1/499 2756/1/497
f 2750/1/492 2751/1/493 2758/1/500 2757/1/499
f 2751/1/493 2752/1/494 2759/1/501 2758/1/500
f 2752/1/494 2753/1/495 2760/1/502 2759/1/501
f 2753/1/495 2754/1/496 2761/1/503 2760/1/502
f 2755/1/498 2756/1/497 2763/1/504 2762/1/505
f 2756/1/497 2757/1/499 2764/1/506 2763/1/504
f 2757/1/499 2758/1/500 2765/1/507 2764/1/506
f 2758/1/500 2759/1/501 2766/1/508 2765/1/507
f 2759/1/501 2760/1/502 2767/1/509 2766/1/508
f 2760/1/502 2761/1/503 2768/1/510 2767/1/509
f 2762/1/505 2763/1/504 2770/1/511 2769/1/512
f 2763/1/504 2764/1/506 2771/1/513 2770/1/511
f 2764/1/506 2765/1/507 2772/1/514 2771/1/513
f 2765/1/507 2766/1/508 2773/1/515 2772/1/514
f 2766/1/508 2767/1/509 2774/1/516 2773/1/515
f 2767/1/509 2768/1/510 2775/1/517 2774/1/516
f 24/1/300 703/1/518 2727/1/469 417/1/301
f 703/1/518 702/1/519 2728/1/470 2727/1/469
f 702/1/519 701/1/520 2729/1/473 2728/1/470
f 701/1/520 700/1/521 2730/1/475 2729/1/473
f 700/1/521 699/1/522 2731/1/477 2730/1/475
f 699/1/522 698/1/523 2732/1/479 2731/1/477
f 698/1/523 697/1/524 2733/1/481 2732/1/479
f 697/1/524 28/1/525 438/1/526 2733/1/481
f 2733/1/481 438/1/526 439/1/527 2740/1/482
f 2740/1/482 439/1/527 440/1/528 2747/1/489
f 2747/1/489 440/1/528 441/1/529 2754/1/496
f 2754/1/496 441/1/529 442/1/530 2761/1/503
f 2761/1/503 442/1/530 443/1/531 2768/1/510
f 2768/1/510 443/1/531 444/1/532 2775/1/517
f 2775/1/517 444/1/532 2/1/533 311/1/534
f 2774/1/516 2775/1/517 311/1/534 310/1/535
f 2773/1/515 2774/1/516 310/1/535 309/1/536
f 2772/1/514 2773/1/515 309/1/536 308/1/537
f 2771/1/513 2772/1/514 308/1/537 307/1/538
f 2770/1/511 2771/1/513 307/1/538 306/1/539
f 2769/1/512 2770/1/511 306/1/539 305/1/540
f 423/1/307 2769/1/512 305/1/540 5/1/308
f 422/1/306 2762/1/505 2769/1/512 423/1/307
f 421/1/305 2755/1/498 2762/1/505 422/1/306
f 420/1/304 2748/1/491 2755/1/498 421/1/305
f 419/1/303 2741/1/484 2748/1/491 420/1/304
f 418/1/302 2734/1/472 2741/1/484 419/1/303
f 417/1/301 2727/1/469 2734/1/472 418/1/302
f 2776/1/541 2777/1/542 2784/1/543 2783/1/544
f 2777/1/542 2778/1/545 2785/1/546 2784/1/543
f 2778/1/545 2779/1/547 2786/1/548 2785/1/546
f 2779/1/547 2780/1/549 2787/1/550 2786/1/548
f 2780/1/549 2781/1/551 2788/1/552 2787/1/550
f 2781/1/551 2782/1/553 2789/1/554 2788/1/552
f 2783/1/544 2784/1/543 2791/1/555 2790/1/556
f 2784/1/543 2785/1/546 2792/1/557 2791/1/555
f 2785/1/546 2786/1/548 2793/1/558 2792/1/557
f 2786/1/548 2787/1/550 2794/1/559 2793/1/558
f 2787/1/550 2788/1/552 2795/1/560 2794/1/559
f 2788/1/552 2789/1/554 2796/1/561 2795/1/560
f 2790/1/556 2791/1/555 2798/1/562 2797/1/563
f 2791/1/555 2792/1/557 2799/1/564 2798/1/562
f 2792/1/557 2793/1/558 2800/1/565 2799/1/564
f 2793/1/558 2794/1/559 2801/1/566 2800/1/565
f 2794/1/559 2795/1/560 2802/1/567 2801/1/566
f 2795/1/560 2796/1/561 2803/1/568 2802/1/567
f 2797/1/563 2798/1/562 2805/1/569 2804/1/570
f 2798/1/562 2799/1/564 2806/1/571 2805/1/569
f 2799/1/564 2800/1/565 2807/1/572 2806/1/571
f 2800/1/565 2801/1/566 2808/1/573 2807/1/572
f 2801/1/566 2802/1/567 2809/1/574 2808/1/573
f 2802/1/567 2803/1/568 2810/1/575 2809/1/574
f 2804/1/570 2805/1/569 2812/1/576 2811/1/577
f 2805/1/569 2806/1/571 2813/1/578 2812/1/576
f 2806/1/571 2807/1/572 2814/1/579 2813/1/578
f 2807/1/572 2808/1/573 2815/1/580 2814/1/579
f 2808/1/573 2809/1/574 2816/1/581 2815/1/580
f 2809/1/574 2810/1/575 2817/1/582 2816/1/581
f 2811/1/577 2812/1/576 2819/1/583 2818/1/584
f 2812/1/576 2813/1/578 2820/1/585 2819/1/583
f 2813/1/578 2814/1/579 2821/1/586 2820/1/585
f 2814/1/579 2815/1/580 2822/1/587 2821/1/586
f 2815/1/580 2816/1/581 2823/1/588 2822/1/587
f 2816/1/581 2817/1/582 2824/1/589 2823/1/588
f 27/1/453 696/1/590 2776/1/541 431/1/454
f 696/1/590 695/1/591 2777/1/542 2776/1/541
f 695/1/591 694/1/592 2778/1/545 2777/1/542
f 694/1/592 693/1/593 2779/1/547 2778/1/545
f 693/1/593 692/1/594 2780/1/549 2779/1/547
f 692/1/594 691/1/595 2781/1/551 2780/1/549
f 691/1/595 690/1/596 2782/1/553 2781/1/551
f 690/1/596 25/1/391 424/1/389 2782/1/553
f 2782/1/553 424/1/389 425/1/388 2789/1/554
f 2789/1/554 425/1/388 426/1/387 2796/1/561
f 2796/1/561 426/1/387 427/1/386 2803/1/568
f 2803/1/568 427/1/386 428/1/385 2810/1/575
f 2810/1/575 428/1/385 429/1/384 2817/1/582
f 2817/1/582 429/1/384 430/1/383 2824/1/589
f 2824/1/589 430/1/383 12/1/382 367/1/597
f 2823/1/588 2824/1/589 367/1/597 366/1/598
f 2822/1/587 2823/1/588 366/1/598 365/1/599
f 2821/1/586 2822/1/587 365/1/599 364/1/600
f 2820/1/585 2821/1/586 364/1/600 363/1/601
f 2819/1/583 2820/1/585 363/1/601 362/1/602
f 2818/1/584 2819/1/583 362/1/602 361/1/603
f 437/1/460 2818/1/584 361/1/603 15/1/461
f 436/1/459 2811/1/577 2818/1/584 437/1/460
f 435/1/458 2804/1/570 2811/1/577 436/1/459
f 434/1/457 2797/1/563 2804/1/570 435/1/458
f 433/1/456 2790/1/556 2797/1/563 434/1/457
f 432/1/455 2783/1/544 2790/1/556 433/1/456
f 431/1/454 2776/1/541 2783/1/544 432/1/455
f 2825/1/604 2826/1/605 2833/1/606 2832/1/607
f 2826/1/605 2827/1/608 2834/1/609 2833/1/606
f 2827/1/608 2828/1/610 2835/1/611 2834/1/609
f 2828/1/610 2829/1/612 2836/1/613 2835/1/611
f 2829/1/612 2830/1/614 2837/1/615 2836/1/613
f 2830/1/614 2831/1/616 2838/1/617 2837/1/615
f 2832/1/607 2833/1/606 2840/1/618 2839/1/619
f 2833/1/606 2834/1/609 2841/1/620 2840/1/618
f 2834/1/609 2835/1/611 2842/1/621 2841/1/620
f 2835/1/611 2836/1/613 2843/1/622 2842/1/621
f 2836/1/613 2837/1/615 2844/1/623 2843/1/622
f 2837/1/615 2838/1/617 2845/1/624 2844/1/623
f 2839/1/619 2840/1/618 2847/1/625 2846/1/626
f 2840/1/618 2841/1/620 2848/1/627 2847/1/625
f 2841/1/620 2842/1/621 2849/1/628 2848/1/627
f 2842/1/621 2843/1/622 2850/1/629 2849/1/628
f 2843/1/622 2844/1/623 2851/1/630 2850/1/629
f 2844/1/623 2845/1/624 2852/1/631 2851/1/630
f 2846/1/626 2847/1/625 2854/1/632 2853/1/633
f 2847/1/625 2848/1/627 2855/1/634 2854/1/632
f 2848/1/627 2849/1/628 2856/1/635 2855/1/634
f 2849/1/628 2850/1/629 2857/1/636 2856/1/635
f 2850/1/629 2851/1/630 2858/1/637 2857/1/636
f 2851/1/630 2852/1/631 2859/1/638 2858/1/637
f 2853/1/633 2854/1/632 2861/1/639 2860/1/640
f 2854/1/632 2855/1/634 2862/1/641 2861/1/639
f 2855/1/634 2856/1/635 2863/1/642 2862/1/641
f 2856/1/635 2857/1/636 2864/1/643 2863/1/642
f 2857/1/636 2858/1/637 2865/1/644 2864/1/643
f 2858/1/637 2859/1/638 2866/1/645 2865/1/644
f 2860/1/640 2861/1/639 2868/1/646 2867/1/647
f 2861/1/639 2862/1/641 2869/1/648 2868/1/646
f 2862/1/641 2863/1/642 2870/1/649 2869/1/648
f 2863/1/642 2864/1/643 2871/1/650 2870/1/649
f 2864/1/643 2865/1/644 2872/1/651 2871/1/650
f 2865/1/644 2866/1/645 2873/1/652 2872/1/651
f 30/1/653 591/1/654 2825/1/604 689/1/655
f 591/1/654 590/1/656 2826/1/605 2825/1/604
f 590/1/656 589/1/657 2827/1/608 2826/1/605
f 589/1/657 588/1/658 2828/1/610 2827/1/608
f 588/1/658 587/1/659 2829/1/612 2828/1/610
f 587/1/659 586/1/660 2830/1/614 2829/1/612
f 586/1/660 585/1/661 2831/1/616 2830/1/614
f 585/1/661 6/1/662 312/1/663 2831/1/616
f 2831/1/616 312/1/663 313/1/664 2838/1/617
f 2838/1/617 313/1/664 314/1/665 2845/1/624
f 2845/1/624 314/1/665 315/1/666 2852/1/631
f 2852/1/631 315/1/666 316/1/667 2859/1/638
f 2859/1/638 316/1/667 317/1/668 2866/1/645
f 2866/1/645 317/1/668 318/1/669 2873/1/652
f 2873/1/652 318/1/669 8/1/670 451/1/671
f 2872/1/651 2873/1/652 451/1/671 450/1/672
f 2871/1/650 2872/1/651 450/1/672 449/1/673
f 2870/1/649 2871/1/650 449/1/673 448/1/674
f 2869/1/648 2870/1/649 448/1/674 447/1/675
f 2868/1/646 2869/1/648 447/1/675 446/1/676
f 2867/1/647 2868/1/646 446/1/676 445/1/677
f 683/1/678 2867/1/647 445/1/677 29/1/679
f 684/1/680 2860/1/640 2867/1/647 683/1/678
f 685/1/681 2853/1/633 2860/1/640 684/1/680
f 686/1/682 2846/1/626 2853/1/633 685/1/681
f 687/1/683 2839/1/619 2846/1/626 686/1/682
f 688/1/684 2832/1/607 2839/1/619 687/1/683
f 689/1/655 2825/1/604 2832/1/607 688/1/684
f 2874/1/685 2875/1/686 2882/1/687 2881/1/688
f 2875/1/686 2876/1/689 2883/1/690 2882/1/687
f 2876/1/689 2877/1/691 2884/1/692 2883/1/690
f 2877/1/691 2878/1/693 2885/1/694 2884/1/692
f 2878/1/693 2879/1/695 2886/1/696 2885/1/694
f 2879/1/695 2880/1/697 2887/1/698 2886/1/696
f 2881/1/688 2882/1/687 2889/1/699 2888/1/700
f 2882/1/687 2883/1/690 2890/1/701 2889/1/699
f 2883/1/690 2884/1/692 2891/1/702 2890/1/701
f 2884/1/692 2885/1/694 2892/1/703 2891/1/702
f 2885/1/694 2886/1/696 2893/1/704 2892/1/703
f 2886/1/696 2887/1/698 2894/1/705 2893/1/704
f 2888/1/700 2889/1/699 2896/1/706 2895/1/707
f 2889/1/699 2890/1/701 2897/1/708 2896/1/706
f 2890/1/701 2891/1/702 2898/1/709 2897/1/708
f 2891/1/702 2892/1/703 2899/1/710 2898/1/709
f 2892/1/703 2893/1/704 2900/1/711 2899/1/710
f 2893/1/704 2894/1/705 2901/1/712 2900/1/711
f 2895/1/707 2896/1/706 2903/1/713 2902/1/714
f 2896/1/706 2897/1/708 2904/1/715 2903/1/713
f 2897/1/708 2898/1/709 2905/1/716 2904/1/715
f 2898/1/709 2899/1/710 2906/1/717 2905/1/716
f 2899/1/710 2900/1/711 2907/1/718 2906/1/717
f 2900/1/711 2901/1/712 2908/1/719 2907/1/718
f 2902/1/714 2903/1/713 2910/1/720 2909/1/721
f 2903/1/713 2904/1/715 2911/1/722 2910/1/720
f 2904/1/715 2905/1/716 2912/1/723 2911/1/722
f 2905/1/716 2906/1/717 2913/1/724 2912/1/723
f 2906/1/717 2907/1/718 2914/1/725 2913/1/724
f 2907/1/718 2908/1/719 2915/1/726 2914/1/725
f 2909/1/721 2910/1/720 2917/1/727 2916/1/728
f 2910/1/720 2911/1/722 2918/1/729 2917/1/727
f 2911/1/722 2912/1/723 2919/1/730 2918/1/729
f 2912/1/723 2913/1/724 2920/1/731 2919/1/730
f 2913/1/724 2914/1/725 2921/1/732 2920/1/731
f 2914/1/725 2915/1/726 2922/1/733 2921/1/732
f 31/1/734 605/1/735 2874/1/685 682/1/736
f 605/1/735 604/1/737 2875/1/686 2874/1/685
f 604/1/737 603/1/738 2876/1/689 2875/1/686
f 603/1/738 602/1/739 2877/1/691 2876/1/689
f 602/1/739 601/1/740 2878/1/693 2877/1/691
f 601/1/740 600/1/741 2879/1/695 2878/1/693
f 600/1/741 599/1/742 2880/1/697 2879/1/695
f 599/1/742 1/1/743 368/1/744 2880/1/697
f 2880/1/697 368/1/744 369/1/745 2887/1/698
f 2887/1/698 369/1/745 370/1/746 2894/1/705
f 2894/1/705 370/1/746 371/1/747 2901/1/712
f 2901/1/712 371/1/747 372/1/748 2908/1/719
f 2908/1/719 372/1/748 373/1/749 2915/1/726
f 2915/1/726 373/1/749 374/1/750 2922/1/733
f 2922/1/733 374/1/750 6/1/662 585/1/661
f 2921/1/732 2922/1/733 585/1/661 586/1/660
f 2920/1/731 2921/1/732 586/1/660 587/1/659
f 2919/1/730 2920/1/731 587/1/659 588/1/658
f 2918/1/729 2919/1/730 588/1/658 589/1/657
f 2917/1/727 2918/1/729 589/1/657 590/1/656
f 2916/1/728 2917/1/727 590/1/656 591/1/654
f 676/1/751 2916/1/728 591/1/654 30/1/653
f 677/1/752 2909/1/721 2916/1/728 676/1/751
f 678/1/753 2902/1/714 2909/1/721 677/1/752
f 679/1/754 2895/1/707 2902/1/714 678/1/753
f 680/1/755 2888/1/700 2895/1/707 679/1/754
f 681/1/756 2881/1/688 2888/1/700 680/1/755
f 682/1/736 2874/1/685 2881/1/688 681/1/756
f 2923/1/757 2924/1/758 2931/1/759 2930/1/760
f 2924/1/758 2925/1/761 2932/1/762 2931/1/759
f 2925/1/761 2926/1/763 2933/1/764 2932/1/762
f 2926/1/763 2927/1/765 2934/1/766 2933/1/764
f 2927/1/765 2928/1/767 2935/1/768 2934/1/766
f 2928/1/767 2929/1/769 2936/1/770 2935/1/768
f 2930/1/760 2931/1/759 2938/1/771 2937/1/772
f 2931/1/759 2932/1/762 2939/1/773 2938/1/771
f 2932/1/762 2933/1/764 2940/1/774 2939/1/773
f 2933/1/764 2934/1/766 2941/1/775 2940/1/774
f 2934/1/766 2935/1/768 2942/1/776 2941/1/775
f 2935/1/768 2936/1/770 2943/1/777 2942/1/776
f 2937/1/772 2938/1/771 2945/1/778 2944/1/779
f 2938/1/771 2939/1/773 2946/1/780 2945/1/778
f 2939/1/773 2940/1/774 2947/1/781 2946/1/780
f 2940/1/774 2941/1/775 2948/1/782 2947/1/781
f 2941/1/775 2942/1/776 2949/1/783 2948/1/782
f 2942/1/776 2943/1/777 2950/1/784 2949/1/783
f 2944/1/779 2945/1/778 2952/1/785 2951/1/786
f 2945/1/778 2946/1/780 2953/1/787 2952/1/785
f 2946/1/780 2947/1/781 2954/1/788 2953/1/787
f 2947/1/781 2948/1/782 2955/1/789 2954/1/788
f 2948/1/782 2949/1/783 2956/1/790 2955/1/789
f 2949/1/783 2950/1/784 2957/1/791 2956/1/790
f 2951/1/786 2952/1/785 2959/1/792 2958/1/793
f 2952/1/785 2953/1/787 2960/1/794 2959/1/792
f 2953/1/787 2954/1/788 2961/1/795 2960/1/794
f 2954/1/788 2955/1/789 2962/1/796 2961/1/795
f 2955/1/789 2956/1/790 2963/1/797 2962/1/796
f 2956/1/790 2957/1/791 2964/1/798 2963/1/797
f 2958/1/793 2959/1/792 2966/1/799 2965/1/800
f 2959/1/792 2960/1/794 2967/1/801 2966/1/799
f 2960/1/794 2961/1/795 2968/1/802 2967/1/801
f 2961/1/795 2962/1/796 2969/1/803 2968/1/802
f 2962/1/796 2963/1/797 2970/1/804 2969/1/803
f 2963/1/797 2964/1/798 2971/1/805 2970/1/804
f 29/1/679 445/1/677 2923/1/757 675/1/806
f 445/1/677 446/1/676 2924/1/758 2923/1/757
f 446/1/676 447/1/675 2925/1/761 2924/1/758
f 447/1/675 448/1/674 2926/1/763 2925/1/761
f 448/1/674 449/1/673 2927/1/765 2926/1/763
f 449/1/673 450/1/672 2928/1/767 2927/1/765
f 450/1/672 451/1/671 2929/1/769 2928/1/767
f 451/1/671 8/1/670 319/1/807 2929/1/769
f 2929/1/769 319/1/807 320/1/808 2936/1/770
f 2936/1/770 320/1/808 321/1/809 2943/1/777
f 2943/1/777 321/1/809 322/1/810 2950/1/784
f 2950/1/784 322/1/810 323/1/811 2957/1/791
f 2957/1/791 323/1/811 324/1/812 2964/1/798
f 2964/1/798 324/1/812 325/1/813 2971/1/805
f 2971/1/805 325/1/813 9/1/814 458/1/815
f 2970/1/804 2971/1/805 458/1/815 457/1/816
f 2969/1/803 2970/1/804 457/1/816 456/1/817
f 2968/1/802 2969/1/803 456/1/817 455/1/818
f 2967/1/801 2968/1/802 455/1/818 454/1/819
f 2966/1/799 2967/1/801 454/1/819 453/1/820
f 2965/1/800 2966/1/799 453/1/820 452/1/821
f 669/1/822 2965/1/800 452/1/821 32/1/823
f 670/1/824 2958/1/793 2965/1/800 669/1/822
f 671/1/825 2951/1/786 2958/1/793 670/1/824
f 672/1/826 2944/1/779 2951/1/786 671/1/825
f 673/1/827 2937/1/772 2944/1/779 672/1/826
f 674/1/828 2930/1/760 2937/1/772 673/1/827
f 675/1/806 2923/1/757 2930/1/760 674/1/828
f 2972/1/829 2973/1/830 2980/1/831 2979/1/832
f 2973/1/830 2974/1/833 2981/1/834 2980/1/831
f 2974/1/833 2975/1/835 2982/1/836 2981/1/834
f 2975/1/835 2976/1/837 2983/1/838 2982/1/836
f 2976/1/837 2977/1/839 2984/1/840 2983/1/838
f 2977/1/839 2978/1/841 2985/1/842 2984/1/840
f 2979/1/832 2980/1/831 2987/1/843 2986/1/844
f 2980/1/831 2981/1/834 2988/1/845 2987/1/843
f 2981/1/834 2982/1/836 2989/1/846 2988/1/845
f 2982/1/836 2983/1/838 2990/1/847 2989/1/846
f 2983/1/838 2984/1/840 2991/1/848 2990/1/847
f 2984/1/840 2985/1/842 2992/1/849 2991/1/848
f 2986/1/844 2987/1/843 2994/1/850 2993/1/851
f 2987/1/843 2988/1/845 2995/1/852 2994/1/850
f 2988/1/845 2989/1/846 2996/1/853 2995/1/852
f 2989/1/846 2990/1/847 2997/1/854 2996/1/853
f 2990/1/847 2991/1/848 2998/1/855 2997/1/854
f 2991/1/848 2992/1/849 2999/1/856 2998/1/855
f 2993/1/851 2994/1/850 3001/1/857 3000/1/858
f 2994/1/850 2995/1/852 3002/1/859 3001/1/857
f 2995/1/852 2996/1/853 3003/1/860 3002/1/859
f 2996/1/853 2997/1/854 3004/1/861 3003/1/860
f 2997/1/854 2998/1/855 3005/1/862 3004/1/861
f 2998/1/855 2999/1/856 3006/1/863 3005/1/862
f 3000/1/858 3001/1/857 3008/1/864 3007/1/865
f 3001/1/857 3002/1/859 3009/1/866 3008/1/864
f 3002/1/859 3003/1/860 3010/1/867 3009/1/866
f 3003/1/860 3004/1/861 3011/1/868 3010/1/867
f 3004/1/861 3005/1/862 3012/1/869 3011/1/868
f 3005/1/862 3006/1/863 3013/1/870 3012/1/869
f 3007/1/865 3008/1/864 3015/1/871 3014/1/872
f 3008/1/864 3009/1/866 3016/1/873 3015/1/871
f 3009/1/866 3010/1/867 3017/1/874 3016/1/873
f 3010/1/867 3011/1/868 3018/1/875 3017/1/874
f 3011/1/868 3012/1/869 3019/1/876 3018/1/875
f 3012/1/869 3013/1/870 3020/1/877 3019/1/876
f 28/1/525 668/1/878 2972/1/829 438/1/526
f 668/1/878 667/1/879 2973/1/830 2972/1/829
f 667/1/879 666/1/880 2974/1/833 2973/1/830
f 666/1/880 665/1/881 2975/1/835 2974/1/833
f 665/1/881 664/1/882 2976/1/837 2975/1/835
f 664/1/882 663/1/883 2977/1/839 2976/1/837
f 663/1/883 662/1/884 2978/1/841 2977/1/839
f 662/1/884 33/1/885 459/1/886 2978/1/841
f 2978/1/841 459/1/886 460/1/887 2985/1/842
f 2985/1/842 460/1/887 461/1/888 2992/1/849
f 2992/1/849 461/1/888 462/1/889 2999/1/856
f 2999/1/856 462/1/889 463/1/890 3006/1/863
f 3006/1/863 463/1/890 464/1/891 3013/1/870
f 3013/1/870 464/1/891 465/1/892 3020/1/877
f 3020/1/877 465/1/892 11/1/893 381/1/894
f 3019/1/876 3020/1/877 381/1/894 380/1/895
f 3018/1/875 3019/1/876 380/1/895 379/1/896
f 3017/1/874 3018/1/875 379/1/896 378/1/897
f 3016/1/873 3017/1/874 378/1/897 377/1/898
f 3015/1/871 3016/1/873 377/1/898 376/1/899
f 3014/1/872 3015/1/871 376/1/899 375/1/900
f 444/1/532 3014/1/872 375/1/900 2/1/533
f 443/1/531 3007/1/865 3014/1/872 444/1/532
f 442/1/530 3000/1/858 3007/1/865 443/1/531
f 441/1/529 2993/1/851 3000/1/858 442/1/530
f 440/1/528 2986/1/844 2993/1/851 441/1/529
f 439/1/527 2979/1/832 2986/1/844 440/1/528
f 438/1/526 2972/1/829 2979/1/832 439/1/527
f 3021/1/901 3022/1/902 3029/1/903 3028/1/904
f 3022/1/902 3023/1/905 3030/1/906 3029/1/903
f 3023/1/905 3024/1/907 3031/1/908 3030/1/906
f 3024/1/907 3025/1/909 3032/1/910 3031/1/908
f 3025/1/909 3026/1/911 3033/1/912 3032/1/910
f 3026/1/911 3027/1/913 3034/1/914 3033/1/912
f 3028/1/904 3029/1/903 3036/1/915 3035/1/916
f 3029/1/903 3030/1/906 3037/1/917 3036/1/915
f 3030/1/906 3031/1/908 3038/1/918 3037/1/917
f 3031/1/908 3032/1/910 3039/1/919 3038/1/918
f 3032/1/910 3033/1/912 3040/1/920 3039/1/919
f 3033/1/912 3034/1/914 3041/1/921 3040/1/920
f 3035/1/916 3036/1/915 3043/1/922 3042/1/923
f 3036/1/915 3037/1/917 3044/1/924 3043/1/922
f 3037/1/917 3038/1/918 3045/1/925 3044/1/924
f 3038/1/918 3039/1/919 3046/1/926 3045/1/925
f 3039/1/919 3040/1/920 3047/1/927 3046/1/926
f 3040/1/920 3041/1/921 3048/1/928 3047/1/927
f 3042/1/923 3043/1/922 3050/1/929 3049/1/930
f 3043/1/922 3044/1/924 3051/1/931 3050/1/929
f 3044/1/924 3045/1/925 3052/1/932 3051/1/931
f 3045/1/925 3046/1/926 3053/1/933 3052/1/932
f 3046/1/926 3047/1/927 3054/1/934 3053/1/933
f 3047/1/927 3048/1/928 3055/1/935 3054/1/934
f 3049/1/930 3050/1/929 3057/1/936 3056/1/937
f 3050/1/929 3051/1/931 3058/1/938 3057/1/936
f 3051/1/931 3052/1/932 3059/1/939 3058/1/938
f 3052/1/932 3053/1/933 3060/1/940 3059/1/939
f 3053/1/933 3054/1/934 3061/1/941 3060/1/940
f 3054/1/934 3055/1/935 3062/1/942 3061/1/941
f 3056/1/937 3057/1/936 3064/1/943 3063/1/944
f 3057/1/936 3058/1/938 3065/1/945 3064/1/943
f 3058/1/938 3059/1/939 3066/1/946 3065/1/945
f 3059/1/939 3060/1/940 3067/1/947 3066/1/946
f 3060/1/940 3061/1/941 3068/1/948 3067/1/947
f 3061/1/941 3062/1/942 3069/1/949 3068/1/948
f 32/1/823 452/1/821 3021/1/901 661/1/950
f 452/1/821 453/1/820 3022/1/902 3021/1/901
f 453/1/820 454/1/819 3023/1/905 3022/1/902
f 454/1/819 455/1/818 3024/1/907 3023/1/905
f 455/1/818 456/1/817 3025/1/909 3024/1/907
f 456/1/817 457/1/816 3026/1/911 3025/1/909
f 457/1/816 458/1/815 3027/1/913 3026/1/911
f 458/1/815 9/1/814 326/1/951 3027/1/913
f 3027/1/913 326/1/951 327/1/952 3034/1/914
f 3034/1/914 327/1/952 328/1/953 3041/1/921
f 3041/1/921 328/1/953 329/1/954 3048/1/928
f 3048/1/928 329/1/954 330/1/955 3055/1/935
f 3055/1/935 330/1/955 331/1/956 3062/1/942
f 3062/1/942 331/1/956 332/1/957 3069/1/949
f 3069/1/949 332/1/957 10/1/958 472/1/959
f 3068/1/948 3069/1/949 472/1/959 471/1/960
f 3067/1/947 3068/1/948 471/1/960 470/1/961
f 3066/1/946 3067/1/947 470/1/961 469/1/962
f 3065/1/945 3066/1/946 469/1/962 468/1/963
f 3064/1/943 3065/1/945 468/1/963 467/1/964
f 3063/1/944 3064/1/943 467/1/964 466/1/965
f 655/1/966 3063/1/944 466/1/965 34/1/967
f 656/1/968 3056/1/937 3063/1/944 655/1/966
f 657/1/969 3049/1/930 3056/1/937 656/1/968
f 658/1/970 3042/1/923 3049/1/930 657/1/969
f 659/1/971 3035/1/916 3042/1/923 658/1/970
f 660/1/972 3028/1/904 3035/1/916 659/1/971
f 661/1/950 3021/1/901 3028/1/904 660/1/972
f 3070/1/973 3071/1/974 3078/1/975 3077/1/976
f 3071/1/974 3072/1/977 3079/1/978 3078/1/975
f 3072/1/977 3073/1/979 3080/1/980 3079/1/978
f 3073/1/979 3074/1/981 3081/1/982 3080/1/980
f 3074/1/981 3075/1/983 3082/1/984 3081/1/982
f 3075/1/983 3076/1/985 3083/1/986 3082/1/984
f 3077/1/976 3078/1/975 3085/1/987 3084/1/988
f 3078/1/975 3079/1/978 3086/1/989 3085/1/987
f 3079/1/978 3080/1/980 3087/1/990 3086/1/989
f 3080/1/980 3081/1/982 3088/1/991 3087/1/990
f 3081/1/982 3082/1/984 3089/1/992 3088/1/991
f 3082/1/984 3083/1/986 3090/1/993 3089/1/992
f 3084/1/988 3085/1/987 3092/1/994 3091/1/995
f 3085/1/987 3086/1/989 3093/1/996 3092/1/994
f 3086/1/989 3087/1/990 3094/1/997 3093/1/996
f 3087/1/990 3088/1/991 3095/1/998 3094/1/997
f 3088/1/991 3089/1/992 3096/1/999 3095/1/998
f 3089/1/992 3090/1/993 3097/1/1000 3096/1/999
f 3091/1/995 3092/1/994 3099/1/1001 3098/1/1002
f 3092/1/994 3093/1/996 3100/1/1003 3099/1/1001
f 3093/1/996 3094/1/997 3101/1/1004 3100/1/1003
f 3094/1/997 3095/1/998 3102/1/1005 3101/1/1004
f 3095/1/998 3096/1/999 3103/1/1006 3102/1/1005
f 3096/1/999 3097/1/1000 3104/1/1007 3103/1/1006
f 3098/1/1002 3099/1/1001 3106/1/1008 3105/1/1009
f 3099/1/1001 3100/1/1003 3107/1/1010 3106/1/1008
f 3100/1/1003 3101/1/1004 3108/1/1011 3107/1/1010
f 3101/1/1004 3102/1/1005 3109/1/1012 3108/1/1011
f 3102/1/1005 3103/1/1006 3110/1/1013 3109/1/1012
f 3103/1/1006 3104/1/1007 3111/1/1014 3110/1/1013
f 3105/1/1009 3106/1/1008 3113/1/1015 3112/1/1016
f 3106/1/1008 3107/1/1010 3114/1/1017 3113/1/1015
f 3107/1/1010 3108/1/1011 3115/1/1018 3114/1/1017
f 3108/1/1011 3109/1/1012 3116/1/1019 3115/1/1018
f 3109/1/1012 3110/1/1013 3117/1/1020 3116/1/1019
f 3110/1/1013 3111/1/1014 3118/1/1021 3117/1/1020
f 34/1/967 466/1/965 3070/1/973 654/1/1022
f 466/1/965 467/1/964 3071/1/974 3070/1/973
f 467/1/964 468/1/963 3072/1/977 3071/1/974
f 468/1/963 469/1/962 3073/1/979 3072/1/977
f 469/1/962 470/1/961 3074/1/981 3073/1/979
f 470/1/961 471/1/960 3075/1/983 3074/1/981
f 471/1/960 472/1/959 3076/1/985 3075/1/983
f 472/1/959 10/1/958 333/1/1023 3076/1/985
f 3076/1/985 333/1/1023 334/1/1024 3083/1/986
f 3083/1/986 334/1/1024 335/1/1025 3090/1/993
f 3090/1/993 335/1/1025 336/1/1026 3097/1/1000
f 3097/1/1000 336/1/1026 337/1/1027 3104/1/1007
f 3104/1/1007 337/1/1027 338/1/1028 3111/1/1014
f 3111/1/1014 338/1/1028 339/1/1029 3118/1/1021
f 3118/1/1021 339/1/1029 7/1/148 409/1/147
f 3117/1/1020 3118/1/1021 409/1/147 408/1/146
f 3116/1/1019 3117/1/1020 408/1/146 407/1/145
f 3115/1/1018 3116/1/1019 407/1/145 406/1/144
f 3114/1/1017 3115/1/1018 406/1/144 405/1/143
f 3113/1/1015 3114/1/1017 405/1/143 404/1/142
f 3112/1/1016 3113/1/1015 404/1/142 403/1/141
f 648/1/1030 3112/1/1016 403/1/141 20/1/140
f 649/1/1031 3105/1/1009 3112/1/1016 648/1/1030
f 650/1/1032 3098/1/1002 3105/1/1009 649/1/1031
f 651/1/1033 3091/1/995 3098/1/1002 650/1/1032
f 652/1/1034 3084/1/988 3091/1/995 651/1/1033
f 653/1/1035 3077/1/976 3084/1/988 652/1/1034
f 654/1/1022 3070/1/973 3077/1/976 653/1/1035
f 3119/1/1036 3120/1/1037 3127/1/1038 3126/1/1039
f 3120/1/1037 3121/1/1040 3128/1/1041 3127/1/1038
f 3121/1/1040 3122/1/1042 3129/1/1043 3128/1/1041
f 3122/1/1042 3123/1/1044 3130/1/1045 3129/1/1043
f 3123/1/1044 3124/1/1046 3131/1/1047 3130/1/1045
f 3124/1/1046 3125/1/1048 3132/1/1049 3131/1/1047
f 3126/1/1039 3127/1/1038 3134/1/1050 3133/1/1051
f 3127/1/1038 3128/1/1041 3135/1/1052 3134/1/1050
f 3128/1/1041 3129/1/1043 3136/1/1053 3135/1/1052
f 3129/1/1043 3130/1/1045 3137/1/1054 3136/1/1053
f 3130/1/1045 3131/1/1047 3138/1/1055 3137/1/1054
f 3131/1/1047 3132/1/1049 3139/1/1056 3138/1/1055
f 3133/1/1051 3134/1/1050 3141/1/1057 3140/1/1058
f 3134/1/1050 3135/1/1052 3142/1/1059 3141/1/1057
f 3135/1/1052 3136/1/1053 3143/1/1060 3142/1/1059
f 3136/1/1053 3137/1/1054 3144/1/1061 3143/1/1060
f 3137/1/1054 3138/1/1055 3145/1/1062 3144/1/1061
f 3138/1/1055 3139/1/1056 3146/1/1063 3145/1/1062
f 3140/1/1058 3141/1/1057 3148/1/1064 3147/1/1065
f 3141/1/1057 3142/1/1059 3149/1/1066 3148/1/1064
f 3142/1/1059 3143/1/1060 3150/1/1067 3149/1/1066
f 3143/1/1060 3144/1/1061 3151/1/1068 3150/1/1067
f 3144/1/1061 3145/1/1062 3152/1/1069 3151/1/1068
f 3145/1/1062 3146/1/1063 3153/1/1070 3152/1/1069
f 3147/1/1065 3148/1/1064 3155/1/1071 3154/1/1072
f 3148/1/1064 3149/1/1066 3156/1/1073 3155/1/1071
f 3149/1/1066 3150/1/1067 3157/1/1074 3156/1/1073
f 3150/1/1067 3151/1/1068 3158/1/1075 3157/1/1074
f 3151/1/1068 3152/1/1069 3159/1/1076 3158/1/1075
f 3152/1/1069 3153/1/1070 3160/1/1077 3159/1/1076
f 3154/1/1072 3155/1/1071 3162/1/1078 3161/1/1079
f 3155/1/1071 3156/1/1073 3163/1/1080 3162/1/1078
f 3156/1/1073 3157/1/1074 3164/1/1081 3163/1/1080
f 3157/1/1074 3158/1/1075 3165/1/1082 3164/1/1081
f 3158/1/1075 3159/1/1076 3166/1/1083 3165/1/1082
f 3159/1/1076 3160/1/1077 3167/1/1084 3166/1/1083
f 31/1/734 647/1/1085 3119/1/1036 605/1/735
f 647/1/1085 646/1/1086 3120/1/1037 3119/1/1036
f 646/1/1086 645/1/1087 3121/1/1040 3120/1/1037
f 645/1/1087 644/1/1088 3122/1/1042 3121/1/1040
f 644/1/1088 643/1/1089 3123/1/1044 3122/1/1042
f 643/1/1089 642/1/1090 3124/1/1046 3123/1/1044
f 642/1/1090 641/1/1091 3125/1/1048 3124/1/1046
f 641/1/1091 19/1/50 486/1/52 3125/1/1048
f 3125/1/1048 486/1/52 485/1/81 3132/1/1049
f 3132/1/1049 485/1/81 484/1/80 3139/1/1056
f 3139/1/1056 484/1/80 483/1/79 3146/1/1063
f 3146/1/1063 483/1/79 482/1/78 3153/1/1070
f 3153/1/1070 482/1/78 481/1/77 3160/1/1077
f 3160/1/1077 481/1/77 480/1/75 3167/1/1084
f 3167/1/1084 480/1/75 3/1/76 290/1/1092
f 3166/1/1083 3167/1/1084 290/1/1092 289/1/1093
f 3165/1/1082 3166/1/1083 289/1/1093 288/1/1094
f 3164/1/1081 3165/1/1082 288/1/1094 287/1/1095
f 3163/1/1080 3164/1/1081 287/1/1095 286/1/1096
f 3162/1/1078 3163/1/1080 286/1/1096 285/1/1097
f 3161/1/1079 3162/1/1078 285/1/1097 284/1/1098
f 599/1/742 3161/1/1079 284/1/1098 1/1/743
f 600/1/741 3154/1/1072 3161/1/1079 599/1/742
f 601/1/740 3147/1/1065 3154/1/1072 600/1/741
f 602/1/739 3140/1/1058 3147/1/1065 601/1/740
f 603/1/738 3133/1/1051 3140/1/1058 602/1/739
f 604/1/737 3126/1/1039 3133/1/1051 603/1/738
f 605/1/735 3119/1/1036 3126/1/1039 604/1/737
f 3168/1/1099 3169/1/1100 3176/1/1101 3175/1/1102
f 3169/1/1100 3170/1/1103 3177/1/1104 3176/1/1101
f 3170/1/1103 3171/1/1105 3178/1/1106 3177/1/1104
f 3171/1/1105 3172/1/1107 3179/1/1108 3178/1/1106
f 3172/1/1107 3173/1/1109 3180/1/1110 3179/1/1108
f 3173/1/1109 3174/1/1111 3181/1/1112 3180/1/1110
f 3175/1/1102 3176/1/1101 3183/1/1113 3182/1/1114
f 3176/1/1101 3177/1/1104 3184/1/1115 3183/1/1113
f 3177/1/1104 3178/1/1106 3185/1/1116 3184/1/1115
f 3178/1/1106 3179/1/1108 3186/1/1117 3185/1/1116
f 3179/1/1108 3180/1/1110 3187/1/1118 3186/1/1117
f 3180/1/1110 3181/1/1112 3188/1/1119 3187/1/1118
f 3182/1/1114 3183/1/1113 3190/1/1120 3189/1/1121
f 3183/1/1113 3184/1/1115 3191/1/1122 3190/1/1120
f 3184/1/1115 3185/1/1116 3192/1/1123 3191/1/1122
f 3185/1/1116 3186/1/1117 3193/1/1124 3192/1/1123
f 3186/1/1117 3187/1/1118 3194/1/1125 3193/1/1124
f 3187/1/1118 3188/1/1119 3195/1/1126 3194/1/1125
f 3189/1/1121 3190/1/1120 3197/1/1127 3196/1/1128
f 3190/1/1120 3191/1/1122 3198/1/1129 3197/1/1127
f 3191/1/1122 3192/1/1123 3199/1/1130 3198/1/1129
f 3192/1/1123 3193/1/1124 3200/1/1131 3199/1/1130
f 3193/1/1124 3194/1/1125 3201/1/1132 3200/1/1131
f 3194/1/1125 3195/1/1126 3202/1/1133 3201/1/1132
f 3196/1/1128 3197/1/1127 3204/1/1134 3203/1/1135
f 3197/1/1127 3198/1/1129 3205/1/1136 3204/1/1134
f 3198/1/1129 3199/1/1130 3206/1/1137 3205/1/1136
f 3199/1/1130 3200/1/1131 3207/1/1138 3206/1/1137
f 3200/1/1131 3201/1/1132 3208/1/1139 3207/1/1138
f 3201/1/1132 3202/1/1133 3209/1/1140 3208/1/1139
f 3203/1/1135 3204/1/1134 3211/1/1141 3210/1/1142
f 3204/1/1134 3205/1/1136 3212/1/1143 3211/1/1141
f 3205/1/1136 3206/1/1137 3213/1/1144 3212/1/1143
f 3206/1/1137 3207/1/1138 3214/1/1145 3213/1/1144
f 3207/1/1138 3208/1/1139 3215/1/1146 3214/1/1145
f 3208/1/1139 3209/1/1140 3216/1/1147 3215/1/1146
f 21/1/1148 507/1/1149 3168/1/1099 766/1/1150
f 507/1/1149 506/1/1151 3169/1/1100 3168/1/1099
f 506/1/1151 505/1/1152 3170/1/1103 3169/1/1100
f 505/1/1152 504/1/1153 3171/1/1105 3170/1/1103
f 504/1/1153 503/1/1154 3172/1/1107 3171/1/1105
f 503/1/1154 502/1/1155 3173/1/1109 3172/1/1107
f 502/1/1155 501/1/1156 3174/1/1111 3173/1/1109
f 501/1/1156 16/1/1157 753/1/1158 3174/1/1111
f 3174/1/1111 753/1/1158 754/1/1159 3181/1/1112
f 3181/1/1112 754/1/1159 755/1/1160 3188/1/1119
f 3188/1/1119 755/1/1160 756/1/1161 3195/1/1126
f 3195/1/1126 756/1/1161 757/1/1162 3202/1/1133
f 3202/1/1133 757/1/1162 758/1/1163 3209/1/1140
f 3209/1/1140 758/1/1163 759/1/1164 3216/1/1147
f 3216/1/1147 759/1/1164 17/1/1165 550/1/1166
f 3215/1/1146 3216/1/1147 550/1/1166 551/1/1167
f 3214/1/1145 3215/1/1146 551/1/1167 552/1/1168
f 3213/1/1144 3214/1/1145 552/1/1168 553/1/1169
f 3212/1/1143 3213/1/1144 553/1/1169 554/1/1170
f 3211/1/1141 3212/1/1143 554/1/1170 555/1/1171
f 3210/1/1142 3211/1/1141 555/1/1171 556/1/1172
f 760/1/1173 3210/1/1142 556/1/1172 26/1/1174
f 761/1/1175 3203/1/1135 3210/1/1142 760/1/1173
f 762/1/1176 3196/1/1128 3203/1/1135 761/1/1175
f 763/1/1177 3189/1/1121 3196/1/1128 762/1/1176
f 764/1/1178 3182/1/1114 3189/1/1121 763/1/1177
f 765/1/1179 3175/1/1102 3182/1/1114 764/1/1178
f 766/1/1150 3168/1/1099 3175/1/1102 765/1/1179
f 3217/1/1180 3218/1/1181 3225/1/1182 3224/1/1183
f 3218/1/1181 3219/1/1184 3226/1/1185 3225/1/1182
f 3219/1/1184 3220/1/1186 3227/1/1187 3226/1/1185
f 3220/1/1186 3221/1/1188 3228/1/1189 3227/1/1187
f 3221/1/1188 3222/1/1190 3229/1/1191 3228/1/1189
f 3222/1/1190 3223/1/1192 3230/1/1193 3229/1/1191
f 3224/1/1183 3225/1/1182 3232/1/1194 3231/1/1195
f 3225/1/1182 3226/1/1185 3233/1/1196 3232/1/1194
f 3226/1/1185 3227/1/1187 3234/1/1197 3233/1/1196
f 3227/1/1187 3228/1/1189 3235/1/1198 3234/1/1197
f 3228/1/1189 3229/1/1191 3236/1/1199 3235/1/1198
f 3229/1/1191 3230/1/1193 3237/1/1200 3236/1/1199
f 3231/1/1195 3232/1/1194 3239/1/1201 3238/1/1202
f 3232/1/1194 3233/1/1196 3240/1/1203 3239/1/1201
f 3233/1/1196 3234/1/1197 3241/1/1204 3240/1/1203
f 3234/1/1197 3235/1/1198 3242/1/1205 3241/1/1204
f 3235/1/1198 3236/1/1199 3243/1/1206 3242/1/1205
f 3236/1/1199 3237/1/1200 3244/1/1207 3243/1/1206
f 3238/1/1202 3239/1/1201 3246/1/1208 3245/1/1209
f 3239/1/1201 3240/1/1203 3247/1/1210 3246/1/1208
f 3240/1/1203 3241/1/1204 3248/1/1211 3247/1/1210
f 3241/1/1204 3242/1/1205 3249/1/1212 3248/1/1211
f 3242/1/1205 3243/1/1206 3250/1/1213 3249/1/1212
f 3243/1/1206 3244/1/1207 3251/1/1214 3250/1/1213
f 3245/1/1209 3246/1/1208 3253/1/1215 3252/1/1216
f 3246/1/1208 3247/1/1210 3254/1/1217 3253/1/1215
f 3247/1/1210 3248/1/1211 3255/1/1218 3254/1/1217
f 3248/1/1211 3249/1/1212 3256/1/1219 3255/1/1218
f 3249/1/1212 3250/1/1213 3257/1/1220 3256/1/1219
f 3250/1/1213 3251/1/1214 3258/1/1221 3257/1/1220
f 3252/1/1216 3253/1/1215 3260/1/1222 3259/1/1223
f 3253/1/1215 3254/1/1217 3261/1/1224 3260/1/1222
f 3254/1/1217 3255/1/1218 3262/1/1225 3261/1/1224
f 3255/1/1218 3256/1/1219 3263/1/1226 3262/1/1225
f 3256/1/1219 3257/1/1220 3264/1/1227 3263/1/1226
f 3257/1/1220 3258/1/1221 3265/1/1228 3264/1/1227
f 33/1/885 640/1/1229 3217/1/1180 459/1/886
f 640/1/1229 639/1/1230 3218/1/1181 3217/1/1180
f 639/1/1230 638/1/1231 3219/1/1184 3218/1/1181
f 638/1/1231 637/1/1232 3220/1/1186 3219/1/1184
f 637/1/1232 636/1/1233 3221/1/1188 3220/1/1186
f 636/1/1233 635/1/1234 3222/1/1190 3221/1/1188
f 635/1/1234 634/1/1235 3223/1/1192 3222/1/1190
f 634/1/1235 23/1/212 528/1/214 3223/1/1192
f 3223/1/1192 528/1/214 527/1/243 3230/1/1193
f 3230/1/1193 527/1/243 526/1/242 3237/1/1200
f 3237/1/1200 526/1/242 525/1/241 3244/1/1207
f 3244/1/1207 525/1/241 524/1/240 3251/1/1214
f 3251/1/1214 524/1/240 523/1/239 3258/1/1221
f 3258/1/1221 523/1/239 522/1/237 3265/1/1228
f 3265/1/1228 522/1/237 13/1/238 346/1/1236
f 3264/1/1227 3265/1/1228 346/1/1236 345/1/1237
f 3263/1/1226 3264/1/1227 345/1/1237 344/1/1238
f 3262/1/1225 3263/1/1226 344/1/1238 343/1/1239
f 3261/1/1224 3262/1/1225 343/1/1239 342/1/1240
f 3260/1/1222 3261/1/1224 342/1/1240 341/1/1241
f 3259/1/1223 3260/1/1222 341/1/1241 340/1/1242
f 465/1/892 3259/1/1223 340/1/1242 11/1/893
f 464/1/891 3252/1/1216 3259/1/1223 465/1/892
f 463/1/890 3245/1/1209 3252/1/1216 464/1/891
f 462/1/889 3238/1/1202 3245/1/1209 463/1/890
f 461/1/888 3231/1/1195 3238/1/1202 462/1/889
f 460/1/887 3224/1/1183 3231/1/1195 461/1/888
f 459/1/886 3217/1/1180 3224/1/1183 460/1/887
f 3266/1/1243 3267/1/1243 3274/1/1244 3273/1/1244
f 3267/1/1243 3268/1/1243 3275/1/1244 3274/1/1244
f 3268/1/1243 3269/1/1243 3276/1/1244 3275/1/1244
f 3269/1/1243 3270/1/1243 3277/1/1244 3276/1/1244
f 3270/1/1243 3271/1/1243 3278/1/1244 3277/1/1244
f 3271/1/1243 3272/1/1243 3279/1/1244 3278/1/1244
f 3273/1/1244 3274/1/1244 3281/1/1245 3280/1/1245
f 3274/1/1244 3275/1/1244 3282/1/1245 3281/1/1245
f 3275/1/1244 3276/1/1244 3283/1/1245 3282/1/1245
f 3276/1/1244 3277/1/1244 3284/1/1245 3283/1/1245
f 3277/1/1244 3278/1/1244 3285/1/1245 3284/1/1245
f 3278/1/1244 3279/1/1244 3286/1/1245 3285/1/1245
f 3280/1/1245 3281/1/1245 3288/1/1246 3287/1/1246
f 3281/1/1245 3282/1/1245 3289/1/1246 3288/1/1246
f 3282/1/1245 3283/1/1245 3290/1/1246 3289/1/1246
f 3283/1/1245 3284/1/1245 3291/1/1246 3290/1/1246
f 3284/1/1245 3285/1/1245 3292/1/1246 3291/1/1246
f 3285/1/1245 3286/1/1245 3293/1/1246 3292/1/1246
f 3287/1/1246 3288/1/1246 3295/1/1247 3294/1/1247
f 3288/1/1246 3289/1/1246 3296/1/1247 3295/1/1247
f 3289/1/1246 3290/1/1246 3297/1/1247 3296/1/1247
f 3290/1/1246 3291/1/1246 3298/1/1247 3297/1/1247
f 3291/1/1246 3292/1/1246 3299/1/1247 3298/1/1247
f 3292/1/1246 3293/1/1246 3300/1/1247 3299/1/1247
f 3294/1/1247 3295/1/1247 3302/1/1248 3301/1/1248
f 3295/1/1247 3296/1/1247 3303/1/1248 3302/1/1248
f 3296/1/1247 3297/1/1247 3304/1/1248 3303/1/1248
f 3297/1/1247 3298/1/1247 3305/1/1248 3304/1/1248
f 3298/1/1247 3299/1/1247 3306/1/1248 3305/1/1248
f 3299/1/1247 3300/1/1247 3307/1/1248 3306/1/1248
f 3301/1/1248 3302/1/1248 3309/1/1249 3308/1/1249
f 3302/1/1248 3303/1/1248 3310/1/1249 3309/1/1249
f 3303/1/1248 3304/1/1248 3311/1/1249 3310/1/1249
f 3304/1/1248 3305/1/1248 3312/1/1249 3311/1/1249
f 3305/1/1248 3306/1/1248 3313/1/1249 3312/1/1249
f 3306/1/1248 3307/1/1248 3314/1/1249 3313/1/1249
f 79/1/1250 493/1/1250 3266/1/1243 178/1/1243
f 493/1/1250 492/1/1250 3267/1/1243 3266/1/1243
f 492/1/1250 491/1/1250 3268/1/1243 3267/1/1243
f 491/1/1250 490/1/1250 3269/1/1243 3268/1/1243
f 490/1/1250 489/1/1250 3270/1/1243 3269/1/1243
f 489/1/1250 488/1/1250 3271/1/1243 3270/1/1243
f 488/1/1250 487/1/1250 3272/1/1243 3271/1/1243
f 487/1/1250 19/1/50 641/1/1091 3272/1/1243
f 3272/1/1243 641/1/1091 642/1/1090 3279/1/1244
f 3279/1/1244 642/1/1090 643/1/1089 3286/1/1245
f 3286/1/1245 643/1/1089 644/1/1088 3293/1/1246
f 3293/1/1246 644/1/1088 645/1/1087 3300/1/1247
f 3300/1/1247 645/1/1087 646/1/1086 3307/1/1248
f 3307/1/1248 646/1/1086 647/1/1085 3314/1/1249
f 3314/1/1249 647/1/1085 31/1/734 606/1/1251
f 3313/1/1249 3314/1/1249 606/1/1251 607/1/1251
f 3312/1/1249 3313/1/1249 607/1/1251 608/1/1251
f 3311/1/1249 3312/1/1249 608/1/1251 609/1/1251
f 3310/1/1249 3311/1/1249 609/1/1251 610/1/1251
f 3309/1/1249 3310/1/1249 610/1/1251 611/1/1251
f 3308/1/1249 3309/1/1249 611/1/1251 612/1/1251
f 172/1/1249 3308/1/1249 612/1/1251 77/1/1251
f 173/1/1248 3301/1/1248 3308/1/1249 172/1/1249
f 174/1/1247 3294/1/1247 3301/1/1248 173/1/1248
f 175/1/1246 3287/1/1246 3294/1/1247 174/1/1247
f 176/1/1245 3280/1/1245 3287/1/1246 175/1/1246
f 177/1/1244 3273/1/1244 3280/1/1245 176/1/1245
f 178/1/1243 3266/1/1243 3273/1/1244 177/1/1244
f 3315/1/1252 3316/1/1252 3323/1/1253 3322/1/1253
f 3316/1/1252 3317/1/1252 3324/1/1253 3323/1/1253
f 3317/1/1252 3318/1/1252 3325/1/1253 3324/1/1253
f 3318/1/1252 3319/1/1252 3326/1/1253 3325/1/1253
f 3319/1/1252 3320/1/1254 3327/1/1253 3326/1/1253
f 3320/1/1254 3321/1/1254 3328/1/1253 3327/1/1253
f 3322/1/1253 3323/1/1253 3330/1/1255 3329/1/1255
f 3323/1/1253 3324/1/1253 3331/1/1255 3330/1/1255
f 3324/1/1253 3325/1/1253 3332/1/1255 3331/1/1255
f 3325/1/1253 3326/1/1253 3333/1/1255 3332/1/1255
f 3326/1/1253 3327/1/1253 3334/1/1255 3333/1/1255
f 3327/1/1253 3328/1/1253 3335/1/1255 3334/1/1255
f 3329/1/1255 3330/1/1255 3337/1/1256 3336/1/1256
f 3330/1/1255 3331/1/1255 3338/1/1256 3337/1/1256
f 3331/1/1255 3332/1/1255 3339/1/1256 3338/1/1256
f 3332/1/1255 3333/1/1255 3340/1/1256 3339/1/1256
f 3333/1/1255 3334/1/1255 3341/1/1256 3340/1/1256
f 3334/1/1255 3335/1/1255 3342/1/1256 3341/1/1256
f 3336/1/1256 3337/1/1256 3344/1/1257 3343/1/1257
f 3337/1/1256 3338/1/1256 3345/1/1257 3344/1/1257
f 3338/1/1256 3339/1/1256 3346/1/1257 3345/1/1257
f 3339/1/1256 3340/1/1256 3347/1/1257 3346/1/1257
f 3340/1/1256 3341/1/1256 3348/1/1257 3347/1/1257
f 3341/1/1256 3342/1/1256 3349/1/1257 3348/1/1257
f 3343/1/1257 3344/1/1257 3351/1/1258 3350/1/1258
f 3344/1/1257 3345/1/1257 3352/1/1258 3351/1/1258
f 3345/1/1257 3346/1/1257 3353/1/1258 3352/1/1258
f 3346/1/1257 3347/1/1257 3354/1/1258 3353/1/1258
f 3347/1/1257 3348/1/1257 3355/1/1258 3354/1/1258
f 3348/1/1257 3349/1/1257 3356/1/1258 3355/1/1258
f 3350/1/1258 3351/1/1258 3358/1/1259 3357/1/1259
f 3351/1/1258 3352/1/1258 3359/1/1259 3358/1/1259
f 3352/1/1258 3353/1/1258 3360/1/1259 3359/1/1259
f 3353/1/1258 3354/1/1258 3361/1/1259 3360/1/1259
f 3354/1/1258 3355/1/1258 3362/1/1259 3361/1/1259
f 3355/1/1258 3356/1/1258 3363/1/1259 3362/1/1259
f 83/1/1260 494/1/1260 3315/1/1252 276/1/1252
f 494/1/1260 495/1/1260 3316/1/1252 3315/1/1252
f 495/1/1260 496/1/1260 3317/1/1252 3316/1/1252
f 496/1/1260 497/1/1260 3318/1/1252 3317/1/1252
f 497/1/1260 498/1/1260 3319/1/1252 3318/1/1252
f 498/1/1260 499/1/1260 3320/1/1254 3319/1/1252
f 499/1/1260 500/1/1260 3321/1/1254 3320/1/1254
f 500/1/1260 20/1/140 781/1/139 3321/1/1254
f 3321/1/1254 781/1/139 782/1/138 3328/1/1253
f 3328/1/1253 782/1/138 783/1/137 3335/1/1255
f 3335/1/1255 783/1/137 784/1/136 3342/1/1256
f 3342/1/1256 784/1/136 785/1/135 3349/1/1257
f 3349/1/1257 785/1/135 786/1/134 3356/1/1258
f 3356/1/1258 786/1/134 787/1/132 3363/1/1259
f 3363/1/1259 787/1/132 36/1/131 794/1/1261
f 3362/1/1259 3363/1/1259 794/1/1261 793/1/1261
f 3361/1/1259 3362/1/1259 793/1/1261 792/1/1261
f 3360/1/1259 3361/1/1259 792/1/1261 791/1/1261
f 3359/1/1259 3360/1/1259 791/1/1261 790/1/1261
f 3358/1/1259 3359/1/1259 790/1/1261 789/1/1261
f 3357/1/1259 3358/1/1259 789/1/1261 788/1/1261
f 270/1/1259 3357/1/1259 788/1/1261 128/1/1261
f 271/1/1258 3350/1/1258 3357/1/1259 270/1/1259
f 272/1/1257 3343/1/1257 3350/1/1258 271/1/1258
f 273/1/1256 3336/1/1256 3343/1/1257 272/1/1257
f 274/1/1255 3329/1/1255 3336/1/1256 273/1/1256
f 275/1/1253 3322/1/1253 3329/1/1255 274/1/1255
f 276/1/1252 3315/1/1252 3322/1/1253 275/1/1253
f 3364/1/1262 3365/1/1262 3372/1/1263 3371/1/1264
f 3365/1/1262 3366/1/1262 3373/1/1263 3372/1/1263
f 3366/1/1262 3367/1/1262 3374/1/1263 3373/1/1263
f 3367/1/1262 3368/1/1262 3375/1/1263 3374/1/1263
f 3368/1/1262 3369/1/1262 3376/1/1263 3375/1/1263
f 3369/1/1262 3370/1/1262 3377/1/1263 3376/1/1263
f 3371/1/1264 3372/1/1263 3379/1/1265 3378/1/1265
f 3372/1/1263 3373/1/1263 3380/1/1265 3379/1/1265
f 3373/1/1263 3374/1/1263 3381/1/1265 3380/1/1265
f 3374/1/1263 3375/1/1263 3382/1/1265 3381/1/1265
f 3375/1/1263 3376/1/1263 3383/1/1265 3382/1/1265
f 3376/1/1263 3377/1/1263 3384/1/1265 3383/1/1265
f 3378/1/1265 3379/1/1265 3386/1/1266 3385/1/1266
f 3379/1/1265 3380/1/1265 3387/1/1266 3386/1/1266
f 3380/1/1265 3381/1/1265 3388/1/1266 3387/1/1266
f 3381/1/1265 3382/1/1265 3389/1/1266 3388/1/1266
f 3382/1/1265 3383/1/1265 3390/1/1266 3389/1/1266
f 3383/1/1265 3384/1/1265 3391/1/1266 3390/1/1266
f 3385/1/1266 3386/1/1266 3393/1/1267 3392/1/1267
f 3386/1/1266 3387/1/1266 3394/1/1267 3393/1/1267
f 3387/1/1266 3388/1/1266 3395/1/1267 3394/1/1267
f 3388/1/1266 3389/1/1266 3396/1/1267 3395/1/1267
f 3389/1/1266 3390/1/1266 3397/1/1267 3396/1/1267
f 3390/1/1266 3391/1/1266 3398/1/1267 3397/1/1267
f 3392/1/1267 3393/1/1267 3400/1/1268 3399/1/1268
f 3393/1/1267 3394/1/1267 3401/1/1268 3400/1/1268
f 3394/1/1267 3395/1/1267 3402/1/1268 3401/1/1268
f 3395/1/1267 3396/1/1267 3403/1/1268 3402/1/1268
f 3396/1/1267 3397/1/1267 3404/1/1268 3403/1/1268
f 3397/1/1267 3398/1/1267 3405/1/1268 3404/1/1268
f 3399/1/1268 3400/1/1268 3407/1/1269 3406/1/1269
f 3400/1/1268 3401/1/1268 3408/1/1269 3407/1/1269
f 3401/1/1268 3402/1/1268 3409/1/1269 3408/1/1269
f 3402/1/1268 3403/1/1268 3410/1/1269 3409/1/1269
f 3403/1/1268 3404/1/1268 3411/1/1269 3410/1/1269
f 3404/1/1268 3405/1/1268 3412/1/1269 3411/1/1269
f 86/1/1270 627/1/1270 3364/1/1262 221/1/1262
f 627/1/1270 628/1/1270 3365/1/1262 3364/1/1262
f 628/1/1270 629/1/1270 3366/1/1262 3365/1/1262
f 629/1/1270 630/1/1270 3367/1/1262 3366/1/1262
f 630/1/1270 631/1/1270 3368/1/1262 3367/1/1262
f 631/1/1270 632/1/1270 3369/1/1262 3368/1/1262
f 632/1/1270 633/1/1270 3370/1/1262 3369/1/1262
f 633/1/1270 34/1/967 654/1/1022 3370/1/1262
f 3370/1/1262 654/1/1022 653/1/1035 3377/1/1263
f 3377/1/1263 653/1/1035 652/1/1034 3384/1/1265
f 3384/1/1265 652/1/1034 651/1/1033 3391/1/1266
f 3391/1/1266 651/1/1033 650/1/1032 3398/1/1267
f 3398/1/1267 650/1/1032 649/1/1031 3405/1/1268
f 3405/1/1268 649/1/1031 648/1/1030 3412/1/1269
f 3412/1/1269 648/1/1030 20/1/140 500/1/1260
f 3411/1/1269 3412/1/1269 500/1/1260 499/1/1260
f 3410/1/1269 3411/1/1269 499/1/1260 498/1/1260
f 3409/1/1269 3410/1/1269 498/1/1260 497/1/1260
f 3408/1/1269 3409/1/1269 497/1/1260 496/1/1260
f 3407/1/1269 3408/1/1269 496/1/1260 495/1/1260
f 3406/1/1269 3407/1/1269 495/1/1260 494/1/1260
f 227/1/1269 3406/1/1269 494/1/1260 83/1/1260
f 226/1/1268 3399/1/1268 3406/1/1269 227/1/1269
f 225/1/1267 3392/1/1267 3399/1/1268 226/1/1268
f 224/1/1266 3385/1/1266 3392/1/1267 225/1/1267
f 223/1/1265 3378/1/1265 3385/1/1266 224/1/1266
f 222/1/1264 3371/1/1264 3378/1/1265 223/1/1265
f 221/1/1262 3364/1/1262 3371/1/1264 222/1/1264
f 3413/1/1271 3414/1/1271 3421/1/1272 3420/1/1272
f 3414/1/1271 3415/1/1271 3422/1/1272 3421/1/1272
f 3415/1/1271 3416/1/1271 3423/1/1272 3422/1/1272
f 3416/1/1271 3417/1/1271 3424/1/1272 3423/1/1272
f 3417/1/1271 3418/1/1271 3425/1/1272 3424/1/1272
f 3418/1/1271 3419/1/1271 3426/1/1272 3425/1/1272
f 3420/1/1272 3421/1/1272 3428/1/1273 3427/1/1273
f 3421/1/1272 3422/1/1272 3429/1/1273 3428/1/1273
f 3422/1/1272 3423/1/1272 3430/1/1273 3429/1/1273
f 3423/1/1272 3424/1/1272 3431/1/1273 3430/1/1273
f 3424/1/1272 3425/1/1272 3432/1/1273 3431/1/1273
f 3425/1/1272 3426/1/1272 3433/1/1273 3432/1/1273
f 3427/1/1273 3428/1/1273 3435/1/1274 3434/1/1274
f 3428/1/1273 3429/1/1273 3436/1/1274 3435/1/1274
f 3429/1/1273 3430/1/1273 3437/1/1274 3436/1/1274
f 3430/1/1273 3431/1/1273 3438/1/1274 3437/1/1274
f 3431/1/1273 3432/1/1273 3439/1/1274 3438/1/1274
f 3432/1/1273 3433/1/1273 3440/1/1274 3439/1/1274
f 3434/1/1274 3435/1/1274 3442/1/1275 3441/1/1275
f 3435/1/1274 3436/1/1274 3443/1/1275 3442/1/1275
f 3436/1/1274 3437/1/1274 3444/1/1275 3443/1/1275
f 3437/1/1274 3438/1/1274 3445/1/1275 3444/1/1275
f 3438/1/1274 3439/1/1274 3446/1/1275 3445/1/1275
f 3439/1/1274 3440/1/1274 3447/1/1275 3446/1/1275
f 3441/1/1275 3442/1/1275 3449/1/1276 3448/1/1276
f 3442/1/1275 3443/1/1275 3450/1/1276 3449/1/1276
f 3443/1/1275 3444/1/1275 3451/1/1276 3450/1/1276
f 3444/1/1275 3445/1/1275 3452/1/1277 3451/1/1276
f 3445/1/1275 3446/1/1275 3453/1/1277 3452/1/1277
f 3446/1/1275 3447/1/1275 3454/1/1277 3453/1/1277
f 3448/1/1276 3449/1/1276 3456/1/1278 3455/1/1278
f 3449/1/1276 3450/1/1276 3457/1/1278 3456/1/1278
f 3450/1/1276 3451/1/1276 3458/1/1278 3457/1/1278
f 3451/1/1276 3452/1/1277 3459/1/1278 3458/1/1278
f 3452/1/1277 3453/1/1277 3460/1/1278 3459/1/1278
f 3453/1/1277 3454/1/1277 3461/1/1278 3460/1/1278
f 85/1/1279 613/1/1279 3413/1/1271 214/1/1271
f 613/1/1279 614/1/1280 3414/1/1271 3413/1/1271
f 614/1/1280 615/1/1280 3415/1/1271 3414/1/1271
f 615/1/1280 616/1/1280 3416/1/1271 3415/1/1271
f 616/1/1280 617/1/1280 3417/1/1271 3416/1/1271
f 617/1/1280 618/1/1279 3418/1/1271 3417/1/1271
f 618/1/1279 619/1/1279 3419/1/1271 3418/1/1271
f 619/1/1279 32/1/823 661/1/950 3419/1/1271
f 3419/1/1271 661/1/950 660/1/972 3426/1/1272
f 3426/1/1272 660/1/972 659/1/971 3433/1/1273
f 3433/1/1273 659/1/971 658/1/970 3440/1/1274
f 3440/1/1274 658/1/970 657/1/969 3447/1/1275
f 3447/1/1275 657/1/969 656/1/968 3454/1/1277
f 3454/1/1277 656/1/968 655/1/966 3461/1/1278
f 3461/1/1278 655/1/966 34/1/967 633/1/1270
f 3460/1/1278 3461/1/1278 633/1/1270 632/1/1270
f 3459/1/1278 3460/1/1278 632/1/1270 631/1/1270
f 3458/1/1278 3459/1/1278 631/1/1270 630/1/1270
f 3457/1/1278 3458/1/1278 630/1/1270 629/1/1270
f 3456/1/1278 3457/1/1278 629/1/1270 628/1/1270
f 3455/1/1278 3456/1/1278 628/1/1270 627/1/1270
f 220/1/1278 3455/1/1278 627/1/1270 86/1/1270
f 219/1/1277 3448/1/1276 3455/1/1278 220/1/1278
f 218/1/1281 3441/1/1275 3448/1/1276 219/1/1277
f 217/1/1274 3434/1/1274 3441/1/1275 218/1/1281
f 216/1/1282 3427/1/1273 3434/1/1274 217/1/1274
f 215/1/1272 3420/1/1272 3427/1/1273 216/1/1282
f 214/1/1271 3413/1/1271 3420/1/1272 215/1/1272
f 3462/1/1283 3463/1/1283 3470/1/1284 3469/1/1284
f 3463/1/1283 3464/1/1283 3471/1/1284 3470/1/1284
f 3464/1/1283 3465/1/1283 3472/1/1284 3471/1/1284
f 3465/1/1283 3466/1/1283 3473/1/1284 3472/1/1284
f 3466/1/1283 3467/1/1283 3474/1/1284 3473/1/1284
f 3467/1/1283 3468/1/1283 3475/1/1284 3474/1/1284
f 3469/1/1284 3470/1/1284 3477/1/1285 3476/1/1285
f 3470/1/1284 3471/1/1284 3478/1/1285 3477/1/1285
f 3471/1/1284 3472/1/1284 3479/1/1285 3478/1/1285
f 3472/1/1284 3473/1/1284 3480/1/1285 3479/1/1285
f 3473/1/1284 3474/1/1284 3481/1/1285 3480/1/1285
f 3474/1/1284 3475/1/1284 3482/1/1285 3481/1/1285
f 3476/1/1285 3477/1/1285 3484/1/1286 3483/1/1286
f 3477/1/1285 3478/1/1285 3485/1/1286 3484/1/1286
f 3478/1/1285 3479/1/1285 3486/1/1286 3485/1/1286
f 3479/1/1285 3480/1/1285 3487/1/1286 3486/1/1286
f 3480/1/1285 3481/1/1285 3488/1/1286 3487/1/1286
f 3481/1/1285 3482/1/1285 3489/1/1286 3488/1/1286
f 3483/1/1286 3484/1/1286 3491/1/1287 3490/1/1287
f 3484/1/1286 3485/1/1286 3492/1/1287 3491/1/1287
f 3485/1/1286 3486/1/1286 3493/1/1287 3492/1/1287
f 3486/1/1286 3487/1/1286 3494/1/1287 3493/1/1287
f 3487/1/1286 3488/1/1286 3495/1/1287 3494/1/1287
f 3488/1/1286 3489/1/1286 3496/1/1287 3495/1/1287
f 3490/1/1287 3491/1/1287 3498/1/1288 3497/1/1288
f 3491/1/1287 3492/1/1287 3499/1/1288 3498/1/1288
f 3492/1/1287 3493/1/1287 3500/1/1288 3499/1/1288
f 3493/1/1287 3494/1/1287 3501/1/1288 3500/1/1288
f 3494/1/1287 3495/1/1287 3502/1/1288 3501/1/1288
f 3495/1/1287 3496/1/1287 3503/1/1288 3502/1/1288
f 3497/1/1288 3498/1/1288 3505/1/1289 3504/1/1289
f 3498/1/1288 3499/1/1288 3506/1/1289 3505/1/1289
f 3499/1/1288 3500/1/1288 3507/1/1289 3506/1/1289
f 3500/1/1288 3501/1/1288 3508/1/1289 3507/1/1289
f 3501/1/1288 3502/1/1288 3509/1/1289 3508/1/1289
f 3502/1/1288 3503/1/1288 3510/1/1289 3509/1/1289
f 87/1/1290 620/1/1290 3462/1/1283 269/1/1283
f 620/1/1290 621/1/1290 3463/1/1283 3462/1/1283
f 621/1/1290 622/1/1290 3464/1/1283 3463/1/1283
f 622/1/1290 623/1/1290 3465/1/1283 3464/1/1283
f 623/1/1290 624/1/1290 3466/1/1283 3465/1/1283
f 624/1/1290 625/1/1290 3467/1/1283 3466/1/1283
f 625/1/1290 626/1/1290 3468/1/1283 3467/1/1283
f 626/1/1290 33/1/885 662/1/884 3468/1/1283
f 3468/1/1283 662/1/884 663/1/883 3475/1/1284
f 3475/1/1284 663/1/883 664/1/882 3482/1/1285
f 3482/1/1285 664/1/882 665/1/881 3489/1/1286
f 3489/1/1286 665/1/881 666/1/880 3496/1/1287
f 3496/1/1287 666/1/880 667/1/879 3503/1/1288
f 3503/1/1288 667/1/879 668/1/878 3510/1/1289
f 3510/1/1289 668/1/878 28/1/525 577/1/1291
f 3509/1/1289 3510/1/1289 577/1/1291 576/1/1291
f 3508/1/1289 3509/1/1289 576/1/1291 575/1/1291
f 3507/1/1289 3508/1/1289 575/1/1291 574/1/1291
f 3506/1/1289 3507/1/1289 574/1/1291 573/1/1291
f 3505/1/1289 3506/1/1289 573/1/1291 572/1/1291
f 3504/1/1289 3505/1/1289 572/1/1291 571/1/1291
f 263/1/1289 3504/1/1289 571/1/1291 78/1/1291
f 264/1/1288 3497/1/1288 3504/1/1289 263/1/1289
f 265/1/1287 3490/1/1287 3497/1/1288 264/1/1288
f 266/1/1286 3483/1/1286 3490/1/1287 265/1/1287
f 267/1/1285 3476/1/1285 3483/1/1286 266/1/1286
f 268/1/1284 3469/1/1284 3476/1/1285 267/1/1285
f 269/1/1283 3462/1/1283 3469/1/1284 268/1/1284
f 3511/1/1292 3512/1/1292 3519/1/1293 3518/1/1293
f 3512/1/1292 3513/1/1292 3520/1/1293 3519/1/1293
f 3513/1/1292 3514/1/1292 3521/1/1293 3520/1/1293
f 3514/1/1292 3515/1/1292 3522/1/1293 3521/1/1293
f 3515/1/1292 3516/1/1292 3523/1/1293 3522/1/1293
f 3516/1/1292 3517/1/1292 3524/1/1293 3523/1/1293
f 3518/1/1293 3519/1/1293 3526/1/1294 3525/1/1294
f 3519/1/1293 3520/1/1293 3527/1/1294 3526/1/1294
f 3520/1/1293 3521/1/1293 3528/1/1294 3527/1/1294
f 3521/1/1293 3522/1/1293 3529/1/1294 3528/1/1294
f 3522/1/1293 3523/1/1293 3530/1/1294 3529/1/1294
f 3523/1/1293 3524/1/1293 3531/1/1295 3530/1/1294
f 3525/1/1294 3526/1/1294 3533/1/1296 3532/1/1296
f 3526/1/1294 3527/1/1294 3534/1/1296 3533/1/1296
f 3527/1/1294 3528/1/1294 3535/1/1296 3534/1/1296
f 3528/1/1294 3529/1/1294 3536/1/1297 3535/1/1296
f 3529/1/1294 3530/1/1294 3537/1/1297 3536/1/1297
f 3530/1/1294 3531/1/1295 3538/1/1297 3537/1/1297
f 3532/1/1296 3533/1/1296 3540/1/1298 3539/1/1298
f 3533/1/1296 3534/1/1296 3541/1/1298 3540/1/1298
f 3534/1/1296 3535/1/1296 3542/1/1298 3541/1/1298
f 3535/1/1296 3536/1/1297 3543/1/1298 3542/1/1298
f 3536/1/1297 3537/1/1297 3544/1/1298 3543/1/1298
f 3537/1/1297 3538/1/1297 3545/1/1298 3544/1/1298
f 3539/1/1298 3540/1/1298 3547/1/1299 3546/1/1299
f 3540/1/1298 3541/1/1298 3548/1/1299 3547/1/1299
f 3541/1/1298 3542/1/1298 3549/1/1299 3548/1/1299
f 3542/1/1298 3543/1/1298 3550/1/1300 3549/1/1299
f 3543/1/1298 3544/1/1298 3551/1/1300 3550/1/1300
f 3544/1/1298 3545/1/1298 3552/1/1300 3551/1/1300
f 3546/1/1299 3547/1/1299 3554/1/1301 3553/1/1301
f 3547/1/1299 3548/1/1299 3555/1/1301 3554/1/1301
f 3548/1/1299 3549/1/1299 3556/1/1301 3555/1/1301
f 3549/1/1299 3550/1/1300 3557/1/1301 3556/1/1301
f 3550/1/1300 3551/1/1300 3558/1/1301 3557/1/1301
f 3551/1/1300 3552/1/1300 3559/1/1301 3558/1/1301
f 84/1/1302 578/1/1302 3511/1/1292 207/1/1292
f 578/1/1302 579/1/1302 3512/1/1292 3511/1/1292
f 579/1/1302 580/1/1302 3513/1/1292 3512/1/1292
f 580/1/1302 581/1/1302 3514/1/1292 3513/1/1292
f 581/1/1302 582/1/1302 3515/1/1292 3514/1/1292
f 582/1/1302 583/1/1302 3516/1/1292 3515/1/1292
f 583/1/1302 584/1/1302 3517/1/1292 3516/1/1292
f 584/1/1302 29/1/679 675/1/806 3517/1/1292
f 3517/1/1292 675/1/806 674/1/828 3524/1/1293
f 3524/1/1293 674/1/828 673/1/827 3531/1/1295
f 3531/1/1295 673/1/827 672/1/826 3538/1/1297
f 3538/1/1297 672/1/826 671/1/825 3545/1/1298
f 3545/1/1298 671/1/825 670/1/824 3552/1/1300
f 3552/1/1300 670/1/824 669/1/822 3559/1/1301
f 3559/1/1301 669/1/822 32/1/823 619/1/1279
f 3558/1/1301 3559/1/1301 619/1/1279 618/1/1279
f 3557/1/1301 3558/1/1301 618/1/1279 617/1/1280
f 3556/1/1301 3557/1/1301 617/1/1280 616/1/1280
f 3555/1/1301 3556/1/1301 616/1/1280 615/1/1280
f 3554/1/1301 3555/1/1301 615/1/1280 614/1/1280
f 3553/1/1301 3554/1/1301 614/1/1280 613/1/1279
f 213/1/1301 3553/1/1301 613/1/1279 85/1/1279
f 212/1/1299 3546/1/1299 3553/1/1301 213/1/1301
f 211/1/1298 3539/1/1298 3546/1/1299 212/1/1299
f 210/1/1296 3532/1/1296 3539/1/1298 211/1/1298
f 209/1/1294 3525/1/1294 3532/1/1296 210/1/1296
f 208/1/1293 3518/1/1293 3525/1/1294 209/1/1294
f 207/1/1292 3511/1/1292 3518/1/1293 208/1/1293
f 3560/1/1303 3561/1/1303 3568/1/1304 3567/1/1304
f 3561/1/1303 3562/1/1303 3569/1/1304 3568/1/1304
f 3562/1/1303 3563/1/1303 3570/1/1304 3569/1/1304
f 3563/1/1303 3564/1/1303 3571/1/1304 3570/1/1304
f 3564/1/1303 3565/1/1303 3572/1/1304 3571/1/1304
f 3565/1/1303 3566/1/1303 3573/1/1304 3572/1/1304
f 3567/1/1304 3568/1/1304 3575/1/1305 3574/1/1305
f 3568/1/1304 3569/1/1304 3576/1/1305 3575/1/1305
f 3569/1/1304 3570/1/1304 3577/1/1305 3576/1/1305
f 3570/1/1304 3571/1/1304 3578/1/1305 3577/1/1305
f 3571/1/1304 3572/1/1304 3579/1/1305 3578/1/1305
f 3572/1/1304 3573/1/1304 3580/1/1305 3579/1/1305
f 3574/1/1305 3575/1/1305 3582/1/1306 3581/1/1306
f 3575/1/1305 3576/1/1305 3583/1/1306 3582/1/1306
f 3576/1/1305 3577/1/1305 3584/1/1306 3583/1/1306
f 3577/1/1305 3578/1/1305 3585/1/1306 3584/1/1306
f 3578/1/1305 3579/1/1305 3586/1/1306 3585/1/1306
f 3579/1/1305 3580/1/1305 3587/1/1306 3586/1/1306
f 3581/1/1306 3582/1/1306 3589/1/1307 3588/1/1307
f 3582/1/1306 3583/1/1306 3590/1/1307 3589/1/1307
f 3583/1/1306 3584/1/1306 3591/1/1307 3590/1/1307
f 3584/1/1306 3585/1/1306 3592/1/1307 3591/1/1307
f 3585/1/1306 3586/1/1306 3593/1/1307 3592/1/1307
f 3586/1/1306 3587/1/1306 3594/1/1307 3593/1/1307
f 3588/1/1307 3589/1/1307 3596/1/1308 3595/1/1308
f 3589/1/1307 3590/1/1307 3597/1/1308 3596/1/1308
f 3590/1/1307 3591/1/1307 3598/1/1308 3597/1/1308
f 3591/1/1307 3592/1/1307 3599/1/1308 3598/1/1308
f 3592/1/1307 3593/1/1307 3600/1/1308 3599/1/1308
f 3593/1/1307 3594/1/1307 3601/1/1308 3600/1/1308
f 3595/1/1308 3596/1/1308 3603/1/1309 3602/1/1309
f 3596/1/1308 3597/1/1308 3604/1/1309 3603/1/1309
f 3597/1/1308 3598/1/1308 3605/1/1309 3604/1/1309
f 3598/1/1308 3599/1/1308 3606/1/1309 3605/1/1309
f 3599/1/1308 3600/1/1308 3607/1/1309 3606/1/1309
f 3600/1/1308 3601/1/1308 3608/1/1309 3607/1/1309
f 77/1/1251 612/1/1251 3560/1/1303 256/1/1303
f 612/1/1251 611/1/1251 3561/1/1303 3560/1/1303
f 611/1/1251 610/1/1251 3562/1/1303 3561/1/1303
f 610/1/1251 609/1/1251 3563/1/1303 3562/1/1303
f 609/1/1251 608/1/1251 3564/1/1303 3563/1/1303
f 608/1/1251 607/1/1251 3565/1/1303 3564/1/1303
f 607/1/1251 606/1/1251 3566/1/1303 3565/1/1303
f 606/1/1251 31/1/734 682/1/736 3566/1/1303
f 3566/1/1303 682/1/736 681/1/756 3573/1/1304
f 3573/1/1304 681/1/756 680/1/755 3580/1/1305
f 3580/1/1305 680/1/755 679/1/754 3587/1/1306
f 3587/1/1306 679/1/754 678/1/753 3594/1/1307
f 3594/1/1307 678/1/753 677/1/752 3601/1/1308
f 3601/1/1308 677/1/752 676/1/751 3608/1/1309
f 3608/1/1309 676/1/751 30/1/653 592/1/1310
f 3607/1/1309 3608/1/1309 592/1/1310 593/1/1310
f 3606/1/1309 3607/1/1309 593/1/1310 594/1/1310
f 3605/1/1309 3606/1/1309 594/1/1310 595/1/1310
f 3604/1/1309 3605/1/1309 595/1/1310 596/1/1310
f 3603/1/1309 3604/1/1309 596/1/1310 597/1/1310
f 3602/1/1309 3603/1/1309 597/1/1310 598/1/1310
f 262/1/1309 3602/1/1309 598/1/1310 82/1/1310
f 261/1/1308 3595/1/1308 3602/1/1309 262/1/1309
f 260/1/1307 3588/1/1307 3595/1/1308 261/1/1308
f 259/1/1306 3581/1/1306 3588/1/1307 260/1/1307
f 258/1/1305 3574/1/1305 3581/1/1306 259/1/1306
f 257/1/1304 3567/1/1304 3574/1/1305 258/1/1305
f 256/1/1303 3560/1/1303 3567/1/1304 257/1/1304
f 3609/1/1311 3610/1/1311 3617/1/1312 3616/1/1312
f 3610/1/1311 3611/1/1311 3618/1/1312 3617/1/1312
f 3611/1/1311 3612/1/1311 3619/1/1312 3618/1/1312
f 3612/1/1311 3613/1/1311 3620/1/1312 3619/1/1312
f 3613/1/1311 3614/1/1311 3621/1/1312 3620/1/1312
f 3614/1/1311 3615/1/1311 3622/1/1312 3621/1/1312
f 3616/1/1312 3617/1/1312 3624/1/1313 3623/1/1313
f 3617/1/1312 3618/1/1312 3625/1/1313 3624/1/1313
f 3618/1/1312 3619/1/1312 3626/1/1313 3625/1/1313
f 3619/1/1312 3620/1/1312 3627/1/1313 3626/1/1313
f 3620/1/1312 3621/1/1312 3628/1/1313 3627/1/1313
f 3621/1/1312 3622/1/1312 3629/1/1313 3628/1/1313
f 3623/1/1313 3624/1/1313 3631/1/1314 3630/1/1314
f 3624/1/1313 3625/1/1313 3632/1/1314 3631/1/1314
f 3625/1/1313 3626/1/1313 3633/1/1314 3632/1/1314
f 3626/1/1313 3627/1/1313 3634/1/1314 3633/1/1314
f 3627/1/1313 3628/1/1313 3635/1/1314 3634/1/1314
f 3628/1/1313 3629/1/1313 3636/1/1314 3635/1/1314
f 3630/1/1314 3631/1/1314 3638/1/1315 3637/1/1315
f 3631/1/1314 3632/1/1314 3639/1/1315 3638/1/1315
f 3632/1/1314 3633/1/1314 3640/1/1315 3639/1/1315
f 3633/1/1314 3634/1/1314 3641/1/1315 3640/1/1315
f 3634/1/1314 3635/1/1314 3642/1/1315 3641/1/1315
f 3635/1/1314 3636/1/1314 3643/1/1315 3642/1/1315
f 3637/1/1315 3638/1/1315 3645/1/1316 3644/1/1316
f 3638/1/1315 3639/1/1315 3646/1/1316 3645/1/1316
f 3639/1/1315 3640/1/1315 3647/1/1316 3646/1/1316
f 3640/1/1315 3641/1/1315 3648/1/1316 3647/1/1316
f 3641/1/1315 3642/1/1315 3649/1/1316 3648/1/1316
f 3642/1/1315 3643/1/1315 3650/1/1316 3649/1/1316
f 3644/1/1316 3645/1/1316 3652/1/1317 3651/1/1317
f 3645/1/1316 3646/1/1316 3653/1/1317 3652/1/1317
f 3646/1/1316 3647/1/1316 3654/1/1317 3653/1/1317
f 3647/1/1316 3648/1/1316 3655/1/1317 3654/1/1317
f 3648/1/1316 3649/1/1316 3656/1/1317 3655/1/1317
f 3649/1/1316 3650/1/1316 3657/1/1317 3656/1/1317
f 82/1/1310 598/1/1310 3609/1/1311 200/1/1311
f 598/1/1310 597/1/1310 3610/1/1311 3609/1/1311
f 597/1/1310 596/1/1310 3611/1/1311 3610/1/1311
f 596/1/1310 595/1/1310 3612/1/1311 3611/1/1311
f 595/1/1310 594/1/1310 3613/1/1311 3612/1/1311
f 594/1/1310 593/1/1310 3614/1/1311 3613/1/1311
f 593/1/1310 592/1/1310 3615/1/1311 3614/1/1311
f 592/1/1310 30/1/653 689/1/655 3615/1/1311
f 3615/1/1311 689/1/655 688/1/684 3622/1/1312
f 3622/1/1312 688/1/684 687/1/683 3629/1/1313
f 3629/1/1313 687/1/683 686/1/682 3636/1/1314
f 3636/1/1314 686/1/682 685/1/681 3643/1/1315
f 3643/1/1315 685/1/681 684/1/680 3650/1/1316
f 3650/1/1316 684/1/680 683/1/678 3657/1/1317
f 3657/1/1317 683/1/678 29/1/679 584/1/1302
f 3656/1/1317 3657/1/1317 584/1/1302 583/1/1302
f 3655/1/1317 3656/1/1317 583/1/1302 582/1/1302
f 3654/1/1317 3655/1/1317 582/1/1302 581/1/1302
f 3653/1/1317 3654/1/1317 581/1/1302 580/1/1302
f 3652/1/1317 3653/1/1317 580/1/1302 579/1/1302
f 3651/1/1317 3652/1/1317 579/1/1302 578/1/1302
f 206/1/1317 3651/1/1317 578/1/1302 84/1/1302
f 205/1/1316 3644/1/1316 3651/1/1317 206/1/1317
f 204/1/1315 3637/1/1315 3644/1/1316 205/1/1316
f 203/1/1314 3630/1/1314 3637/1/1315 204/1/1315
f 202/1/1313 3623/1/1313 3630/1/1314 203/1/1314
f 201/1/1312 3616/1/1312 3623/1/1313 202/1/1313
f 200/1/1311 3609/1/1311 3616/1/1312 201/1/1312
f 3658/1/1318 3659/1/1318 3666/1/1319 3665/1/1319
f 3659/1/1318 3660/1/1318 3667/1/1319 3666/1/1319
f 3660/1/1318 3661/1/1318 3668/1/1319 3667/1/1319
f 3661/1/1318 3662/1/1318 3669/1/1319 3668/1/1319
f 3662/1/1318 3663/1/1318 3670/1/1319 3669/1/1319
f 3663/1/1318 3664/1/1318 3671/1/1319 3670/1/1319
f 3665/1/1319 3666/1/1319 3673/1/1320 3672/1/1320
f 3666/1/1319 3667/1/1319 3674/1/1320 3673/1/1320
f 3667/1/1319 3668/1/1319 3675/1/1320 3674/1/1320
f 3668/1/1319 3669/1/1319 3676/1/1320 3675/1/1320
f 3669/1/1319 3670/1/1319 3677/1/1320 3676/1/1320
f 3670/1/1319 3671/1/1319 3678/1/1320 3677/1/1320
f 3672/1/1320 3673/1/1320 3680/1/1321 3679/1/1321
f 3673/1/1320 3674/1/1320 3681/1/1321 3680/1/1321
f 3674/1/1320 3675/1/1320 3682/1/1321 3681/1/1321
f 3675/1/1320 3676/1/1320 3683/1/1321 3682/1/1321
f 3676/1/1320 3677/1/1320 3684/1/1321 3683/1/1321
f 3677/1/1320 3678/1/1320 3685/1/1321 3684/1/1321
f 3679/1/1321 3680/1/1321 3687/1/1322 3686/1/1322
f 3680/1/1321 3681/1/1321 3688/1/1322 3687/1/1322
f 3681/1/1321 3682/1/1321 3689/1/1322 3688/1/1322
f 3682/1/1321 3683/1/1321 3690/1/1322 3689/1/1322
f 3683/1/1321 3684/1/1321 3691/1/1322 3690/1/1322
f 3684/1/1321 3685/1/1321 3692/1/1322 3691/1/1322
f 3686/1/1322 3687/1/1322 3694/1/1323 3693/1/1323
f 3687/1/1322 3688/1/1322 3695/1/1323 3694/1/1323
f 3688/1/1322 3689/1/1322 3696/1/1324 3695/1/1323
f 3689/1/1322 3690/1/1322 3697/1/1324 3696/1/1324
f 3690/1/1322 3691/1/1322 3698/1/1323 3697/1/1324
f 3691/1/1322 3692/1/1322 3699/1/1323 3698/1/1323
f 3693/1/1323 3694/1/1323 3701/1/1325 3700/1/1325
f 3694/1/1323 3695/1/1323 3702/1/1325 3701/1/1325
f 3695/1/1323 3696/1/1324 3703/1/1325 3702/1/1325
f 3696/1/1324 3697/1/1324 3704/1/1325 3703/1/1325
f 3697/1/1324 3698/1/1323 3705/1/1325 3704/1/1325
f 3698/1/1323 3699/1/1323 3706/1/1325 3705/1/1325
f 88/1/1326 543/1/1326 3658/1/1318 255/1/1318
f 543/1/1326 544/1/1326 3659/1/1318 3658/1/1318
f 544/1/1326 545/1/1326 3660/1/1318 3659/1/1318
f 545/1/1326 546/1/1326 3661/1/1318 3660/1/1318
f 546/1/1326 547/1/1326 3662/1/1318 3661/1/1318
f 547/1/1326 548/1/1326 3663/1/1318 3662/1/1318
f 548/1/1326 549/1/1326 3664/1/1318 3663/1/1318
f 549/1/1326 25/1/391 690/1/596 3664/1/1318
f 3664/1/1318 690/1/596 691/1/595 3671/1/1319
f 3671/1/1319 691/1/595 692/1/594 3678/1/1320
f 3678/1/1320 692/1/594 693/1/593 3685/1/1321
f 3685/1/1321 693/1/593 694/1/592 3692/1/1322
f 3692/1/1322 694/1/592 695/1/591 3699/1/1323
f 3699/1/1323 695/1/591 696/1/590 3706/1/1325
f 3706/1/1325 696/1/590 27/1/453 570/1/1327
f 3705/1/1325 3706/1/1325 570/1/1327 569/1/1327
f 3704/1/1325 3705/1/1325 569/1/1327 568/1/1327
f 3703/1/1325 3704/1/1325 568/1/1327 567/1/1327
f 3702/1/1325 3703/1/1325 567/1/1327 566/1/1327
f 3701/1/1325 3702/1/1325 566/1/1327 565/1/1327
f 3700/1/1325 3701/1/1325 565/1/1327 564/1/1327
f 249/1/1325 3700/1/1325 564/1/1327 91/1/1327
f 250/1/1323 3693/1/1323 3700/1/1325 249/1/1325
f 251/1/1322 3686/1/1322 3693/1/1323 250/1/1323
f 252/1/1321 3679/1/1321 3686/1/1322 251/1/1322
f 253/1/1320 3672/1/1320 3679/1/1321 252/1/1321
f 254/1/1319 3665/1/1319 3672/1/1320 253/1/1320
f 255/1/1318 3658/1/1318 3665/1/1319 254/1/1319
f 3707/1/1328 3708/1/1328 3715/1/1329 3714/1/1329
f 3708/1/1328 3709/1/1328 3716/1/1329 3715/1/1329
f 3709/1/1328 3710/1/1328 3717/1/1329 3716/1/1329
f 3710/1/1328 3711/1/1328 3718/1/1329 3717/1/1329
f 3711/1/1328 3712/1/1328 3719/1/1329 3718/1/1329
f 3712/1/1328 3713/1/1328 3720/1/1329 3719/1/1329
f 3714/1/1329 3715/1/1329 3722/1/1330 3721/1/1330
f 3715/1/1329 3716/1/1329 3723/1/1330 3722/1/1330
f 3716/1/1329 3717/1/1329 3724/1/1330 3723/1/1330
f 3717/1/1329 3718/1/1329 3725/1/1330 3724/1/1330
f 3718/1/1329 3719/1/1329 3726/1/1330 3725/1/1330
f 3719/1/1329 3720/1/1329 3727/1/1330 3726/1/1330
f 3721/1/1330 3722/1/1330 3729/1/1331 3728/1/1331
f 3722/1/1330 3723/1/1330 3730/1/1331 3729/1/1331
f 3723/1/1330 3724/1/1330 3731/1/1331 3730/1/1331
f 3724/1/1330 3725/1/1330 3732/1/1331 3731/1/1331
f 3725/1/1330 3726/1/1330 3733/1/1331 3732/1/1331
f 3726/1/1330 3727/1/1330 3734/1/1331 3733/1/1331
f 3728/1/1331 3729/1/1331 3736/1/1332 3735/1/1332
f 3729/1/1331 3730/1/1331 3737/1/1332 3736/1/1332
f 3730/1/1331 3731/1/1331 3738/1/1332 3737/1/1332
f 3731/1/1331 3732/1/1331 3739/1/1332 3738/1/1332
f 3732/1/1331 3733/1/1331 3740/1/1332 3739/1/1332
f 3733/1/1331 3734/1/1331 3741/1/1332 3740/1/1332
f 3735/1/1332 3736/1/1332 3743/1/1333 3742/1/1333
f 3736/1/1332 3737/1/1332 3744/1/1333 3743/1/1333
f 3737/1/1332 3738/1/1332 3745/1/1333 3744/1/1333
f 3738/1/1332 3739/1/1332 3746/1/1333 3745/1/1333
f 3739/1/1332 3740/1/1332 3747/1/1333 3746/1/1333
f 3740/1/1332 3741/1/1332 3748/1/1333 3747/1/1333
f 3742/1/1333 3743/1/1333 3750/1/1334 3749/1/1334
f 3743/1/1333 3744/1/1333 3751/1/1334 3750/1/1334
f 3744/1/1333 3745/1/1333 3752/1/1334 3751/1/1334
f 3745/1/1333 3746/1/1333 3753/1/1334 3752/1/1334
f 3746/1/1333 3747/1/1333 3754/1/1334 3753/1/1334
f 3747/1/1333 3748/1/1333 3755/1/1334 3754/1/1334
f 78/1/1291 571/1/1291 3707/1/1328 199/1/1328
f 571/1/1291 572/1/1291 3708/1/1328 3707/1/1328
f 572/1/1291 573/1/1291 3709/1/1328 3708/1/1328
f 573/1/1291 574/1/1291 3710/1/1328 3709/1/1328
f 574/1/1291 575/1/1291 3711/1/1328 3710/1/1328
f 575/1/1291 576/1/1291 3712/1/1328 3711/1/1328
f 576/1/1291 577/1/1291 3713/1/1328 3712/1/1328
f 577/1/1291 28/1/525 697/1/524 3713/1/1328
f 3713/1/1328 697/1/524 698/1/523 3720/1/1329
f 3720/1/1329 698/1/523 699/1/522 3727/1/1330
f 3727/1/1330 699/1/522 700/1/521 3734/1/1331
f 3734/1/1331 700/1/521 701/1/520 3741/1/1332
f 3741/1/1332 701/1/520 702/1/519 3748/1/1333
f 3748/1/1333 702/1/519 703/1/518 3755/1/1334
f 3755/1/1334 703/1/518 24/1/300 542/1/1335
f 3754/1/1334 3755/1/1334 542/1/1335 541/1/1335
f 3753/1/1334 3754/1/1334 541/1/1335 540/1/1335
f 3752/1/1334 3753/1/1334 540/1/1335 539/1/1335
f 3751/1/1334 3752/1/1334 539/1/1335 538/1/1335
f 3750/1/1334 3751/1/1334 538/1/1335 537/1/1336
f 3749/1/1334 3750/1/1334 537/1/1336 536/1/1336
f 193/1/1334 3749/1/1334 536/1/1336 81/1/1335
f 194/1/1333 3742/1/1333 3749/1/1334 193/1/1334
f 195/1/1332 3735/1/1332 3742/1/1333 194/1/1333
f 196/1/1331 3728/1/1331 3735/1/1332 195/1/1332
f 197/1/1330 3721/1/1330 3728/1/1331 196/1/1331
f 198/1/1329 3714/1/1329 3721/1/1330 197/1/1330
f 199/1/1328 3707/1/1328 3714/1/1329 198/1/1329
f 3756/1/1337 3757/1/1337 3764/1/1338 3763/1/1338
f 3757/1/1337 3758/1/1337 3765/1/1339 3764/1/1338
f 3758/1/1337 3759/1/1337 3766/1/1339 3765/1/1339
f 3759/1/1337 3760/1/1337 3767/1/1339 3766/1/1339
f 3760/1/1337 3761/1/1337 3768/1/1338 3767/1/1339
f 3761/1/1337 3762/1/1337 3769/1/1338 3768/1/1338
f 3763/1/1338 3764/1/1338 3771/1/1340 3770/1/1340
f 3764/1/1338 3765/1/1339 3772/1/1340 3771/1/1340
f 3765/1/1339 3766/1/1339 3773/1/1340 3772/1/1340
f 3766/1/1339 3767/1/1339 3774/1/1340 3773/1/1340
f 3767/1/1339 3768/1/1338 3775/1/1340 3774/1/1340
f 3768/1/1338 3769/1/1338 3776/1/1340 3775/1/1340
f 3770/1/1340 3771/1/1340 3778/1/1341 3777/1/1341
f 3771/1/1340 3772/1/1340 3779/1/1341 3778/1/1341
f 3772/1/1340 3773/1/1340 3780/1/1341 3779/1/1341
f 3773/1/1340 3774/1/1340 3781/1/1341 3780/1/1341
f 3774/1/1340 3775/1/1340 3782/1/1341 3781/1/1341
f 3775/1/1340 3776/1/1340 3783/1/1341 3782/1/1341
f 3777/1/1341 3778/1/1341 3785/1/1252 3784/1/1252
f 3778/1/1341 3779/1/1341 3786/1/1252 3785/1/1252
f 3779/1/1341 3780/1/1341 3787/1/1252 3786/1/1252
f 3780/1/1341 3781/1/1341 3788/1/1252 3787/1/1252
f 3781/1/1341 3782/1/1341 3789/1/1252 3788/1/1252
f 3782/1/1341 3783/1/1341 3790/1/1252 3789/1/1252
f 3784/1/1252 3785/1/1252 3792/1/1342 3791/1/1342
f 3785/1/1252 3786/1/1252 3793/1/1342 3792/1/1342
f 3786/1/1252 3787/1/1252 3794/1/1342 3793/1/1342
f 3787/1/1252 3788/1/1252 3795/1/1342 3794/1/1342
f 3788/1/1252 3789/1/1252 3796/1/1342 3795/1/1342
f 3789/1/1252 3790/1/1252 3797/1/1342 3796/1/1342
f 3791/1/1342 3792/1/1342 3799/1/1343 3798/1/1343
f 3792/1/1342 3793/1/1342 3800/1/1343 3799/1/1343
f 3793/1/1342 3794/1/1342 3801/1/1343 3800/1/1343
f 3794/1/1342 3795/1/1342 3802/1/1343 3801/1/1343
f 3795/1/1342 3796/1/1342 3803/1/1343 3802/1/1343
f 3796/1/1342 3797/1/1342 3804/1/1343 3803/1/1343
f 91/1/1327 564/1/1327 3756/1/1337 248/1/1337
f 564/1/1327 565/1/1327 3757/1/1337 3756/1/1337
f 565/1/1327 566/1/1327 3758/1/1337 3757/1/1337
f 566/1/1327 567/1/1327 3759/1/1337 3758/1/1337
f 567/1/1327 568/1/1327 3760/1/1337 3759/1/1337
f 568/1/1327 569/1/1327 3761/1/1337 3760/1/1337
f 569/1/1327 570/1/1327 3762/1/1337 3761/1/1337
f 570/1/1327 27/1/453 704/1/452 3762/1/1337
f 3762/1/1337 704/1/452 705/1/451 3769/1/1338
f 3769/1/1338 705/1/451 706/1/450 3776/1/1340
f 3776/1/1340 706/1/450 707/1/449 3783/1/1341
f 3783/1/1341 707/1/449 708/1/448 3790/1/1252
f 3790/1/1252 708/1/448 709/1/447 3797/1/1342
f 3797/1/1342 709/1/447 710/1/446 3804/1/1343
f 3804/1/1343 710/1/446 22/1/221 521/1/1344
f 3803/1/1343 3804/1/1343 521/1/1344 520/1/1344
f 3802/1/1343 3803/1/1343 520/1/1344 519/1/1344
f 3801/1/1343 3802/1/1343 519/1/1344 518/1/1344
f 3800/1/1343 3801/1/1343 518/1/1344 517/1/1345
f 3799/1/1343 3800/1/1343 517/1/1345 516/1/1344
f 3798/1/1343 3799/1/1343 516/1/1344 515/1/1344
f 242/1/1343 3798/1/1343 515/1/1344 90/1/1345
f 243/1/1342 3791/1/1342 3798/1/1343 242/1/1343
f 244/1/1252 3784/1/1252 3791/1/1342 243/1/1342
f 245/1/1341 3777/1/1341 3784/1/1252 244/1/1252
f 246/1/1340 3770/1/1340 3777/1/1341 245/1/1341
f 247/1/1338 3763/1/1338 3770/1/1340 246/1/1340
f 248/1/1337 3756/1/1337 3763/1/1338 247/1/1338
f 3805/1/1346 3806/1/1346 3813/1/1347 3812/1/1347
f 3806/1/1346 3807/1/1346 3814/1/1347 3813/1/1347
f 3807/1/1346 3808/1/1346 3815/1/1347 3814/1/1347
f 3808/1/1346 3809/1/1346 3816/1/1347 3815/1/1347
f 3809/1/1346 3810/1/1346 3817/1/1347 3816/1/1347
f 3810/1/1346 3811/1/1346 3818/1/1347 3817/1/1347
f 3812/1/1347 3813/1/1347 3820/1/1348 3819/1/1348
f 3813/1/1347 3814/1/1347 3821/1/1348 3820/1/1348
f 3814/1/1347 3815/1/1347 3822/1/1348 3821/1/1348
f 3815/1/1347 3816/1/1347 3823/1/1348 3822/1/1348
f 3816/1/1347 3817/1/1347 3824/1/1348 3823/1/1348
f 3817/1/1347 3818/1/1347 3825/1/1348 3824/1/1348
f 3819/1/1348 3820/1/1348 3827/1/1349 3826/1/1349
f 3820/1/1348 3821/1/1348 3828/1/1349 3827/1/1349
f 3821/1/1348 3822/1/1348 3829/1/1349 3828/1/1349
f 3822/1/1348 3823/1/1348 3830/1/1349 3829/1/1349
f 3823/1/1348 3824/1/1348 3831/1/1349 3830/1/1349
f 3824/1/1348 3825/1/1348 3832/1/1349 3831/1/1349
f 3826/1/1349 3827/1/1349 3834/1/1350 3833/1/1350
f 3827/1/1349 3828/1/1349 3835/1/1350 3834/1/1350
f 3828/1/1349 3829/1/1349 3836/1/1350 3835/1/1350
f 3829/1/1349 3830/1/1349 3837/1/1350 3836/1/1350
f 3830/1/1349 3831/1/1349 3838/1/1350 3837/1/1350
f 3831/1/1349 3832/1/1349 3839/1/1350 3838/1/1350
f 3833/1/1350 3834/1/1350 3841/1/1351 3840/1/1351
f 3834/1/1350 3835/1/1350 3842/1/1351 3841/1/1351
f 3835/1/1350 3836/1/1350 3843/1/1351 3842/1/1351
f 3836/1/1350 3837/1/1350 3844/1/1351 3843/1/1351
f 3837/1/1350 3838/1/1350 3845/1/1351 3844/1/1351
f 3838/1/1350 3839/1/1350 3846/1/1351 3845/1/1351
f 3840/1/1351 3841/1/1351 3848/1/1352 3847/1/1352
f 3841/1/1351 3842/1/1351 3849/1/1352 3848/1/1352
f 3842/1/1351 3843/1/1351 3850/1/1352 3849/1/1352
f 3843/1/1351 3844/1/1351 3851/1/1352 3850/1/1352
f 3844/1/1351 3845/1/1351 3852/1/1352 3851/1/1352
f 3845/1/1351 3846/1/1351 3853/1/1352 3852/1/1352
f 93/1/1353 563/1/1353 3805/1/1346 802/1/1346
f 563/1/1353 562/1/1353 3806/1/1346 3805/1/1346
f 562/1/1353 561/1/1353 3807/1/1346 3806/1/1346
f 561/1/1353 560/1/1353 3808/1/1346 3807/1/1346
f 560/1/1353 559/1/1353 3809/1/1346 3808/1/1346
f 559/1/1353 558/1/1353 3810/1/1346 3809/1/1346
f 558/1/1353 557/1/1353 3811/1/1346 3810/1/1346
f 557/1/1353 26/1/1174 717/1/1354 3811/1/1346
f 3811/1/1346 717/1/1354 716/1/1355 3818/1/1347
f 3818/1/1347 716/1/1355 715/1/1356 3825/1/1348
f 3825/1/1348 715/1/1356 714/1/1357 3832/1/1349
f 3832/1/1349 714/1/1357 713/1/1358 3839/1/1350
f 3839/1/1350 713/1/1358 712/1/1359 3846/1/1351
f 3846/1/1351 712/1/1359 711/1/367 3853/1/1352
f 3853/1/1352 711/1/367 38/1/365 823/1/1360
f 3852/1/1352 3853/1/1352 823/1/1360 824/1/1360
f 3851/1/1352 3852/1/1352 824/1/1360 825/1/1361
f 3850/1/1352 3851/1/1352 825/1/1361 826/1/1361
f 3849/1/1352 3850/1/1352 826/1/1361 827/1/1360
f 3848/1/1352 3849/1/1352 827/1/1360 828/1/1360
f 3847/1/1352 3848/1/1352 828/1/1360 829/1/1361
f 808/1/1352 3847/1/1352 829/1/1361 131/1/1360
f 807/1/1351 3840/1/1351 3847/1/1352 808/1/1352
f 806/1/1350 3833/1/1350 3840/1/1351 807/1/1351
f 805/1/1349 3826/1/1349 3833/1/1350 806/1/1350
f 804/1/1348 3819/1/1348 3826/1/1349 805/1/1349
f 803/1/1347 3812/1/1347 3819/1/1348 804/1/1348
f 802/1/1346 3805/1/1346 3812/1/1347 803/1/1347
f 3854/1/1362 3855/1/1362 3862/1/1363 3861/1/1364
f 3855/1/1362 3856/1/1362 3863/1/1363 3862/1/1363
f 3856/1/1362 3857/1/1362 3864/1/1363 3863/1/1363
f 3857/1/1362 3858/1/1362 3865/1/1363 3864/1/1363
f 3858/1/1362 3859/1/1362 3866/1/1364 3865/1/1363
f 3859/1/1362 3860/1/1362 3867/1/1363 3866/1/1364
f 3861/1/1364 3862/1/1363 3869/1/1365 3868/1/1365
f 3862/1/1363 3863/1/1363 3870/1/1365 3869/1/1365
f 3863/1/1363 3864/1/1363 3871/1/1365 3870/1/1365
f 3864/1/1363 3865/1/1363 3872/1/1365 3871/1/1365
f 3865/1/1363 3866/1/1364 3873/1/1365 3872/1/1365
f 3866/1/1364 3867/1/1363 3874/1/1365 3873/1/1365
f 3868/1/1365 3869/1/1365 3876/1/1366 3875/1/1366
f 3869/1/1365 3870/1/1365 3877/1/1367 3876/1/1366
f 3870/1/1365 3871/1/1365 3878/1/1367 3877/1/1367
f 3871/1/1365 3872/1/1365 3879/1/1367 3878/1/1367
f 3872/1/1365 3873/1/1365 3880/1/1366 3879/1/1367
f 3873/1/1365 3874/1/1365 3881/1/1366 3880/1/1366
f 3875/1/1366 3876/1/1366 3883/1/1368 3882/1/1368
f 3876/1/1366 3877/1/1367 3884/1/1369 3883/1/1368
f 3877/1/1367 3878/1/1367 3885/1/1368 3884/1/1369
f 3878/1/1367 3879/1/1367 3886/1/1368 3885/1/1368
f 3879/1/1367 3880/1/1366 3887/1/1368 3886/1/1368
f 3880/1/1366 3881/1/1366 3888/1/1369 3887/1/1368
f 3882/1/1368 3883/1/1368 3890/1/1370 3889/1/1370
f 3883/1/1368 3884/1/1369 3891/1/1370 3890/1/1370
f 3884/1/1369 3885/1/1368 3892/1/1370 3891/1/1370
f 3885/1/1368 3886/1/1368 3893/1/1370 3892/1/1370
f 3886/1/1368 3887/1/1368 3894/1/1370 3893/1/1370
f 3887/1/1368 3888/1/1369 3895/1/1370 3894/1/1370
f 3889/1/1370 3890/1/1370 3897/1/1371 3896/1/1371
f 3890/1/1370 3891/1/1370 3898/1/1371 3897/1/1371
f 3891/1/1370 3892/1/1370 3899/1/1371 3898/1/1371
f 3892/1/1370 3893/1/1370 3900/1/1371 3899/1/1371
f 3893/1/1370 3894/1/1370 3901/1/1371 3900/1/1371
f 3894/1/1370 3895/1/1370 3902/1/1371 3901/1/1371
f 90/1/1345 515/1/1344 3854/1/1362 241/1/1362
f 515/1/1344 516/1/1344 3855/1/1362 3854/1/1362
f 516/1/1344 517/1/1345 3856/1/1362 3855/1/1362
f 517/1/1345 518/1/1344 3857/1/1362 3856/1/1362
f 518/1/1344 519/1/1344 3858/1/1362 3857/1/1362
f 519/1/1344 520/1/1344 3859/1/1362 3858/1/1362
f 520/1/1344 521/1/1344 3860/1/1362 3859/1/1362
f 521/1/1344 22/1/221 725/1/220 3860/1/1362
f 3860/1/1362 725/1/220 726/1/219 3867/1/1363
f 3867/1/1363 726/1/219 727/1/218 3874/1/1365
f 3874/1/1365 727/1/218 728/1/217 3881/1/1366
f 3881/1/1366 728/1/217 729/1/216 3888/1/1369
f 3888/1/1369 729/1/216 730/1/215 3895/1/1370
f 3895/1/1370 730/1/215 731/1/213 3902/1/1371
f 3902/1/1371 731/1/213 23/1/212 529/1/1372
f 3901/1/1371 3902/1/1371 529/1/1372 530/1/1372
f 3900/1/1371 3901/1/1371 530/1/1372 531/1/1372
f 3899/1/1371 3900/1/1371 531/1/1372 532/1/1372
f 3898/1/1371 3899/1/1371 532/1/1372 533/1/1372
f 3897/1/1371 3898/1/1371 533/1/1372 534/1/1372
f 3896/1/1371 3897/1/1371 534/1/1372 535/1/1372
f 235/1/1371 3896/1/1371 535/1/1372 89/1/1372
f 236/1/1370 3889/1/1370 3896/1/1371 235/1/1371
f 237/1/1368 3882/1/1368 3889/1/1370 236/1/1370
f 238/1/1373 3875/1/1366 3882/1/1368 237/1/1368
f 239/1/1365 3868/1/1365 3875/1/1366 238/1/1373
f 240/1/1364 3861/1/1364 3868/1/1365 239/1/1365
f 241/1/1362 3854/1/1362 3861/1/1364 240/1/1364
f 3903/1/1374 3904/1/1375 3911/1/1375 3910/1/1374
f 3904/1/1375 3905/1/1376 3912/1/1376 3911/1/1375
f 3905/1/1376 3906/1/1377 3913/1/1377 3912/1/1376
f 3906/1/1377 3907/1/1378 3914/1/1378 3913/1/1377
f 3907/1/1378 3908/1/1379 3915/1/1379 3914/1/1378
f 3908/1/1379 3909/1/1259 3916/1/1259 3915/1/1379
f 3910/1/1374 3911/1/1375 3918/1/1375 3917/1/1374
f 3911/1/1375 3912/1/1376 3919/1/1376 3918/1/1375
f 3912/1/1376 3913/1/1377 3920/1/1377 3919/1/1376
f 3913/1/1377 3914/1/1378 3921/1/1378 3920/1/1377
f 3914/1/1378 3915/1/1379 3922/1/1379 3921/1/1378
f 3915/1/1379 3916/1/1259 3923/1/1259 3922/1/1379
f 3917/1/1374 3918/1/1375 3925/1/1375 3924/1/1374
f 3918/1/1375 3919/1/1376 3926/1/1376 3925/1/1375
f 3919/1/1376 3920/1/1377 3927/1/1377 3926/1/1376
f 3920/1/1377 3921/1/1378 3928/1/1378 3927/1/1377
f 3921/1/1378 3922/1/1379 3929/1/1379 3928/1/1378
f 3922/1/1379 3923/1/1259 3930/1/1259 3929/1/1379
f 3924/1/1374 3925/1/1375 3932/1/1375 3931/1/1374
f 3925/1/1375 3926/1/1376 3933/1/1376 3932/1/1375
f 3926/1/1376 3927/1/1377 3934/1/1377 3933/1/1376
f 3927/1/1377 3928/1/1378 3935/1/1378 3934/1/1377
f 3928/1/1378 3929/1/1379 3936/1/1379 3935/1/1378
f 3929/1/1379 3930/1/1259 3937/1/1259 3936/1/1379
f 3931/1/1374 3932/1/1375 3939/1/1375 3938/1/1374
f 3932/1/1375 3933/1/1376 3940/1/1376 3939/1/1375
f 3933/1/1376 3934/1/1377 3941/1/1377 3940/1/1376
f 3934/1/1377 3935/1/1378 3942/1/1378 3941/1/1377
f 3935/1/1378 3936/1/1379 3943/1/1379 3942/1/1378
f 3936/1/1379 3937/1/1259 3944/1/1259 3943/1/1379
f 3938/1/1374 3939/1/1375 3946/1/1375 3945/1/1374
f 3939/1/1375 3940/1/1376 3947/1/1376 3946/1/1375
f 3940/1/1376 3941/1/1377 3948/1/1377 3947/1/1376
f 3941/1/1377 3942/1/1378 3949/1/1378 3948/1/1377
f 3942/1/1378 3943/1/1379 3950/1/1379 3949/1/1378
f 3943/1/1379 3944/1/1259 3951/1/1259 3950/1/1379
f 92/1/1380 767/1/1374 3903/1/1374 514/1/1380
f 767/1/1374 768/1/1375 3904/1/1375 3903/1/1374
f 768/1/1375 769/1/1376 3905/1/1376 3904/1/1375
f 769/1/1376 770/1/1377 3906/1/1377 3905/1/1376
f 770/1/1377 771/1/1378 3907/1/1378 3906/1/1377
f 771/1/1378 772/1/1379 3908/1/1379 3907/1/1378
f 772/1/1379 773/1/1259 3909/1/1259 3908/1/1379
f 773/1/1259 128/1/1261 788/1/1261 3909/1/1259
f 3909/1/1259 788/1/1261 789/1/1261 3916/1/1259
f 3916/1/1259 789/1/1261 790/1/1261 3923/1/1259
f 3923/1/1259 790/1/1261 791/1/1261 3930/1/1259
f 3930/1/1259 791/1/1261 792/1/1261 3937/1/1259
f 3937/1/1259 792/1/1261 793/1/1261 3944/1/1259
f 3944/1/1259 793/1/1261 794/1/1261 3951/1/1259
f 3951/1/1259 794/1/1261 36/1/131 732/1/132
f 3950/1/1379 3951/1/1259 732/1/132 733/1/1381
f 3949/1/1378 3950/1/1379 733/1/1381 734/1/1382
f 3948/1/1377 3949/1/1378 734/1/1382 735/1/1383
f 3947/1/1376 3948/1/1377 735/1/1383 736/1/1384
f 3946/1/1375 3947/1/1376 736/1/1384 737/1/1385
f 3945/1/1374 3946/1/1375 737/1/1385 738/1/1386
f 508/1/1380 3945/1/1374 738/1/1386 21/1/1148
f 509/1/1380 3938/1/1374 3945/1/1374 508/1/1380
f 510/1/1380 3931/1/1374 3938/1/1374 509/1/1380
f 511/1/1380 3924/1/1374 3931/1/1374 510/1/1380
f 512/1/1380 3917/1/1374 3924/1/1374 511/1/1380
f 513/1/1380 3910/1/1374 3917/1/1374 512/1/1380
f 514/1/1380 3903/1/1374 3910/1/1374 513/1/1380
f 3952/1/1352 3953/1/1387 3960/1/1387 3959/1/1352
f 3953/1/1387 3954/1/1388 3961/1/1388 3960/1/1387
f 3954/1/1388 3955/1/1389 3962/1/1389 3961/1/1388
f 3955/1/1389 3956/1/1390 3963/1/1390 3962/1/1389
f 3956/1/1390 3957/1/1391 3964/1/1391 3963/1/1390
f 3957/1/1391 3958/1/1282 3965/1/1282 3964/1/1391
f 3959/1/1352 3960/1/1387 3967/1/1387 3966/1/1352
f 3960/1/1387 3961/1/1388 3968/1/1388 3967/1/1387
f 3961/1/1388 3962/1/1389 3969/1/1389 3968/1/1388
f 3962/1/1389 3963/1/1390 3970/1/1390 3969/1/1389
f 3963/1/1390 3964/1/1391 3971/1/1391 3970/1/1390
f 3964/1/1391 3965/1/1282 3972/1/1282 3971/1/1391
f 3966/1/1352 3967/1/1387 3974/1/1387 3973/1/1352
f 3967/1/1387 3968/1/1388 3975/1/1388 3974/1/1387
f 3968/1/1388 3969/1/1389 3976/1/1389 3975/1/1388
f 3969/1/1389 3970/1/1390 3977/1/1390 3976/1/1389
f 3970/1/1390 3971/1/1391 3978/1/1391 3977/1/1390
f 3971/1/1391 3972/1/1282 3979/1/1282 3978/1/1391
f 3973/1/1352 3974/1/1387 3981/1/1387 3980/1/1352
f 3974/1/1387 3975/1/1388 3982/1/1388 3981/1/1387
f 3975/1/1388 3976/1/1389 3983/1/1389 3982/1/1388
f 3976/1/1389 3977/1/1390 3984/1/1390 3983/1/1389
f 3977/1/1390 3978/1/1391 3985/1/1391 3984/1/1390
f 3978/1/1391 3979/1/1282 3986/1/1282 3985/1/1391
f 3980/1/1352 3981/1/1387 3988/1/1387 3987/1/1352
f 3981/1/1387 3982/1/1388 3989/1/1388 3988/1/1387
f 3982/1/1388 3983/1/1389 3990/1/1389 3989/1/1388
f 3983/1/1389 3984/1/1390 3991/1/1390 3990/1/1389
f 3984/1/1390 3985/1/1391 3992/1/1391 3991/1/1390
f 3985/1/1391 3986/1/1282 3993/1/1282 3992/1/1391
f 3987/1/1352 3988/1/1387 3995/1/1387 3994/1/1352
f 3988/1/1387 3989/1/1388 3996/1/1388 3995/1/1387
f 3989/1/1388 3990/1/1389 3997/1/1389 3996/1/1388
f 3990/1/1389 3991/1/1390 3998/1/1390 3997/1/1389
f 3991/1/1390 3992/1/1391 3999/1/1391 3998/1/1390
f 3992/1/1391 3993/1/1282 4000/1/1282 3999/1/1391
f 38/1/365 822/1/367 3952/1/1352 823/1/1360
f 822/1/367 821/1/396 3953/1/1387 3952/1/1352
f 821/1/396 820/1/395 3954/1/1388 3953/1/1387
f 820/1/395 819/1/394 3955/1/1389 3954/1/1388
f 819/1/394 818/1/393 3956/1/1390 3955/1/1389
f 818/1/393 817/1/392 3957/1/1391 3956/1/1390
f 817/1/392 816/1/390 3958/1/1282 3957/1/1391
f 816/1/390 25/1/391 549/1/1326 3958/1/1282
f 3958/1/1282 549/1/1326 548/1/1326 3965/1/1282
f 3965/1/1282 548/1/1326 547/1/1326 3972/1/1282
f 3972/1/1282 547/1/1326 546/1/1326 3979/1/1282
f 3979/1/1282 546/1/1326 545/1/1326 3986/1/1282
f 3986/1/1282 545/1/1326 544/1/1326 3993/1/1282
f 3993/1/1282 544/1/1326 543/1/1326 4000/1/1282
f 4000/1/1282 543/1/1326 88/1/1326 283/1/1282
f 3999/1/1391 4000/1/1282 283/1/1282 282/1/1391
f 3998/1/1390 3999/1/1391 282/1/1391 281/1/1390
f 3997/1/1389 3998/1/1390 281/1/1390 280/1/1389
f 3996/1/1388 3997/1/1389 280/1/1389 279/1/1388
f 3995/1/1387 3996/1/1388 279/1/1388 278/1/1387
f 3994/1/1352 3995/1/1387 278/1/1387 277/1/1352
f 829/1/1361 3994/1/1352 277/1/1352 131/1/1360
f 828/1/1360 3987/1/1352 3994/1/1352 829/1/1361
f 827/1/1360 3980/1/1352 3987/1/1352 828/1/1360
f 826/1/1361 3973/1/1352 3980/1/1352 827/1/1360
f 825/1/1361 3966/1/1352 3973/1/1352 826/1/1361
f 824/1/1360 3959/1/1352 3966/1/1352 825/1/1361
f 823/1/1360 3952/1/1352 3959/1/1352 824/1/1360
f 4001/1/1392 4002/1/1393 4009/1/1394 4008/1/1394
f 4002/1/1393 4003/1/1393 4010/1/1394 4009/1/1394
f 4003/1/1393 4004/1/1393 4011/1/1394 4010/1/1394
f 4004/1/1393 4005/1/1393 4012/1/1394 4011/1/1394
f 4005/1/1393 4006/1/1393 4013/1/1394 4012/1/1394
f 4006/1/1393 4007/1/1392 4014/1/1394 4013/1/1394
f 4008/1/1394 4009/1/1394 4016/1/1395 4015/1/1395
f 4009/1/1394 4010/1/1394 4017/1/1396 4016/1/1395
f 4010/1/1394 4011/1/1394 4018/1/1396 4017/1/1396
f 4011/1/1394 4012/1/1394 4019/1/1395 4018/1/1396
f 4012/1/1394 4013/1/1394 4020/1/1395 4019/1/1395
f 4013/1/1394 4014/1/1394 4021/1/1395 4020/1/1395
f 4015/1/1395 4016/1/1395 4023/1/1397 4022/1/1397
f 4016/1/1395 4017/1/1396 4024/1/1397 4023/1/1397
f 4017/1/1396 4018/1/1396 4025/1/1397 4024/1/1397
f 4018/1/1396 4019/1/1395 4026/1/1397 4025/1/1397
f 4019/1/1395 4020/1/1395 4027/1/1397 4026/1/1397
f 4020/1/1395 4021/1/1395 4028/1/1397 4027/1/1397
f 4022/1/1397 4023/1/1397 4030/1/1398 4029/1/1398
f 4023/1/1397 4024/1/1397 4031/1/1398 4030/1/1398
f 4024/1/1397 4025/1/1397 4032/1/1398 4031/1/1398
f 4025/1/1397 4026/1/1397 4033/1/1398 4032/1/1398
f 4026/1/1397 4027/1/1397 4034/1/1398 4033/1/1398
f 4027/1/1397 4028/1/1397 4035/1/1398 4034/1/1398
f 4029/1/1398 4030/1/1398 4037/1/1399 4036/1/1399
f 4030/1/1398 4031/1/1398 4038/1/1399 4037/1/1399
f 4031/1/1398 4032/1/1398 4039/1/1399 4038/1/1399
f 4032/1/1398 4033/1/1398 4040/1/1399 4039/1/1399
f 4033/1/1398 4034/1/1398 4041/1/1399 4040/1/1399
f 4034/1/1398 4035/1/1398 4042/1/1399 4041/1/1399
f 4036/1/1399 4037/1/1399 4044/1/1400 4043/1/1400
f 4037/1/1399 4038/1/1399 4045/1/1400 4044/1/1400
f 4038/1/1399 4039/1/1399 4046/1/1400 4045/1/1400
f 4039/1/1399 4040/1/1399 4047/1/1400 4046/1/1400
f 4040/1/1399 4041/1/1399 4048/1/1400 4047/1/1400
f 4041/1/1399 4042/1/1399 4049/1/1400 4048/1/1400
f 92/1/1380 514/1/1380 4001/1/1392 746/1/1392
f 514/1/1380 513/1/1380 4002/1/1393 4001/1/1392
f 513/1/1380 512/1/1380 4003/1/1393 4002/1/1393
f 512/1/1380 511/1/1380 4004/1/1393 4003/1/1393
f 511/1/1380 510/1/1380 4005/1/1393 4004/1/1393
f 510/1/1380 509/1/1380 4006/1/1393 4005/1/1393
f 509/1/1380 508/1/1380 4007/1/1392 4006/1/1393
f 508/1/1380 21/1/1148 766/1/1150 4007/1/1392
f 4007/1/1392 766/1/1150 765/1/1179 4014/1/1394
f 4014/1/1394 765/1/1179 764/1/1178 4021/1/1395
f 4021/1/1395 764/1/1178 763/1/1177 4028/1/1397
f 4028/1/1397 763/1/1177 762/1/1176 4035/1/1398
f 4035/1/1398 762/1/1176 761/1/1175 4042/1/1399
f 4042/1/1399 761/1/1175 760/1/1173 4049/1/1400
f 4049/1/1400 760/1/1173 26/1/1174 557/1/1353
f 4048/1/1400 4049/1/1400 557/1/1353 558/1/1353
f 4047/1/1400 4048/1/1400 558/1/1353 559/1/1353
f 4046/1/1400 4047/1/1400 559/1/1353 560/1/1353
f 4045/1/1400 4046/1/1400 560/1/1353 561/1/1353
f 4044/1/1400 4045/1/1400 561/1/1353 562/1/1353
f 4043/1/1400 4044/1/1400 562/1/1353 563/1/1353
f 752/1/1400 4043/1/1400 563/1/1353 93/1/1353
f 751/1/1399 4036/1/1399 4043/1/1400 752/1/1400
f 750/1/1401 4029/1/1398 4036/1/1399 751/1/1399
f 749/1/1397 4022/1/1397 4029/1/1398 750/1/1401
f 748/1/1395 4015/1/1395 4022/1/1397 749/1/1397
f 747/1/1394 4008/1/1394 4015/1/1395 748/1/1395
f 746/1/1392 4001/1/1392 4008/1/1394 747/1/1394
f 4050/1/1402 4051/1/1402 4058/1/1403 4057/1/1403
f 4051/1/1402 4052/1/1402 4059/1/1403 4058/1/1403
f 4052/1/1402 4053/1/1402 4060/1/1403 4059/1/1403
f 4053/1/1402 4054/1/1402 4061/1/1403 4060/1/1403
f 4054/1/1402 4055/1/1402 4062/1/1403 4061/1/1403
f 4055/1/1402 4056/1/1402 4063/1/1403 4062/1/1403
f 4057/1/1403 4058/1/1403 4065/1/1404 4064/1/1404
f 4058/1/1403 4059/1/1403 4066/1/1404 4065/1/1404
f 4059/1/1403 4060/1/1403 4067/1/1404 4066/1/1404
f 4060/1/1403 4061/1/1403 4068/1/1404 4067/1/1404
f 4061/1/1403 4062/1/1403 4069/1/1404 4068/1/1404
f 4062/1/1403 4063/1/1403 4070/1/1404 4069/1/1404
f 4064/1/1404 4065/1/1404 4072/1/1405 4071/1/1405
f 4065/1/1404 4066/1/1404 4073/1/1405 4072/1/1405
f 4066/1/1404 4067/1/1404 4074/1/1405 4073/1/1405
f 4067/1/1404 4068/1/1404 4075/1/1405 4074/1/1405
f 4068/1/1404 4069/1/1404 4076/1/1405 4075/1/1405
f 4069/1/1404 4070/1/1404 4077/1/1405 4076/1/1405
f 4071/1/1405 4072/1/1405 4079/1/1406 4078/1/1406
f 4072/1/1405 4073/1/1405 4080/1/1406 4079/1/1406
f 4073/1/1405 4074/1/1405 4081/1/1406 4080/1/1406
f 4074/1/1405 4075/1/1405 4082/1/1407 4081/1/1406
f 4075/1/1405 4076/1/1405 4083/1/1406 4082/1/1407
f 4076/1/1405 4077/1/1405 4084/1/1406 4083/1/1406
f 4078/1/1406 4079/1/1406 4086/1/1408 4085/1/1408
f 4079/1/1406 4080/1/1406 4087/1/1409 4086/1/1408
f 4080/1/1406 4081/1/1406 4088/1/1408 4087/1/1409
f 4081/1/1406 4082/1/1407 4089/1/1408 4088/1/1408
f 4082/1/1407 4083/1/1406 4090/1/1408 4089/1/1408
f 4083/1/1406 4084/1/1406 4091/1/1409 4090/1/1408
f 4085/1/1408 4086/1/1408 4093/1/1410 4092/1/1410
f 4086/1/1408 4087/1/1409 4094/1/1410 4093/1/1410
f 4087/1/1409 4088/1/1408 4095/1/1410 4094/1/1410
f 4088/1/1408 4089/1/1408 4096/1/1410 4095/1/1410
f 4089/1/1408 4090/1/1408 4097/1/1410 4096/1/1410
f 4090/1/1408 4091/1/1409 4098/1/1410 4097/1/1410
f 80/1/1411 473/1/1411 4050/1/1402 185/1/1402
f 473/1/1411 474/1/1411 4051/1/1402 4050/1/1402
f 474/1/1411 475/1/1411 4052/1/1402 4051/1/1402
f 475/1/1411 476/1/1411 4053/1/1402 4052/1/1402
f 476/1/1411 477/1/1411 4054/1/1402 4053/1/1402
f 477/1/1411 478/1/1411 4055/1/1402 4054/1/1402
f 478/1/1411 479/1/1411 4056/1/1402 4055/1/1402
f 479/1/1411 18/1/59 739/1/58 4056/1/1402
f 4056/1/1402 739/1/58 740/1/57 4063/1/1403
f 4063/1/1403 740/1/57 741/1/56 4070/1/1404
f 4070/1/1404 741/1/56 742/1/55 4077/1/1405
f 4077/1/1405 742/1/55 743/1/54 4084/1/1406
f 4084/1/1406 743/1/54 744/1/53 4091/1/1409
f 4091/1/1409 744/1/53 745/1/51 4098/1/1410
f 4098/1/1410 745/1/51 19/1/50 487/1/1250
f 4097/1/1410 4098/1/1410 487/1/1250 488/1/1250
f 4096/1/1410 4097/1/1410 488/1/1250 489/1/1250
f 4095/1/1410 4096/1/1410 489/1/1250 490/1/1250
f 4094/1/1410 4095/1/1410 490/1/1250 491/1/1250
f 4093/1/1410 4094/1/1410 491/1/1250 492/1/1250
f 4092/1/1410 4093/1/1410 492/1/1250 493/1/1250
f 179/1/1410 4092/1/1410 493/1/1250 79/1/1250
f 180/1/1408 4085/1/1408 4092/1/1410 179/1/1410
f 181/1/1406 4078/1/1406 4085/1/1408 180/1/1408
f 182/1/1405 4071/1/1405 4078/1/1406 181/1/1406
f 183/1/1404 4064/1/1404 4071/1/1405 182/1/1405
f 184/1/1403 4057/1/1403 4064/1/1404 183/1/1404
f 185/1/1402 4050/1/1402 4057/1/1403 184/1/1403
f 4099/1/1412 4100/1/1413 4107/1/1414 4106/1/1415
f 4100/1/1413 4101/1/1416 4108/1/1417 4107/1/1414
f 4101/1/1416 4102/1/1418 4109/1/1419 4108/1/1417
f 4102/1/1418 4103/1/1420 4110/1/1421 4109/1/1419
f 4103/1/1420 4104/1/1422 4111/1/1423 4110/1/1421
f 4104/1/1422 4105/1/82 4112/1/85 4111/1/1423
f 4106/1/1415 4107/1/1414 4114/1/1424 4113/1/1425
f 4107/1/1414 4108/1/1417 4115/1/1426 4114/1/1424
f 4108/1/1417 4109/1/1419 4116/1/1427 4115/1/1426
f 4109/1/1419 4110/1/1421 4117/1/1428 4116/1/1427
f 4110/1/1421 4111/1/1423 4118/1/1429 4117/1/1428
f 4111/1/1423 4112/1/85 4119/1/1430 4118/1/1429
f 4113/1/1425 4114/1/1424 4121/1/1431 4120/1/1432
f 4114/1/1424 4115/1/1426 4122/1/1433 4121/1/1431
f 4115/1/1426 4116/1/1427 4123/1/1434 4122/1/1433
f 4116/1/1427 4117/1/1428 4124/1/1435 4123/1/1434
f 4117/1/1428 4118/1/1429 4125/1/103 4124/1/1435
f 4118/1/1429 4119/1/1430 4126/1/104 4125/1/103
f 4120/1/1432 4121/1/1431 4128/1/1436 4127/1/1437
f 4121/1/1431 4122/1/1433 4129/1/1438 4128/1/1436
f 4122/1/1433 4123/1/1434 4130/1/1439 4129/1/1438
f 4123/1/1434 4124/1/1435 4131/1/1440 4130/1/1439
f 4124/1/1435 4125/1/103 4132/1/1441 4131/1/1440
f 4125/1/103 4126/1/104 4133/1/111 4132/1/1441
f 4127/1/1437 4128/1/1436 4135/1/1442 4134/1/1443
f 4128/1/1436 4129/1/1438 4136/1/1444 4135/1/1442
f 4129/1/1438 4130/1/1439 4137/1/1445 4136/1/1444
f 4130/1/1439 4131/1/1440 4138/1/1446 4137/1/1445
f 4131/1/1440 4132/1/1441 4139/1/117 4138/1/1446
f 4132/1/1441 4133/1/111 4140/1/118 4139/1/117
f 4134/1/1443 4135/1/1442 4142/1/1447 4141/1/1448
f 4135/1/1442 4136/1/1444 4143/1/1449 4142/1/1447
f 4136/1/1444 4137/1/1445 4144/1/1450 4143/1/1449
f 4137/1/1445 4138/1/1446 4145/1/1451 4144/1/1450
f 4138/1/1446 4139/1/117 4146/1/124 4145/1/1451
f 4139/1/117 4140/1/118 4147/1/156 4146/1/124
f 21/1/1148 738/1/1386 4099/1/1412 507/1/1149
f 738/1/1386 737/1/1385 4100/1/1413 4099/1/1412
f 737/1/1385 736/1/1384 4101/1/1416 4100/1/1413
f 736/1/1384 735/1/1383 4102/1/1418 4101/1/1416
f 735/1/1383 734/1/1382 4103/1/1420 4102/1/1418
f 734/1/1382 733/1/1381 4104/1/1422 4103/1/1420
f 733/1/1381 732/1/132 4105/1/82 4104/1/1422
f 732/1/132 36/1/131 795/1/133 4105/1/82
f 4105/1/82 795/1/133 796/1/162 4112/1/85
f 4112/1/85 796/1/162 797/1/161 4119/1/1430
f 4119/1/1430 797/1/161 798/1/160 4126/1/104
f 4126/1/104 798/1/160 799/1/159 4133/1/111
f 4133/1/111 799/1/159 800/1/158 4140/1/118
f 4140/1/118 800/1/158 801/1/156 4147/1/156
f 4147/1/156 801/1/156 35/1/157 780/1/155
f 4146/1/124 4147/1/156 780/1/155 779/1/154
f 4145/1/1451 4146/1/124 779/1/154 778/1/1452
f 4144/1/1450 4145/1/1451 778/1/1452 777/1/1453
f 4143/1/1449 4144/1/1450 777/1/1453 776/1/1454
f 4142/1/1447 4143/1/1449 776/1/1454 775/1/1455
f 4141/1/1448 4142/1/1447 775/1/1455 774/1/1456
f 501/1/1156 4141/1/1448 774/1/1456 16/1/1157
f 502/1/1155 4134/1/1443 4141/1/1448 501/1/1156
f 503/1/1154 4127/1/1437 4134/1/1443 502/1/1155
f 504/1/1153 4120/1/1432 4127/1/1437 503/1/1154
f 505/1/1152 4113/1/1425 4120/1/1432 504/1/1153
f 506/1/1151 4106/1/1415 4113/1/1425 505/1/1152
f 507/1/1149 4099/1/1412 4106/1/1415 506/1/1151
f 4148/1/1457 4149/1/1457 4156/1/1458 4155/1/1458
f 4149/1/1457 4150/1/1457 4157/1/1458 4156/1/1458
f 4150/1/1457 4151/1/1457 4158/1/1458 4157/1/1458
f 4151/1/1457 4152/1/1457 4159/1/1458 4158/1/1458
f 4152/1/1457 4153/1/1457 4160/1/1458 4159/1/1458
f 4153/1/1457 4154/1/1457 4161/1/1458 4160/1/1458
f 4155/1/1458 4156/1/1458 4163/1/1459 4162/1/1459
f 4156/1/1458 4157/1/1458 4164/1/1459 4163/1/1459
f 4157/1/1458 4158/1/1458 4165/1/1459 4164/1/1459
f 4158/1/1458 4159/1/1458 4166/1/1459 4165/1/1459
f 4159/1/1458 4160/1/1458 4167/1/1459 4166/1/1459
f 4160/1/1458 4161/1/1458 4168/1/1459 4167/1/1459
f 4162/1/1459 4163/1/1459 4170/1/1460 4169/1/1460
f 4163/1/1459 4164/1/1459 4171/1/1460 4170/1/1460
f 4164/1/1459 4165/1/1459 4172/1/1460 4171/1/1460
f 4165/1/1459 4166/1/1459 4173/1/1460 4172/1/1460
f 4166/1/1459 4167/1/1459 4174/1/1460 4173/1/1460
f 4167/1/1459 4168/1/1459 4175/1/1460 4174/1/1460
f 4169/1/1460 4170/1/1460 4177/1/1461 4176/1/1461
f 4170/1/1460 4171/1/1460 4178/1/1461 4177/1/1461
f 4171/1/1460 4172/1/1460 4179/1/1461 4178/1/1461
f 4172/1/1460 4173/1/1460 4180/1/1461 4179/1/1461
f 4173/1/1460 4174/1/1460 4181/1/1461 4180/1/1461
f 4174/1/1460 4175/1/1460 4182/1/1461 4181/1/1461
f 4176/1/1461 4177/1/1461 4184/1/1462 4183/1/1462
f 4177/1/1461 4178/1/1461 4185/1/1462 4184/1/1462
f 4178/1/1461 4179/1/1461 4186/1/1462 4185/1/1462
f 4179/1/1461 4180/1/1461 4187/1/1462 4186/1/1462
f 4180/1/1461 4181/1/1461 4188/1/1462 4187/1/1462
f 4181/1/1461 4182/1/1461 4189/1/1462 4188/1/1462
f 4183/1/1462 4184/1/1462 4191/1/1463 4190/1/1463
f 4184/1/1462 4185/1/1462 4192/1/1463 4191/1/1463
f 4185/1/1462 4186/1/1462 4193/1/1463 4192/1/1463
f 4186/1/1462 4187/1/1462 4194/1/1463 4193/1/1463
f 4187/1/1462 4188/1/1462 4195/1/1463 4194/1/1463
f 4188/1/1462 4189/1/1462 4196/1/1463 4195/1/1463
f 81/1/1335 536/1/1336 4148/1/1457 192/1/1457
f 536/1/1336 537/1/1336 4149/1/1457 4148/1/1457
f 537/1/1336 538/1/1335 4150/1/1457 4149/1/1457
f 538/1/1335 539/1/1335 4151/1/1457 4150/1/1457
f 539/1/1335 540/1/1335 4152/1/1457 4151/1/1457
f 540/1/1335 541/1/1335 4153/1/1457 4152/1/1457
f 541/1/1335 542/1/1335 4154/1/1457 4153/1/1457
f 542/1/1335 24/1/300 718/1/299 4154/1/1457
f 4154/1/1457 718/1/299 719/1/298 4161/1/1458
f 4161/1/1458 719/1/298 720/1/297 4168/1/1459
f 4168/1/1459 720/1/297 721/1/296 4175/1/1460
f 4175/1/1460 721/1/296 722/1/295 4182/1/1461
f 4182/1/1461 722/1/295 723/1/294 4189/1/1462
f 4189/1/1462 723/1/294 724/1/293 4196/1/1463
f 4196/1/1463 724/1/293 18/1/59 479/1/1411
f 4195/1/1463 4196/1/1463 479/1/1411 478/1/1411
f 4194/1/1463 4195/1/1463 478/1/1411 477/1/1411
f 4193/1/1463 4194/1/1463 477/1/1411 476/1/1411
f 4192/1/1463 4193/1/1463 476/1/1411 475/1/1411
f 4191/1/1463 4192/1/1463 475/1/1411 474/1/1411
f 4190/1/1463 4191/1/1463 474/1/1411 473/1/1411
f 186/1/1463 4190/1/1463 473/1/1411 80/1/1411
f 187/1/1462 4183/1/1462 4190/1/1463 186/1/1463
f 188/1/1461 4176/1/1461 4183/1/1462 187/1/1462
f 189/1/1460 4169/1/1460 4176/1/1461 188/1/1461
f 190/1/1459 4162/1/1459 4169/1/1460 189/1/1460
f 191/1/1458 4155/1/1458 4162/1/1459 190/1/1459
f 192/1/1457 4148/1/1457 4155/1/1458 191/1/1458
f 4197/1/1464 4198/1/1465 4205/1/1466 4204/1/1467
f 4198/1/1465 4199/1/1468 4206/1/1469 4205/1/1466
f 4199/1/1468 4200/1/1470 4207/1/1471 4206/1/1469
f 4200/1/1470 4201/1/1472 4208/1/1473 4207/1/1471
f 4201/1/1472 4202/1/1474 4209/1/1475 4208/1/1473
f 4202/1/1474 4203/1/1476 4210/1/1477 4209/1/1475
f 4204/1/1467 4205/1/1466 4212/1/1478 4211/1/1479
f 4205/1/1466 4206/1/1469 4213/1/1480 4212/1/1478
f 4206/1/1469 4207/1/1471 4214/1/1481 4213/1/1480
f 4207/1/1471 4208/1/1473 4215/1/1482 4214/1/1481
f 4208/1/1473 4209/1/1475 4216/1/1483 4215/1/1482
f 4209/1/1475 4210/1/1477 4217/1/1484 4216/1/1483
f 4211/1/1479 4212/1/1478 4219/1/1485 4218/1/1486
f 4212/1/1478 4213/1/1480 4220/1/1487 4219/1/1485
f 4213/1/1480 4214/1/1481 4221/1/1488 4220/1/1487
f 4214/1/1481 4215/1/1482 4222/1/1489 4221/1/1488
f 4215/1/1482 4216/1/1483 4223/1/1490 4222/1/1489
f 4216/1/1483 4217/1/1484 4224/1/1491 4223/1/1490
f 4218/1/1486 4219/1/1485 4226/1/1492 4225/1/1493
f 4219/1/1485 4220/1/1487 4227/1/1494 4226/1/1492
f 4220/1/1487 4221/1/1488 4228/1/1495 4227/1/1494
f 4221/1/1488 4222/1/1489 4229/1/1496 4228/1/1495
f 4222/1/1489 4223/1/1490 4230/1/1497 4229/1/1496
f 4223/1/1490 4224/1/1491 4231/1/1498 4230/1/1497
f 4225/1/1493 4226/1/1492 4233/1/1499 4232/1/1500
f 4226/1/1492 4227/1/1494 4234/1/1501 4233/1/1499
f 4227/1/1494 4228/1/1495 4235/1/323 4234/1/1501
f 4228/1/1495 4229/1/1496 4236/1/1502 4235/1/323
f 4229/1/1496 4230/1/1497 4237/1/327 4236/1/1502
f 4230/1/1497 4231/1/1498 4238/1/329 4237/1/327
f 4232/1/1500 4233/1/1499 4240/1/317 4239/1/316
f 4233/1/1499 4234/1/1501 4241/1/1503 4240/1/317
f 4234/1/1501 4235/1/323 4242/1/322 4241/1/1503
f 4235/1/323 4236/1/1502 4243/1/324 4242/1/322
f 4236/1/1502 4237/1/327 4244/1/326 4243/1/324
f 4237/1/327 4238/1/329 4245/1/373 4244/1/326
f 26/1/1174 556/1/1172 4197/1/1464 717/1/1354
f 556/1/1172 555/1/1171 4198/1/1465 4197/1/1464
f 555/1/1171 554/1/1170 4199/1/1468 4198/1/1465
f 554/1/1170 553/1/1169 4200/1/1470 4199/1/1468
f 553/1/1169 552/1/1168 4201/1/1472 4200/1/1470
f 552/1/1168 551/1/1167 4202/1/1474 4201/1/1472
f 551/1/1167 550/1/1166 4203/1/1476 4202/1/1474
f 550/1/1166 17/1/1165 809/1/1504 4203/1/1476
f 4203/1/1476 809/1/1504 810/1/1505 4210/1/1477
f 4210/1/1477 810/1/1505 811/1/1506 4217/1/1484
f 4217/1/1484 811/1/1506 812/1/1507 4224/1/1491
f 4224/1/1491 812/1/1507 813/1/1508 4231/1/1498
f 4231/1/1498 813/1/1508 814/1/376 4238/1/329
f 4238/1/329 814/1/376 815/1/375 4245/1/373
f 4245/1/373 815/1/375 37/1/374 830/1/373
f 4244/1/326 4245/1/373 830/1/373 831/1/372
f 4243/1/324 4244/1/326 831/1/372 832/1/371
f 4242/1/322 4243/1/324 832/1/371 833/1/370
f 4241/1/1503 4242/1/322 833/1/370 834/1/369
f 4240/1/317 4241/1/1503 834/1/369 835/1/368
f 4239/1/316 4240/1/317 835/1/368 836/1/366
f 711/1/367 4239/1/316 836/1/366 38/1/365
f 712/1/1359 4232/1/1500 4239/1/316 711/1/367
f 713/1/1358 4225/1/1493 4232/1/1500 712/1/1359
f 714/1/1357 4218/1/1486 4225/1/1493 713/1/1358
f 715/1/1356 4211/1/1479 4218/1/1486 714/1/1357
f 716/1/1355 4204/1/1467 4211/1/1479 715/1/1356
f 717/1/1354 4197/1/1464 4204/1/1467 716/1/1355
f 4246/1/1509 4247/1/1510 4254/1/1511 4253/1/1512
f 4247/1/1510 4248/1/1513 4255/1/1514 4254/1/1511
f 4248/1/1513 4249/1/1515 4256/1/1516 4255/1/1514
f 4249/1/1515 4250/1/1517 4257/1/1518 4256/1/1516
f 4250/1/1517 4251/1/1519 4258/1/1520 4257/1/1518
f 4251/1/1519 4252/1/1521 4259/1/1522 4258/1/1520
f 4253/1/1512 4254/1/1511 4261/1/1523 4260/1/1524
f 4254/1/1511 4255/1/1514 4262/1/1525 4261/1/1523
f 4255/1/1514 4256/1/1516 4263/1/1526 4262/1/1525
f 4256/1/1516 4257/1/1518 4264/1/1527 4263/1/1526
f 4257/1/1518 4258/1/1520 4265/1/1528 4264/1/1527
f 4258/1/1520 4259/1/1522 4266/1/1529 4265/1/1528
f 4260/1/1524 4261/1/1523 4268/1/1530 4267/1/1531
f 4261/1/1523 4262/1/1525 4269/1/1532 4268/1/1530
f 4262/1/1525 4263/1/1526 4270/1/1533 4269/1/1532
f 4263/1/1526 4264/1/1527 4271/1/1534 4270/1/1533
f 4264/1/1527 4265/1/1528 4272/1/1535 4271/1/1534
f 4265/1/1528 4266/1/1529 4273/1/1536 4272/1/1535
f 4267/1/1531 4268/1/1530 4275/1/1537 4274/1/1538
f 4268/1/1530 4269/1/1532 4276/1/1539 4275/1/1537
f 4269/1/1532 4270/1/1533 4277/1/1539 4276/1/1539
f 4270/1/1533 4271/1/1534 4278/1/1540 4277/1/1539
f 4271/1/1534 4272/1/1535 4279/1/1541 4278/1/1540
f 4272/1/1535 4273/1/1536 4280/1/1541 4279/1/1541
f 4274/1/1538 4275/1/1537 4282/1/1542 4281/1/1542
f 4275/1/1537 4276/1/1539 4283/1/1542 4282/1/1542
f 4276/1/1539 4277/1/1539 4284/1/1542 4283/1/1542
f 4277/1/1539 4278/1/1540 4285/1/1542 4284/1/1542
f 4278/1/1540 4279/1/1541 4286/1/1542 4285/1/1542
f 4279/1/1541 4280/1/1541 4287/1/1543 4286/1/1542
f 4281/1/1542 4282/1/1542 4289/1/1544 4288/1/1544
f 4282/1/1542 4283/1/1542 4290/1/1544 4289/1/1544
f 4283/1/1542 4284/1/1542 4291/1/1544 4290/1/1544
f 4284/1/1542 4285/1/1542 4292/1/1544 4291/1/1544
f 4285/1/1542 4286/1/1542 4293/1/1544 4292/1/1544
f 4286/1/1542 4287/1/1543 4294/1/1545 4293/1/1544
f 2/1/533 375/1/900 4246/1/1509 983/1/1546
f 375/1/900 376/1/899 4247/1/1510 4246/1/1509
f 376/1/899 377/1/898 4248/1/1513 4247/1/1510
f 377/1/898 378/1/897 4249/1/1515 4248/1/1513
f 378/1/897 379/1/896 4250/1/1517 4249/1/1515
f 379/1/896 380/1/895 4251/1/1519 4250/1/1517
f 380/1/895 381/1/894 4252/1/1521 4251/1/1519
f 381/1/894 11/1/893 970/1/1547 4252/1/1521
f 4252/1/1521 970/1/1547 971/1/1548 4259/1/1522
f 4259/1/1522 971/1/1548 972/1/1549 4266/1/1529
f 4266/1/1529 972/1/1549 973/1/1550 4273/1/1536
f 4273/1/1536 973/1/1550 974/1/1551 4280/1/1541
f 4280/1/1541 974/1/1551 975/1/1543 4287/1/1543
f 4287/1/1543 975/1/1543 976/1/1545 4294/1/1545
f 4294/1/1545 976/1/1545 49/1/1552 934/1/1552
f 4293/1/1544 4294/1/1545 934/1/1552 933/1/1552
f 4292/1/1544 4293/1/1544 933/1/1552 932/1/1552
f 4291/1/1544 4292/1/1544 932/1/1552 931/1/1552
f 4290/1/1544 4291/1/1544 931/1/1552 930/1/1552
f 4289/1/1544 4290/1/1544 930/1/1552 929/1/1552
f 4288/1/1544 4289/1/1544 929/1/1552 928/1/1553
f 977/1/1544 4288/1/1544 928/1/1553 40/1/1553
f 978/1/1554 4281/1/1542 4288/1/1544 977/1/1544
f 979/1/1555 4274/1/1538 4281/1/1542 978/1/1554
f 980/1/1556 4267/1/1531 4274/1/1538 979/1/1555
f 981/1/1557 4260/1/1524 4267/1/1531 980/1/1556
f 982/1/1558 4253/1/1512 4260/1/1524 981/1/1557
f 983/1/1546 4246/1/1509 4253/1/1512 982/1/1558
f 4295/1/1559 4296/1/1560 4303/1/1561 4302/1/1562
f 4296/1/1560 4297/1/1563 4304/1/1564 4303/1/1561
f 4297/1/1563 4298/1/1565 4305/1/1566 4304/1/1564
f 4298/1/1565 4299/1/1567 4306/1/1568 4305/1/1566
f 4299/1/1567 4300/1/1569 4307/1/1570 4306/1/1568
f 4300/1/1569 4301/1/1571 4308/1/1572 4307/1/1570
f 4302/1/1562 4303/1/1561 4310/1/1573 4309/1/1574
f 4303/1/1561 4304/1/1564 4311/1/1575 4310/1/1573
f 4304/1/1564 4305/1/1566 4312/1/1576 4311/1/1575
f 4305/1/1566 4306/1/1568 4313/1/1577 4312/1/1576
f 4306/1/1568 4307/1/1570 4314/1/1578 4313/1/1577
f 4307/1/1570 4308/1/1572 4315/1/1579 4314/1/1578
f 4309/1/1574 4310/1/1573 4317/1/1580 4316/1/1581
f 4310/1/1573 4311/1/1575 4318/1/1582 4317/1/1580
f 4311/1/1575 4312/1/1576 4319/1/1583 4318/1/1582
f 4312/1/1576 4313/1/1577 4320/1/1584 4319/1/1583
f 4313/1/1577 4314/1/1578 4321/1/1585 4320/1/1584
f 4314/1/1578 4315/1/1579 4322/1/1586 4321/1/1585
f 4316/1/1581 4317/1/1580 4324/1/1587 4323/1/1588
f 4317/1/1580 4318/1/1582 4325/1/1589 4324/1/1587
f 4318/1/1582 4319/1/1583 4326/1/1590 4325/1/1589
f 4319/1/1583 4320/1/1584 4327/1/1591 4326/1/1590
f 4320/1/1584 4321/1/1585 4328/1/1592 4327/1/1591
f 4321/1/1585 4322/1/1586 4329/1/1593 4328/1/1592
f 4323/1/1588 4324/1/1587 4331/1/1594 4330/1/1595
f 4324/1/1587 4325/1/1589 4332/1/1596 4331/1/1594
f 4325/1/1589 4326/1/1590 4333/1/1597 4332/1/1596
f 4326/1/1590 4327/1/1591 4334/1/1598 4333/1/1597
f 4327/1/1591 4328/1/1592 4335/1/1599 4334/1/1598
f 4328/1/1592 4329/1/1593 4336/1/1600 4335/1/1599
f 4330/1/1595 4331/1/1594 4338/1/1601 4337/1/1602
f 4331/1/1594 4332/1/1596 4339/1/1603 4338/1/1601
f 4332/1/1596 4333/1/1597 4340/1/1604 4339/1/1603
f 4333/1/1597 4334/1/1598 4341/1/1605 4340/1/1604
f 4334/1/1598 4335/1/1599 4342/1/1606 4341/1/1605
f 4335/1/1599 4336/1/1600 4343/1/1607 4342/1/1606
f 10/1/958 332/1/957 4295/1/1559 997/1/1608
f 332/1/957 331/1/956 4296/1/1560 4295/1/1559
f 331/1/956 330/1/955 4297/1/1563 4296/1/1560
f 330/1/955 329/1/954 4298/1/1565 4297/1/1563
f 329/1/954 328/1/953 4299/1/1567 4298/1/1565
f 328/1/953 327/1/952 4300/1/1569 4299/1/1567
f 327/1/952 326/1/951 4301/1/1571 4300/1/1569
f 326/1/951 9/1/814 984/1/1609 4301/1/1571
f 4301/1/1571 984/1/1609 985/1/1610 4308/1/1572
f 4308/1/1572 985/1/1610 986/1/1611 4315/1/1579
f 4315/1/1579 986/1/1611 987/1/1612 4322/1/1586
f 4322/1/1586 987/1/1612 988/1/1613 4329/1/1593
f 4329/1/1593 988/1/1613 989/1/1614 4336/1/1600
f 4336/1/1600 989/1/1614 990/1/1615 4343/1/1607
f 4343/1/1607 990/1/1615 47/1/1616 879/1/1616
f 4342/1/1606 4343/1/1607 879/1/1616 880/1/1617
f 4341/1/1605 4342/1/1606 880/1/1617 881/1/1618
f 4340/1/1604 4341/1/1605 881/1/1618 882/1/1619
f 4339/1/1603 4340/1/1604 882/1/1619 883/1/1619
f 4338/1/1601 4339/1/1603 883/1/1619 884/1/1620
f 4337/1/1602 4338/1/1601 884/1/1620 885/1/1621
f 991/1/1622 4337/1/1602 885/1/1621 48/1/1623
f 992/1/1624 4330/1/1595 4337/1/1602 991/1/1622
f 993/1/1625 4323/1/1588 4330/1/1595 992/1/1624
f 994/1/1626 4316/1/1581 4323/1/1588 993/1/1625
f 995/1/1627 4309/1/1574 4316/1/1581 994/1/1626
f 996/1/1628 4302/1/1562 4309/1/1574 995/1/1627
f 997/1/1608 4295/1/1559 4302/1/1562 996/1/1628
f 4344/1/1629 4345/1/1630 4352/1/1631 4351/1/1632
f 4345/1/1630 4346/1/1633 4353/1/1634 4352/1/1631
f 4346/1/1633 4347/1/1635 4354/1/1636 4353/1/1634
f 4347/1/1635 4348/1/1637 4355/1/1638 4354/1/1636
f 4348/1/1637 4349/1/1639 4356/1/1640 4355/1/1638
f 4349/1/1639 4350/1/1641 4357/1/1642 4356/1/1640
f 4351/1/1632 4352/1/1631 4359/1/1643 4358/1/1644
f 4352/1/1631 4353/1/1634 4360/1/1645 4359/1/1643
f 4353/1/1634 4354/1/1636 4361/1/1646 4360/1/1645
f 4354/1/1636 4355/1/1638 4362/1/1647 4361/1/1646
f 4355/1/1638 4356/1/1640 4363/1/1648 4362/1/1647
f 4356/1/1640 4357/1/1642 4364/1/1649 4363/1/1648
f 4358/1/1644 4359/1/1643 4366/1/1650 4365/1/1651
f 4359/1/1643 4360/1/1645 4367/1/1652 4366/1/1650
f 4360/1/1645 4361/1/1646 4368/1/1653 4367/1/1652
f 4361/1/1646 4362/1/1647 4369/1/1654 4368/1/1653
f 4362/1/1647 4363/1/1648 4370/1/1655 4369/1/1654
f 4363/1/1648 4364/1/1649 4371/1/1656 4370/1/1655
f 4365/1/1651 4366/1/1650 4373/1/1657 4372/1/1658
f 4366/1/1650 4367/1/1652 4374/1/1659 4373/1/1657
f 4367/1/1652 4368/1/1653 4375/1/1660 4374/1/1659
f 4368/1/1653 4369/1/1654 4376/1/1661 4375/1/1660
f 4369/1/1654 4370/1/1655 4377/1/1662 4376/1/1661
f 4370/1/1655 4371/1/1656 4378/1/1663 4377/1/1662
f 4372/1/1658 4373/1/1657 4380/1/1664 4379/1/1664
f 4373/1/1657 4374/1/1659 4381/1/1665 4380/1/1664
f 4374/1/1659 4375/1/1660 4382/1/1666 4381/1/1665
f 4375/1/1660 4376/1/1661 4383/1/1667 4382/1/1666
f 4376/1/1661 4377/1/1662 4384/1/1668 4383/1/1667
f 4377/1/1662 4378/1/1663 4385/1/1669 4384/1/1668
f 4379/1/1664 4380/1/1664 4387/1/1670 4386/1/1670
f 4380/1/1664 4381/1/1665 4388/1/1670 4387/1/1670
f 4381/1/1665 4382/1/1666 4389/1/1671 4388/1/1670
f 4382/1/1666 4383/1/1667 4390/1/1671 4389/1/1671
f 4383/1/1667 4384/1/1668 4391/1/1672 4390/1/1671
f 4384/1/1668 4385/1/1669 4392/1/1673 4391/1/1672
f 35/1/157 382/1/155 4344/1/1629 1011/1/1674
f 382/1/155 383/1/154 4345/1/1630 4344/1/1629
f 383/1/154 384/1/153 4346/1/1633 4345/1/1630
f 384/1/153 385/1/152 4347/1/1635 4346/1/1633
f 385/1/152 386/1/151 4348/1/1637 4347/1/1635
f 386/1/151 387/1/150 4349/1/1639 4348/1/1637
f 387/1/150 388/1/149 4350/1/1641 4349/1/1639
f 388/1/149 7/1/148 998/1/1675 4350/1/1641
f 4350/1/1641 998/1/1675 999/1/1676 4357/1/1642
f 4357/1/1642 999/1/1676 1000/1/1677 4364/1/1649
f 4364/1/1649 1000/1/1677 1001/1/1678 4371/1/1656
f 4371/1/1656 1001/1/1678 1002/1/1679 4378/1/1663
f 4378/1/1663 1002/1/1679 1003/1/1680 4385/1/1669
f 4385/1/1669 1003/1/1680 1004/1/1681 4392/1/1673
f 4392/1/1673 1004/1/1681 45/1/1682 941/1/1682
f 4391/1/1672 4392/1/1673 941/1/1682 940/1/1682
f 4390/1/1671 4391/1/1672 940/1/1682 939/1/1682
f 4389/1/1671 4390/1/1671 939/1/1682 938/1/1682
f 4388/1/1670 4389/1/1671 938/1/1682 937/1/1682
f 4387/1/1670 4388/1/1670 937/1/1682 936/1/1682
f 4386/1/1670 4387/1/1670 936/1/1682 935/1/1682
f 1005/1/1670 4386/1/1670 935/1/1682 56/1/1682
f 1006/1/1683 4379/1/1664 4386/1/1670 1005/1/1670
f 1007/1/1658 4372/1/1658 4379/1/1664 1006/1/1683
f 1008/1/1651 4365/1/1651 4372/1/1658 1007/1/1658
f 1009/1/1684 4358/1/1644 4365/1/1651 1008/1/1651
f 1010/1/1685 4351/1/1632 4358/1/1644 1009/1/1684
f 1011/1/1674 4344/1/1629 4351/1/1632 1010/1/1685
f 4393/1/1686 4394/1/1687 4401/1/1688 4400/1/1689
f 4394/1/1687 4395/1/1690 4402/1/1691 4401/1/1688
f 4395/1/1690 4396/1/1692 4403/1/1693 4402/1/1691
f 4396/1/1692 4397/1/1694 4404/1/1695 4403/1/1693
f 4397/1/1694 4398/1/1696 4405/1/1697 4404/1/1695
f 4398/1/1696 4399/1/1698 4406/1/1699 4405/1/1697
f 4400/1/1689 4401/1/1688 4408/1/1700 4407/1/1701
f 4401/1/1688 4402/1/1691 4409/1/1702 4408/1/1700
f 4402/1/1691 4403/1/1693 4410/1/1703 4409/1/1702
f 4403/1/1693 4404/1/1695 4411/1/1704 4410/1/1703
f 4404/1/1695 4405/1/1697 4412/1/1705 4411/1/1704
f 4405/1/1697 4406/1/1699 4413/1/1706 4412/1/1705
f 4407/1/1701 4408/1/1700 4415/1/1707 4414/1/1708
f 4408/1/1700 4409/1/1702 4416/1/1709 4415/1/1707
f 4409/1/1702 4410/1/1703 4417/1/1710 4416/1/1709
f 4410/1/1703 4411/1/1704 4418/1/1711 4417/1/1710
f 4411/1/1704 4412/1/1705 4419/1/1712 4418/1/1711
f 4412/1/1705 4413/1/1706 4420/1/1713 4419/1/1712
f 4414/1/1708 4415/1/1707 4422/1/1714 4421/1/1715
f 4415/1/1707 4416/1/1709 4423/1/1716 4422/1/1714
f 4416/1/1709 4417/1/1710 4424/1/1717 4423/1/1716
f 4417/1/1710 4418/1/1711 4425/1/1718 4424/1/1717
f 4418/1/1711 4419/1/1712 4426/1/1719 4425/1/1718
f 4419/1/1712 4420/1/1713 4427/1/1720 4426/1/1719
f 4421/1/1715 4422/1/1714 4429/1/1721 4428/1/1722
f 4422/1/1714 4423/1/1716 4430/1/1723 4429/1/1721
f 4423/1/1716 4424/1/1717 4431/1/1724 4430/1/1723
f 4424/1/1717 4425/1/1718 4432/1/1725 4431/1/1724
f 4425/1/1718 4426/1/1719 4433/1/1726 4432/1/1725
f 4426/1/1719 4427/1/1720 4434/1/1727 4433/1/1726
f 4428/1/1722 4429/1/1721 4436/1/1728 4435/1/1729
f 4429/1/1721 4430/1/1723 4437/1/1730 4436/1/1728
f 4430/1/1723 4431/1/1724 4438/1/1731 4437/1/1730
f 4431/1/1724 4432/1/1725 4439/1/1732 4438/1/1731
f 4432/1/1725 4433/1/1726 4440/1/1733 4439/1/1732
f 4433/1/1726 4434/1/1727 4441/1/1734 4440/1/1733
f 7/1/148 339/1/1029 4393/1/1686 998/1/1675
f 339/1/1029 338/1/1028 4394/1/1687 4393/1/1686
f 338/1/1028 337/1/1027 4395/1/1690 4394/1/1687
f 337/1/1027 336/1/1026 4396/1/1692 4395/1/1690
f 336/1/1026 335/1/1025 4397/1/1694 4396/1/1692
f 335/1/1025 334/1/1024 4398/1/1696 4397/1/1694
f 334/1/1024 333/1/1023 4399/1/1698 4398/1/1696
f 333/1/1023 10/1/958 997/1/1608 4399/1/1698
f 4399/1/1698 997/1/1608 996/1/1628 4406/1/1699
f 4406/1/1699 996/1/1628 995/1/1627 4413/1/1706
f 4413/1/1706 995/1/1627 994/1/1626 4420/1/1713
f 4420/1/1713 994/1/1626 993/1/1625 4427/1/1720
f 4427/1/1720 993/1/1625 992/1/1624 4434/1/1727
f 4434/1/1727 992/1/1624 991/1/1622 4441/1/1734
f 4441/1/1734 991/1/1622 48/1/1623 886/1/1735
f 4440/1/1733 4441/1/1734 886/1/1735 887/1/1736
f 4439/1/1732 4440/1/1733 887/1/1736 888/1/1737
f 4438/1/1731 4439/1/1732 888/1/1737 889/1/1738
f 4437/1/1730 4438/1/1731 889/1/1738 890/1/1739
f 4436/1/1728 4437/1/1730 890/1/1739 891/1/1740
f 4435/1/1729 4436/1/1728 891/1/1740 892/1/1682
f 1004/1/1681 4435/1/1729 892/1/1682 45/1/1682
f 1003/1/1680 4428/1/1722 4435/1/1729 1004/1/1681
f 1002/1/1679 4421/1/1715 4428/1/1722 1003/1/1680
f 1001/1/1678 4414/1/1708 4421/1/1715 1002/1/1679
f 1000/1/1677 4407/1/1701 4414/1/1708 1001/1/1678
f 999/1/1676 4400/1/1689 4407/1/1701 1000/1/1677
f 998/1/1675 4393/1/1686 4400/1/1689 999/1/1676
f 4442/1/1741 4443/1/1742 4450/1/1743 4449/1/1744
f 4443/1/1742 4444/1/1745 4451/1/1746 4450/1/1743
f 4444/1/1745 4445/1/1747 4452/1/1748 4451/1/1746
f 4445/1/1747 4446/1/1749 4453/1/1750 4452/1/1748
f 4446/1/1749 4447/1/1751 4454/1/1752 4453/1/1750
f 4447/1/1751 4448/1/1753 4455/1/1754 4454/1/1752
f 4449/1/1744 4450/1/1743 4457/1/1755 4456/1/1756
f 4450/1/1743 4451/1/1746 4458/1/1757 4457/1/1755
f 4451/1/1746 4452/1/1748 4459/1/1758 4458/1/1757
f 4452/1/1748 4453/1/1750 4460/1/1759 4459/1/1758
f 4453/1/1750 4454/1/1752 4461/1/1760 4460/1/1759
f 4454/1/1752 4455/1/1754 4462/1/1761 4461/1/1760
f 4456/1/1756 4457/1/1755 4464/1/1762 4463/1/1763
f 4457/1/1755 4458/1/1757 4465/1/1764 4464/1/1762
f 4458/1/1757 4459/1/1758 4466/1/1765 4465/1/1764
f 4459/1/1758 4460/1/1759 4467/1/1766 4466/1/1765
f 4460/1/1759 4461/1/1760 4468/1/1767 4467/1/1766
f 4461/1/1760 4462/1/1761 4469/1/1768 4468/1/1767
f 4463/1/1763 4464/1/1762 4471/1/1769 4470/1/1770
f 4464/1/1762 4465/1/1764 4472/1/1771 4471/1/1769
f 4465/1/1764 4466/1/1765 4473/1/1772 4472/1/1771
f 4466/1/1765 4467/1/1766 4474/1/1773 4473/1/1772
f 4467/1/1766 4468/1/1767 4475/1/1774 4474/1/1773
f 4468/1/1767 4469/1/1768 4476/1/1775 4475/1/1774
f 4470/1/1770 4471/1/1769 4478/1/1776 4477/1/1776
f 4471/1/1769 4472/1/1771 4479/1/1777 4478/1/1776
f 4472/1/1771 4473/1/1772 4480/1/1778 4479/1/1777
f 4473/1/1772 4474/1/1773 4481/1/1779 4480/1/1778
f 4474/1/1773 4475/1/1774 4482/1/1780 4481/1/1779
f 4475/1/1774 4476/1/1775 4483/1/1781 4482/1/1780
f 4477/1/1776 4478/1/1776 4485/1/1782 4484/1/1782
f 4478/1/1776 4479/1/1777 4486/1/1783 4485/1/1782
f 4479/1/1777 4480/1/1778 4487/1/1783 4486/1/1783
f 4480/1/1778 4481/1/1779 4488/1/1784 4487/1/1783
f 4481/1/1779 4482/1/1780 4489/1/1785 4488/1/1784
f 4482/1/1780 4483/1/1781 4490/1/1786 4489/1/1785
f 37/1/374 815/1/375 4442/1/1741 1025/1/1787
f 815/1/375 814/1/376 4443/1/1742 4442/1/1741
f 814/1/376 813/1/1508 4444/1/1745 4443/1/1742
f 813/1/1508 812/1/1507 4445/1/1747 4444/1/1745
f 812/1/1507 811/1/1506 4446/1/1749 4445/1/1747
f 811/1/1506 810/1/1505 4447/1/1751 4446/1/1749
f 810/1/1505 809/1/1504 4448/1/1753 4447/1/1751
f 809/1/1504 17/1/1165 1012/1/1788 4448/1/1753
f 4448/1/1753 1012/1/1788 1013/1/1789 4455/1/1754
f 4455/1/1754 1013/1/1789 1014/1/1790 4462/1/1761
f 4462/1/1761 1014/1/1790 1015/1/1791 4469/1/1768
f 4469/1/1768 1015/1/1791 1016/1/1792 4476/1/1775
f 4476/1/1775 1016/1/1792 1017/1/1793 4483/1/1781
f 4483/1/1781 1017/1/1793 1018/1/1794 4490/1/1786
f 4490/1/1786 1018/1/1794 55/1/1795 963/1/1796
f 4489/1/1785 4490/1/1786 963/1/1796 964/1/1797
f 4488/1/1784 4489/1/1785 964/1/1797 965/1/1797
f 4487/1/1783 4488/1/1784 965/1/1797 966/1/1797
f 4486/1/1783 4487/1/1783 966/1/1797 967/1/1797
f 4485/1/1782 4486/1/1783 967/1/1797 968/1/1797
f 4484/1/1782 4485/1/1782 968/1/1797 969/1/1797
f 1019/1/1782 4484/1/1782 969/1/1797 57/1/1797
f 1020/1/1798 4477/1/1776 4484/1/1782 1019/1/1782
f 1021/1/1770 4470/1/1770 4477/1/1776 1020/1/1798
f 1022/1/1763 4463/1/1763 4470/1/1770 1021/1/1770
f 1023/1/1756 4456/1/1756 4463/1/1763 1022/1/1763
f 1024/1/1799 4449/1/1744 4456/1/1756 1023/1/1756
f 1025/1/1787 4442/1/1741 4449/1/1744 1024/1/1799
f 4491/1/1800 4492/1/1801 4499/1/1802 4498/1/1803
f 4492/1/1801 4493/1/1804 4500/1/1805 4499/1/1802
f 4493/1/1804 4494/1/1806 4501/1/1807 4500/1/1805
f 4494/1/1806 4495/1/1808 4502/1/1809 4501/1/1807
f 4495/1/1808 4496/1/1810 4503/1/1811 4502/1/1809
f 4496/1/1810 4497/1/1812 4504/1/1813 4503/1/1811
f 4498/1/1803 4499/1/1802 4506/1/1814 4505/1/1815
f 4499/1/1802 4500/1/1805 4507/1/1816 4506/1/1814
f 4500/1/1805 4501/1/1807 4508/1/1817 4507/1/1816
f 4501/1/1807 4502/1/1809 4509/1/1818 4508/1/1817
f 4502/1/1809 4503/1/1811 4510/1/1819 4509/1/1818
f 4503/1/1811 4504/1/1813 4511/1/1820 4510/1/1819
f 4505/1/1815 4506/1/1814 4513/1/1821 4512/1/1822
f 4506/1/1814 4507/1/1816 4514/1/1823 4513/1/1821
f 4507/1/1816 4508/1/1817 4515/1/1824 4514/1/1823
f 4508/1/1817 4509/1/1818 4516/1/1825 4515/1/1824
f 4509/1/1818 4510/1/1819 4517/1/1826 4516/1/1825
f 4510/1/1819 4511/1/1820 4518/1/1827 4517/1/1826
f 4512/1/1822 4513/1/1821 4520/1/1828 4519/1/1829
f 4513/1/1821 4514/1/1823 4521/1/1830 4520/1/1828
f 4514/1/1823 4515/1/1824 4522/1/1831 4521/1/1830
f 4515/1/1824 4516/1/1825 4523/1/1832 4522/1/1831
f 4516/1/1825 4517/1/1826 4524/1/1833 4523/1/1832
f 4517/1/1826 4518/1/1827 4525/1/1834 4524/1/1833
f 4519/1/1829 4520/1/1828 4527/1/1835 4526/1/1836
f 4520/1/1828 4521/1/1830 4528/1/1837 4527/1/1835
f 4521/1/1830 4522/1/1831 4529/1/1838 4528/1/1837
f 4522/1/1831 4523/1/1832 4530/1/1839 4529/1/1838
f 4523/1/1832 4524/1/1833 4531/1/1840 4530/1/1839
f 4524/1/1833 4525/1/1834 4532/1/1841 4531/1/1840
f 4526/1/1836 4527/1/1835 4534/1/1842 4533/1/1843
f 4527/1/1835 4528/1/1837 4535/1/1842 4534/1/1842
f 4528/1/1837 4529/1/1838 4536/1/1844 4535/1/1842
f 4529/1/1838 4530/1/1839 4537/1/1845 4536/1/1844
f 4530/1/1839 4531/1/1840 4538/1/1846 4537/1/1845
f 4531/1/1840 4532/1/1841 4539/1/1847 4538/1/1846
f 1/1/743 284/1/1098 4491/1/1800 1039/1/1848
f 284/1/1098 285/1/1097 4492/1/1801 4491/1/1800
f 285/1/1097 286/1/1096 4493/1/1804 4492/1/1801
f 286/1/1096 287/1/1095 4494/1/1806 4493/1/1804
f 287/1/1095 288/1/1094 4495/1/1808 4494/1/1806
f 288/1/1094 289/1/1093 4496/1/1810 4495/1/1808
f 289/1/1093 290/1/1092 4497/1/1812 4496/1/1810
f 290/1/1092 3/1/76 1026/1/1849 4497/1/1812
f 4497/1/1812 1026/1/1849 1027/1/1850 4504/1/1813
f 4504/1/1813 1027/1/1850 1028/1/1851 4511/1/1820
f 4511/1/1820 1028/1/1851 1029/1/1852 4518/1/1827
f 4518/1/1827 1029/1/1852 1030/1/1853 4525/1/1834
f 4525/1/1834 1030/1/1853 1031/1/1854 4532/1/1841
f 4532/1/1841 1031/1/1854 1032/1/1855 4539/1/1847
f 4539/1/1847 1032/1/1855 41/1/1856 843/1/1857
f 4538/1/1846 4539/1/1847 843/1/1857 842/1/1858
f 4537/1/1845 4538/1/1846 842/1/1858 841/1/1858
f 4536/1/1844 4537/1/1845 841/1/1858 840/1/1858
f 4535/1/1842 4536/1/1844 840/1/1858 839/1/1858
f 4534/1/1842 4535/1/1842 839/1/1858 838/1/1858
f 4533/1/1843 4534/1/1842 838/1/1858 837/1/1858
f 1033/1/1843 4533/1/1843 837/1/1858 39/1/1858
f 1034/1/1859 4526/1/1836 4533/1/1843 1033/1/1843
f 1035/1/1860 4519/1/1829 4526/1/1836 1034/1/1859
f 1036/1/1861 4512/1/1822 4519/1/1829 1035/1/1860
f 1037/1/1862 4505/1/1815 4512/1/1822 1036/1/1861
f 1038/1/1863 4498/1/1803 4505/1/1815 1037/1/1862
f 1039/1/1848 4491/1/1800 4498/1/1803 1038/1/1863
f 4540/1/1864 4541/1/1865 4548/1/1866 4547/1/1867
f 4541/1/1865 4542/1/1868 4549/1/1869 4548/1/1866
f 4542/1/1868 4543/1/1870 4550/1/1871 4549/1/1869
f 4543/1/1870 4544/1/1872 4551/1/1873 4550/1/1871
f 4544/1/1872 4545/1/1874 4552/1/1875 4551/1/1873
f 4545/1/1874 4546/1/1741 4553/1/1876 4552/1/1875
f 4547/1/1867 4548/1/1866 4555/1/1877 4554/1/1878
f 4548/1/1866 4549/1/1869 4556/1/1879 4555/1/1877
f 4549/1/1869 4550/1/1871 4557/1/1880 4556/1/1879
f 4550/1/1871 4551/1/1873 4558/1/1881 4557/1/1880
f 4551/1/1873 4552/1/1875 4559/1/1882 4558/1/1881
f 4552/1/1875 4553/1/1876 4560/1/1756 4559/1/1882
f 4554/1/1878 4555/1/1877 4562/1/1883 4561/1/1884
f 4555/1/1877 4556/1/1879 4563/1/1885 4562/1/1883
f 4556/1/1879 4557/1/1880 4564/1/1886 4563/1/1885
f 4557/1/1880 4558/1/1881 4565/1/1887 4564/1/1886
f 4558/1/1881 4559/1/1882 4566/1/1762 4565/1/1887
f 4559/1/1882 4560/1/1756 4567/1/1763 4566/1/1762
f 4561/1/1884 4562/1/1883 4569/1/1888 4568/1/1889
f 4562/1/1883 4563/1/1885 4570/1/1890 4569/1/1888
f 4563/1/1885 4564/1/1886 4571/1/1891 4570/1/1890
f 4564/1/1886 4565/1/1887 4572/1/1892 4571/1/1891
f 4565/1/1887 4566/1/1762 4573/1/1893 4572/1/1892
f 4566/1/1762 4567/1/1763 4574/1/1770 4573/1/1893
f 4568/1/1889 4569/1/1888 4576/1/1894 4575/1/1895
f 4569/1/1888 4570/1/1890 4577/1/1896 4576/1/1894
f 4570/1/1890 4571/1/1891 4578/1/1897 4577/1/1896
f 4571/1/1891 4572/1/1892 4579/1/1898 4578/1/1897
f 4572/1/1892 4573/1/1893 4580/1/1776 4579/1/1898
f 4573/1/1893 4574/1/1770 4581/1/1776 4580/1/1776
f 4575/1/1895 4576/1/1894 4583/1/1899 4582/1/1900
f 4576/1/1894 4577/1/1896 4584/1/1783 4583/1/1899
f 4577/1/1896 4578/1/1897 4585/1/1783 4584/1/1783
f 4578/1/1897 4579/1/1898 4586/1/1782 4585/1/1783
f 4579/1/1898 4580/1/1776 4587/1/1782 4586/1/1782
f 4580/1/1776 4581/1/1776 4588/1/1782 4587/1/1782
f 12/1/382 395/1/381 4540/1/1864 1046/1/1901
f 395/1/381 394/1/380 4541/1/1865 4540/1/1864
f 394/1/380 393/1/379 4542/1/1868 4541/1/1865
f 393/1/379 392/1/378 4543/1/1870 4542/1/1868
f 392/1/378 391/1/377 4544/1/1872 4543/1/1870
f 391/1/377 390/1/376 4545/1/1874 4544/1/1872
f 390/1/376 389/1/375 4546/1/1741 4545/1/1874
f 389/1/375 37/1/374 1025/1/1787 4546/1/1741
f 4546/1/1741 1025/1/1787 1024/1/1799 4553/1/1876
f 4553/1/1876 1024/1/1799 1023/1/1756 4560/1/1756
f 4560/1/1756 1023/1/1756 1022/1/1763 4567/1/1763
f 4567/1/1763 1022/1/1763 1021/1/1770 4574/1/1770
f 4574/1/1770 1021/1/1770 1020/1/1798 4581/1/1776
f 4581/1/1776 1020/1/1798 1019/1/1782 4588/1/1782
f 4588/1/1782 1019/1/1782 57/1/1797 942/1/1797
f 4587/1/1782 4588/1/1782 942/1/1797 943/1/1797
f 4586/1/1782 4587/1/1782 943/1/1797 944/1/1797
f 4585/1/1783 4586/1/1782 944/1/1797 945/1/1797
f 4584/1/1783 4585/1/1783 945/1/1797 946/1/1797
f 4583/1/1899 4584/1/1783 946/1/1797 947/1/1797
f 4582/1/1900 4583/1/1899 947/1/1797 948/1/1797
f 1040/1/1902 4582/1/1900 948/1/1797 50/1/1797
f 1041/1/1903 4575/1/1895 4582/1/1900 1040/1/1902
f 1042/1/1904 4568/1/1889 4575/1/1895 1041/1/1903
f 1043/1/1905 4561/1/1884 4568/1/1889 1042/1/1904
f 1044/1/1906 4554/1/1878 4561/1/1884 1043/1/1905
f 1045/1/1907 4547/1/1867 4554/1/1878 1044/1/1906
f 1046/1/1901 4540/1/1864 4547/1/1867 1045/1/1907
f 4589/1/1908 4590/1/1909 4597/1/1910 4596/1/1911
f 4590/1/1909 4591/1/1912 4598/1/1913 4597/1/1910
f 4591/1/1912 4592/1/1914 4599/1/1915 4598/1/1913
f 4592/1/1914 4593/1/1916 4600/1/1917 4599/1/1915
f 4593/1/1916 4594/1/1918 4601/1/1919 4600/1/1917
f 4594/1/1918 4595/1/1629 4602/1/1920 4601/1/1919
f 4596/1/1911 4597/1/1910 4604/1/1921 4603/1/1922
f 4597/1/1910 4598/1/1913 4605/1/1923 4604/1/1921
f 4598/1/1913 4599/1/1915 4606/1/1924 4605/1/1923
f 4599/1/1915 4600/1/1917 4607/1/1925 4606/1/1924
f 4600/1/1917 4601/1/1919 4608/1/1926 4607/1/1925
f 4601/1/1919 4602/1/1920 4609/1/1684 4608/1/1926
f 4603/1/1922 4604/1/1921 4611/1/1927 4610/1/1928
f 4604/1/1921 4605/1/1923 4612/1/1929 4611/1/1927
f 4605/1/1923 4606/1/1924 4613/1/1930 4612/1/1929
f 4606/1/1924 4607/1/1925 4614/1/1931 4613/1/1930
f 4607/1/1925 4608/1/1926 4615/1/1650 4614/1/1931
f 4608/1/1926 4609/1/1684 4616/1/1651 4615/1/1650
f 4610/1/1928 4611/1/1927 4618/1/1932 4617/1/1933
f 4611/1/1927 4612/1/1929 4619/1/1934 4618/1/1932
f 4612/1/1929 4613/1/1930 4620/1/1935 4619/1/1934
f 4613/1/1930 4614/1/1931 4621/1/1936 4620/1/1935
f 4614/1/1931 4615/1/1650 4622/1/1657 4621/1/1936
f 4615/1/1650 4616/1/1651 4623/1/1658 4622/1/1657
f 4617/1/1933 4618/1/1932 4625/1/1937 4624/1/1938
f 4618/1/1932 4619/1/1934 4626/1/1939 4625/1/1937
f 4619/1/1934 4620/1/1935 4627/1/1940 4626/1/1939
f 4620/1/1935 4621/1/1936 4628/1/1941 4627/1/1940
f 4621/1/1936 4622/1/1657 4629/1/1664 4628/1/1941
f 4622/1/1657 4623/1/1658 4630/1/1664 4629/1/1664
f 4624/1/1938 4625/1/1937 4632/1/1942 4631/1/1943
f 4625/1/1937 4626/1/1939 4633/1/1944 4632/1/1942
f 4626/1/1939 4627/1/1940 4634/1/1671 4633/1/1944
f 4627/1/1940 4628/1/1941 4635/1/1671 4634/1/1671
f 4628/1/1941 4629/1/1664 4636/1/1670 4635/1/1671
f 4629/1/1664 4630/1/1664 4637/1/1670 4636/1/1670
f 16/1/1157 774/1/1456 4589/1/1908 1053/1/1945
f 774/1/1456 775/1/1455 4590/1/1909 4589/1/1908
f 775/1/1455 776/1/1454 4591/1/1912 4590/1/1909
f 776/1/1454 777/1/1453 4592/1/1914 4591/1/1912
f 777/1/1453 778/1/1452 4593/1/1916 4592/1/1914
f 778/1/1452 779/1/154 4594/1/1918 4593/1/1916
f 779/1/154 780/1/155 4595/1/1629 4594/1/1918
f 780/1/155 35/1/157 1011/1/1674 4595/1/1629
f 4595/1/1629 1011/1/1674 1010/1/1685 4602/1/1920
f 4602/1/1920 1010/1/1685 1009/1/1684 4609/1/1684
f 4609/1/1684 1009/1/1684 1008/1/1651 4616/1/1651
f 4616/1/1651 1008/1/1651 1007/1/1658 4623/1/1658
f 4623/1/1658 1007/1/1658 1006/1/1683 4630/1/1664
f 4630/1/1664 1006/1/1683 1005/1/1670 4637/1/1670
f 4637/1/1670 1005/1/1670 56/1/1682 962/1/1682
f 4636/1/1670 4637/1/1670 962/1/1682 961/1/1682
f 4635/1/1671 4636/1/1670 961/1/1682 960/1/1682
f 4634/1/1671 4635/1/1671 960/1/1682 959/1/1682
f 4633/1/1944 4634/1/1671 959/1/1682 958/1/1682
f 4632/1/1942 4633/1/1944 958/1/1682 957/1/1682
f 4631/1/1943 4632/1/1942 957/1/1682 956/1/1740
f 1047/1/1946 4631/1/1943 956/1/1740 54/1/1947
f 1048/1/1948 4624/1/1938 4631/1/1943 1047/1/1946
f 1049/1/1949 4617/1/1933 4624/1/1938 1048/1/1948
f 1050/1/1950 4610/1/1928 4617/1/1933 1049/1/1949
f 1051/1/1951 4603/1/1922 4610/1/1928 1050/1/1950
f 1052/1/1952 4596/1/1911 4603/1/1922 1051/1/1951
f 1053/1/1945 4589/1/1908 4596/1/1911 1052/1/1952
f 4638/1/1953 4639/1/1954 4646/1/1955 4645/1/1956
f 4639/1/1954 4640/1/1957 4647/1/1958 4646/1/1955
f 4640/1/1957 4641/1/1959 4648/1/1960 4647/1/1958
f 4641/1/1959 4642/1/1961 4649/1/1962 4648/1/1960
f 4642/1/1961 4643/1/1963 4650/1/1964 4649/1/1962
f 4643/1/1963 4644/1/1965 4651/1/1966 4650/1/1964
f 4645/1/1956 4646/1/1955 4653/1/1967 4652/1/1968
f 4646/1/1955 4647/1/1958 4654/1/1969 4653/1/1967
f 4647/1/1958 4648/1/1960 4655/1/1970 4654/1/1969
f 4648/1/1960 4649/1/1962 4656/1/1971 4655/1/1970
f 4649/1/1962 4650/1/1964 4657/1/1972 4656/1/1971
f 4650/1/1964 4651/1/1966 4658/1/1973 4657/1/1972
f 4652/1/1968 4653/1/1967 4660/1/1974 4659/1/1975
f 4653/1/1967 4654/1/1969 4661/1/1976 4660/1/1974
f 4654/1/1969 4655/1/1970 4662/1/1977 4661/1/1976
f 4655/1/1970 4656/1/1971 4663/1/1978 4662/1/1977
f 4656/1/1971 4657/1/1972 4664/1/1979 4663/1/1978
f 4657/1/1972 4658/1/1973 4665/1/1980 4664/1/1979
f 4659/1/1975 4660/1/1974 4667/1/1981 4666/1/1982
f 4660/1/1974 4661/1/1976 4668/1/1983 4667/1/1981
f 4661/1/1976 4662/1/1977 4669/1/1984 4668/1/1983
f 4662/1/1977 4663/1/1978 4670/1/1985 4669/1/1984
f 4663/1/1978 4664/1/1979 4671/1/1986 4670/1/1985
f 4664/1/1979 4665/1/1980 4672/1/1987 4671/1/1986
f 4666/1/1982 4667/1/1981 4674/1/1988 4673/1/1988
f 4667/1/1981 4668/1/1983 4675/1/1989 4674/1/1988
f 4668/1/1983 4669/1/1984 4676/1/1990 4675/1/1989
f 4669/1/1984 4670/1/1985 4677/1/1991 4676/1/1990
f 4670/1/1985 4671/1/1986 4678/1/1992 4677/1/1991
f 4671/1/1986 4672/1/1987 4679/1/1993 4678/1/1992
f 4673/1/1988 4674/1/1988 4681/1/1545 4680/1/1545
f 4674/1/1988 4675/1/1989 4682/1/1545 4681/1/1545
f 4675/1/1989 4676/1/1990 4683/1/1994 4682/1/1545
f 4676/1/1990 4677/1/1991 4684/1/1995 4683/1/1994
f 4677/1/1991 4678/1/1992 4685/1/1996 4684/1/1995
f 4678/1/1992 4679/1/1993 4686/1/1997 4685/1/1996
f 11/1/893 340/1/1242 4638/1/1953 970/1/1547
f 340/1/1242 341/1/1241 4639/1/1954 4638/1/1953
f 341/1/1241 342/1/1240 4640/1/1957 4639/1/1954
f 342/1/1240 343/1/1239 4641/1/1959 4640/1/1957
f 343/1/1239 344/1/1238 4642/1/1961 4641/1/1959
f 344/1/1238 345/1/1237 4643/1/1963 4642/1/1961
f 345/1/1237 346/1/1236 4644/1/1965 4643/1/1963
f 346/1/1236 13/1/238 1054/1/1998 4644/1/1965
f 4644/1/1965 1054/1/1998 1055/1/1999 4651/1/1966
f 4651/1/1966 1055/1/1999 1056/1/2000 4658/1/1973
f 4658/1/1973 1056/1/2000 1057/1/2001 4665/1/1980
f 4665/1/1980 1057/1/2001 1058/1/2002 4672/1/1987
f 4672/1/1987 1058/1/2002 1059/1/2003 4679/1/1993
f 4679/1/1993 1059/1/2003 1060/1/2004 4686/1/1997
f 4686/1/1997 1060/1/2004 51/1/2005 899/1/2006
f 4685/1/1996 4686/1/1997 899/1/2006 898/1/2006
f 4684/1/1995 4685/1/1996 898/1/2006 897/1/1553
f 4683/1/1994 4684/1/1995 897/1/1553 896/1/1553
f 4682/1/1545 4683/1/1994 896/1/1553 895/1/1553
f 4681/1/1545 4682/1/1545 895/1/1553 894/1/1552
f 4680/1/1545 4681/1/1545 894/1/1552 893/1/1552
f 976/1/1545 4680/1/1545 893/1/1552 49/1/1552
f 975/1/1543 4673/1/1988 4680/1/1545 976/1/1545
f 974/1/1551 4666/1/1982 4673/1/1988 975/1/1543
f 973/1/1550 4659/1/1975 4666/1/1982 974/1/1551
f 972/1/1549 4652/1/1968 4659/1/1975 973/1/1550
f 971/1/1548 4645/1/1956 4652/1/1968 972/1/1549
f 970/1/1547 4638/1/1953 4645/1/1956 971/1/1548
f 4687/1/2007 4688/1/2008 4695/1/2009 4694/1/2010
f 4688/1/2008 4689/1/2011 4696/1/2012 4695/1/2009
f 4689/1/2011 4690/1/2013 4697/1/2014 4696/1/2012
f 4690/1/2013 4691/1/2015 4698/1/2016 4697/1/2014
f 4691/1/2015 4692/1/2017 4699/1/2018 4698/1/2016
f 4692/1/2017 4693/1/2019 4700/1/2020 4699/1/2018
f 4694/1/2010 4695/1/2009 4702/1/2021 4701/1/2022
f 4695/1/2009 4696/1/2012 4703/1/2023 4702/1/2021
f 4696/1/2012 4697/1/2014 4704/1/2024 4703/1/2023
f 4697/1/2014 4698/1/2016 4705/1/2025 4704/1/2024
f 4698/1/2016 4699/1/2018 4706/1/2026 4705/1/2025
f 4699/1/2018 4700/1/2020 4707/1/2027 4706/1/2026
f 4701/1/2022 4702/1/2021 4709/1/2028 4708/1/2029
f 4702/1/2021 4703/1/2023 4710/1/2030 4709/1/2028
f 4703/1/2023 4704/1/2024 4711/1/2031 4710/1/2030
f 4704/1/2024 4705/1/2025 4712/1/2032 4711/1/2031
f 4705/1/2025 4706/1/2026 4713/1/2033 4712/1/2032
f 4706/1/2026 4707/1/2027 4714/1/2034 4713/1/2033
f 4708/1/2029 4709/1/2028 4716/1/2035 4715/1/2036
f 4709/1/2028 4710/1/2030 4717/1/2037 4716/1/2035
f 4710/1/2030 4711/1/2031 4718/1/2038 4717/1/2037
f 4711/1/2031 4712/1/2032 4719/1/2039 4718/1/2038
f 4712/1/2032 4713/1/2033 4720/1/2040 4719/1/2039
f 4713/1/2033 4714/1/2034 4721/1/2041 4720/1/2040
f 4715/1/2036 4716/1/2035 4723/1/2042 4722/1/2043
f 4716/1/2035 4717/1/2037 4724/1/2044 4723/1/2042
f 4717/1/2037 4718/1/2038 4725/1/2045 4724/1/2044
f 4718/1/2038 4719/1/2039 4726/1/2046 4725/1/2045
f 4719/1/2039 4720/1/2040 4727/1/2047 4726/1/2046
f 4720/1/2040 4721/1/2041 4728/1/2048 4727/1/2047
f 4722/1/2043 4723/1/2042 4730/1/2049 4729/1/2050
f 4723/1/2042 4724/1/2044 4731/1/2051 4730/1/2049
f 4724/1/2044 4725/1/2045 4732/1/2052 4731/1/2051
f 4725/1/2045 4726/1/2046 4733/1/2053 4732/1/2052
f 4726/1/2046 4727/1/2047 4734/1/2054 4733/1/2053
f 4727/1/2047 4728/1/2048 4735/1/2055 4734/1/2054
f 3/1/76 291/1/74 4687/1/2007 1026/1/1849
f 291/1/74 292/1/73 4688/1/2008 4687/1/2007
f 292/1/73 293/1/72 4689/1/2011 4688/1/2008
f 293/1/72 294/1/71 4690/1/2013 4689/1/2011
f 294/1/71 295/1/70 4691/1/2015 4690/1/2013
f 295/1/70 296/1/69 4692/1/2017 4691/1/2015
f 296/1/69 297/1/68 4693/1/2019 4692/1/2017
f 297/1/68 4/1/67 1061/1/2056 4693/1/2019
f 4693/1/2019 1061/1/2056 1062/1/2057 4700/1/2020
f 4700/1/2020 1062/1/2057 1063/1/2058 4707/1/2027
f 4707/1/2027 1063/1/2058 1064/1/2059 4714/1/2034
f 4714/1/2034 1064/1/2059 1065/1/2060 4721/1/2041
f 4721/1/2041 1065/1/2060 1066/1/2061 4728/1/2048
f 4728/1/2048 1066/1/2061 1067/1/2062 4735/1/2055
f 4735/1/2055 1067/1/2062 42/1/2063 850/1/2063
f 4734/1/2054 4735/1/2055 850/1/2063 849/1/2063
f 4733/1/2053 4734/1/2054 849/1/2063 848/1/2064
f 4732/1/2052 4733/1/2053 848/1/2064 847/1/2064
f 4731/1/2051 4732/1/2052 847/1/2064 846/1/2064
f 4730/1/2049 4731/1/2051 846/1/2064 845/1/1856
f 4729/1/2050 4730/1/2049 845/1/1856 844/1/1856
f 1032/1/1855 4729/1/2050 844/1/1856 41/1/1856
f 1031/1/1854 4722/1/2043 4729/1/2050 1032/1/1855
f 1030/1/1853 4715/1/2036 4722/1/2043 1031/1/1854
f 1029/1/1852 4708/1/2029 4715/1/2036 1030/1/1853
f 1028/1/1851 4701/1/2022 4708/1/2029 1029/1/1852
f 1027/1/1850 4694/1/2010 4701/1/2022 1028/1/1851
f 1026/1/1849 4687/1/2007 4694/1/2010 1027/1/1850
f 4736/1/2065 4737/1/2066 4744/1/2067 4743/1/2068
f 4737/1/2066 4738/1/2069 4745/1/2070 4744/1/2067
f 4738/1/2069 4739/1/2071 4746/1/2072 4745/1/2070
f 4739/1/2071 4740/1/2073 4747/1/2074 4746/1/2072
f 4740/1/2073 4741/1/2075 4748/1/2076 4747/1/2074
f 4741/1/2075 4742/1/2077 4749/1/2078 4748/1/2076
f 4743/1/2068 4744/1/2067 4751/1/2079 4750/1/2080
f 4744/1/2067 4745/1/2070 4752/1/2081 4751/1/2079
f 4745/1/2070 4746/1/2072 4753/1/2082 4752/1/2081
f 4746/1/2072 4747/1/2074 4754/1/2083 4753/1/2082
f 4747/1/2074 4748/1/2076 4755/1/2084 4754/1/2083
f 4748/1/2076 4749/1/2078 4756/1/2085 4755/1/2084
f 4750/1/2080 4751/1/2079 4758/1/2086 4757/1/2087
f 4751/1/2079 4752/1/2081 4759/1/2088 4758/1/2086
f 4752/1/2081 4753/1/2082 4760/1/2089 4759/1/2088
f 4753/1/2082 4754/1/2083 4761/1/2090 4760/1/2089
f 4754/1/2083 4755/1/2084 4762/1/2091 4761/1/2090
f 4755/1/2084 4756/1/2085 4763/1/2092 4762/1/2091
f 4757/1/2087 4758/1/2086 4765/1/2093 4764/1/2094
f 4758/1/2086 4759/1/2088 4766/1/2095 4765/1/2093
f 4759/1/2088 4760/1/2089 4767/1/2096 4766/1/2095
f 4760/1/2089 4761/1/2090 4768/1/2097 4767/1/2096
f 4761/1/2090 4762/1/2091 4769/1/2098 4768/1/2097
f 4762/1/2091 4763/1/2092 4770/1/2099 4769/1/2098
f 4764/1/2094 4765/1/2093 4772/1/2100 4771/1/2101
f 4765/1/2093 4766/1/2095 4773/1/2102 4772/1/2100
f 4766/1/2095 4767/1/2096 4774/1/2103 4773/1/2102
f 4767/1/2096 4768/1/2097 4775/1/2104 4774/1/2103
f 4768/1/2097 4769/1/2098 4776/1/2105 4775/1/2104
f 4769/1/2098 4770/1/2099 4777/1/2106 4776/1/2105
f 4771/1/2101 4772/1/2100 4779/1/2107 4778/1/2108
f 4772/1/2100 4773/1/2102 4780/1/2109 4779/1/2107
f 4773/1/2102 4774/1/2103 4781/1/2110 4780/1/2109
f 4774/1/2103 4775/1/2104 4782/1/2111 4781/1/2110
f 4775/1/2104 4776/1/2105 4783/1/2112 4782/1/2111
f 4776/1/2105 4777/1/2106 4784/1/2113 4783/1/2112
f 13/1/238 347/1/236 4736/1/2065 1054/1/1998
f 347/1/236 348/1/235 4737/1/2066 4736/1/2065
f 348/1/235 349/1/234 4738/1/2069 4737/1/2066
f 349/1/234 350/1/233 4739/1/2071 4738/1/2069
f 350/1/233 351/1/232 4740/1/2073 4739/1/2071
f 351/1/232 352/1/231 4741/1/2075 4740/1/2073
f 352/1/231 353/1/230 4742/1/2077 4741/1/2075
f 353/1/230 14/1/229 1068/1/2114 4742/1/2077
f 4742/1/2077 1068/1/2114 1069/1/2115 4749/1/2078
f 4749/1/2078 1069/1/2115 1070/1/2116 4756/1/2085
f 4756/1/2085 1070/1/2116 1071/1/2117 4763/1/2092
f 4763/1/2092 1071/1/2117 1072/1/2118 4770/1/2099
f 4770/1/2099 1072/1/2118 1073/1/2119 4777/1/2106
f 4777/1/2106 1073/1/2119 1074/1/2120 4784/1/2113
f 4784/1/2113 1074/1/2120 52/1/2121 906/1/2121
f 4783/1/2112 4784/1/2113 906/1/2121 905/1/2122
f 4782/1/2111 4783/1/2112 905/1/2122 904/1/2123
f 4781/1/2110 4782/1/2111 904/1/2123 903/1/2123
f 4780/1/2109 4781/1/2110 903/1/2123 902/1/2123
f 4779/1/2107 4780/1/2109 902/1/2123 901/1/2124
f 4778/1/2108 4779/1/2107 901/1/2124 900/1/2124
f 1060/1/2004 4778/1/2108 900/1/2124 51/1/2005
f 1059/1/2003 4771/1/2101 4778/1/2108 1060/1/2004
f 1058/1/2002 4764/1/2094 4771/1/2101 1059/1/2003
f 1057/1/2001 4757/1/2087 4764/1/2094 1058/1/2002
f 1056/1/2000 4750/1/2080 4757/1/2087 1057/1/2001
f 1055/1/1999 4743/1/2068 4750/1/2080 1056/1/2000
f 1054/1/1998 4736/1/2065 4743/1/2068 1055/1/1999
f 4785/1/2125 4786/1/2126 4793/1/2127 4792/1/2128
f 4786/1/2126 4787/1/2129 4794/1/2130 4793/1/2127
f 4787/1/2129 4788/1/2131 4795/1/2132 4794/1/2130
f 4788/1/2131 4789/1/2133 4796/1/2134 4795/1/2132
f 4789/1/2133 4790/1/2135 4797/1/2136 4796/1/2134
f 4790/1/2135 4791/1/2137 4798/1/2138 4797/1/2136
f 4792/1/2128 4793/1/2127 4800/1/2139 4799/1/2140
f 4793/1/2127 4794/1/2130 4801/1/2141 4800/1/2139
f 4794/1/2130 4795/1/2132 4802/1/2142 4801/1/2141
f 4795/1/2132 4796/1/2134 4803/1/2143 4802/1/2142
f 4796/1/2134 4797/1/2136 4804/1/2144 4803/1/2143
f 4797/1/2136 4798/1/2138 4805/1/2145 4804/1/2144
f 4799/1/2140 4800/1/2139 4807/1/2146 4806/1/2147
f 4800/1/2139 4801/1/2141 4808/1/2148 4807/1/2146
f 4801/1/2141 4802/1/2142 4809/1/2149 4808/1/2148
f 4802/1/2142 4803/1/2143 4810/1/2150 4809/1/2149
f 4803/1/2143 4804/1/2144 4811/1/2151 4810/1/2150
f 4804/1/2144 4805/1/2145 4812/1/2152 4811/1/2151
f 4806/1/2147 4807/1/2146 4814/1/2153 4813/1/2154
f 4807/1/2146 4808/1/2148 4815/1/2155 4814/1/2153
f 4808/1/2148 4809/1/2149 4816/1/2156 4815/1/2155
f 4809/1/2149 4810/1/2150 4817/1/2157 4816/1/2156
f 4810/1/2150 4811/1/2151 4818/1/2158 4817/1/2157
f 4811/1/2151 4812/1/2152 4819/1/2159 4818/1/2158
f 4813/1/2154 4814/1/2153 4821/1/2160 4820/1/2161
f 4814/1/2153 4815/1/2155 4822/1/2162 4821/1/2160
f 4815/1/2155 4816/1/2156 4823/1/2163 4822/1/2162
f 4816/1/2156 4817/1/2157 4824/1/2164 4823/1/2163
f 4817/1/2157 4818/1/2158 4825/1/2165 4824/1/2164
f 4818/1/2158 4819/1/2159 4826/1/2166 4825/1/2165
f 4820/1/2161 4821/1/2160 4828/1/2167 4827/1/2168
f 4821/1/2160 4822/1/2162 4829/1/2169 4828/1/2167
f 4822/1/2162 4823/1/2163 4830/1/2170 4829/1/2169
f 4823/1/2163 4824/1/2164 4831/1/2171 4830/1/2170
f 4824/1/2164 4825/1/2165 4832/1/2172 4831/1/2171
f 4825/1/2165 4826/1/2166 4833/1/2173 4832/1/2172
f 4/1/67 298/1/315 4785/1/2125 1061/1/2056
f 298/1/315 299/1/314 4786/1/2126 4785/1/2125
f 299/1/314 300/1/313 4787/1/2129 4786/1/2126
f 300/1/313 301/1/312 4788/1/2131 4787/1/2129
f 301/1/312 302/1/311 4789/1/2133 4788/1/2131
f 302/1/311 303/1/310 4790/1/2135 4789/1/2133
f 303/1/310 304/1/309 4791/1/2137 4790/1/2135
f 304/1/309 5/1/308 1075/1/2174 4791/1/2137
f 4791/1/2137 1075/1/2174 1076/1/2175 4798/1/2138
f 4798/1/2138 1076/1/2175 1077/1/2176 4805/1/2145
f 4805/1/2145 1077/1/2176 1078/1/2177 4812/1/2152
f 4812/1/2152 1078/1/2177 1079/1/2178 4819/1/2159
f 4819/1/2159 1079/1/2178 1080/1/2179 4826/1/2166
f 4826/1/2166 1080/1/2179 1081/1/2180 4833/1/2173
f 4833/1/2173 1081/1/2180 43/1/2181 857/1/2181
f 4832/1/2172 4833/1/2173 857/1/2181 856/1/2181
f 4831/1/2171 4832/1/2172 856/1/2181 855/1/2182
f 4830/1/2170 4831/1/2171 855/1/2182 854/1/2182
f 4829/1/2169 4830/1/2170 854/1/2182 853/1/2182
f 4828/1/2167 4829/1/2169 853/1/2182 852/1/2063
f 4827/1/2168 4828/1/2167 852/1/2063 851/1/2063
f 1067/1/2062 4827/1/2168 851/1/2063 42/1/2063
f 1066/1/2061 4820/1/2161 4827/1/2168 1067/1/2062
f 1065/1/2060 4813/1/2154 4820/1/2161 1066/1/2061
f 1064/1/2059 4806/1/2147 4813/1/2154 1065/1/2060
f 1063/1/2058 4799/1/2140 4806/1/2147 1064/1/2059
f 1062/1/2057 4792/1/2128 4799/1/2140 1063/1/2058
f 1061/1/2056 4785/1/2125 4792/1/2128 1062/1/2057
f 4834/1/2183 4835/1/2184 4842/1/2185 4841/1/2186
f 4835/1/2184 4836/1/2187 4843/1/2188 4842/1/2185
f 4836/1/2187 4837/1/2189 4844/1/2190 4843/1/2188
f 4837/1/2189 4838/1/2191 4845/1/2192 4844/1/2190
f 4838/1/2191 4839/1/2193 4846/1/2194 4845/1/2192
f 4839/1/2193 4840/1/2195 4847/1/2196 4846/1/2194
f 4841/1/2186 4842/1/2185 4849/1/2197 4848/1/2198
f 4842/1/2185 4843/1/2188 4850/1/2199 4849/1/2197
f 4843/1/2188 4844/1/2190 4851/1/2200 4850/1/2199
f 4844/1/2190 4845/1/2192 4852/1/2201 4851/1/2200
f 4845/1/2192 4846/1/2194 4853/1/2202 4852/1/2201
f 4846/1/2194 4847/1/2196 4854/1/2203 4853/1/2202
f 4848/1/2198 4849/1/2197 4856/1/2204 4855/1/2205
f 4849/1/2197 4850/1/2199 4857/1/2206 4856/1/2204
f 4850/1/2199 4851/1/2200 4858/1/2207 4857/1/2206
f 4851/1/2200 4852/1/2201 4859/1/2208 4858/1/2207
f 4852/1/2201 4853/1/2202 4860/1/2209 4859/1/2208
f 4853/1/2202 4854/1/2203 4861/1/2210 4860/1/2209
f 4855/1/2205 4856/1/2204 4863/1/2211 4862/1/2212
f 4856/1/2204 4857/1/2206 4864/1/2213 4863/1/2211
f 4857/1/2206 4858/1/2207 4865/1/2214 4864/1/2213
f 4858/1/2207 4859/1/2208 4866/1/2215 4865/1/2214
f 4859/1/2208 4860/1/2209 4867/1/2216 4866/1/2215
f 4860/1/2209 4861/1/2210 4868/1/2217 4867/1/2216
f 4862/1/2212 4863/1/2211 4870/1/2218 4869/1/2219
f 4863/1/2211 4864/1/2213 4871/1/2220 4870/1/2218
f 4864/1/2213 4865/1/2214 4872/1/2221 4871/1/2220
f 4865/1/2214 4866/1/2215 4873/1/2222 4872/1/2221
f 4866/1/2215 4867/1/2216 4874/1/2223 4873/1/2222
f 4867/1/2216 4868/1/2217 4875/1/2224 4874/1/2223
f 4869/1/2219 4870/1/2218 4877/1/2225 4876/1/2226
f 4870/1/2218 4871/1/2220 4878/1/2227 4877/1/2225
f 4871/1/2220 4872/1/2221 4879/1/2228 4878/1/2227
f 4872/1/2221 4873/1/2222 4880/1/2229 4879/1/2228
f 4873/1/2222 4874/1/2223 4881/1/2230 4880/1/2229
f 4874/1/2223 4875/1/2224 4882/1/2231 4881/1/2230
f 14/1/229 354/1/468 4834/1/2183 1068/1/2114
f 354/1/468 355/1/467 4835/1/2184 4834/1/2183
f 355/1/467 356/1/466 4836/1/2187 4835/1/2184
f 356/1/466 357/1/465 4837/1/2189 4836/1/2187
f 357/1/465 358/1/464 4838/1/2191 4837/1/2189
f 358/1/464 359/1/463 4839/1/2193 4838/1/2191
f 359/1/463 360/1/462 4840/1/2195 4839/1/2193
f 360/1/462 15/1/461 1082/1/2232 4840/1/2195
f 4840/1/2195 1082/1/2232 1083/1/2233 4847/1/2196
f 4847/1/2196 1083/1/2233 1084/1/2234 4854/1/2203
f 4854/1/2203 1084/1/2234 1085/1/2235 4861/1/2210
f 4861/1/2210 1085/1/2235 1086/1/2236 4868/1/2217
f 4868/1/2217 1086/1/2236 1087/1/2237 4875/1/2224
f 4875/1/2224 1087/1/2237 1088/1/2238 4882/1/2231
f 4882/1/2231 1088/1/2238 53/1/1623 913/1/1621
f 4881/1/2230 4882/1/2231 913/1/1621 912/1/1620
f 4880/1/2229 4881/1/2230 912/1/1620 911/1/2239
f 4879/1/2228 4880/1/2229 911/1/2239 910/1/2239
f 4878/1/2227 4879/1/2228 910/1/2239 909/1/2240
f 4877/1/2225 4878/1/2227 909/1/2240 908/1/2241
f 4876/1/2226 4877/1/2225 908/1/2241 907/1/2121
f 1074/1/2120 4876/1/2226 907/1/2121 52/1/2121
f 1073/1/2119 4869/1/2219 4876/1/2226 1074/1/2120
f 1072/1/2118 4862/1/2212 4869/1/2219 1073/1/2119
f 1071/1/2117 4855/1/2205 4862/1/2212 1072/1/2118
f 1070/1/2116 4848/1/2198 4855/1/2205 1071/1/2117
f 1069/1/2115 4841/1/2186 4848/1/2198 1070/1/2116
f 1068/1/2114 4834/1/2183 4841/1/2186 1069/1/2115
f 4883/1/2242 4884/1/2243 4891/1/2244 4890/1/2245
f 4884/1/2243 4885/1/2246 4892/1/2247 4891/1/2244
f 4885/1/2246 4886/1/2248 4893/1/2249 4892/1/2247
f 4886/1/2248 4887/1/2250 4894/1/2251 4893/1/2249
f 4887/1/2250 4888/1/2252 4895/1/2253 4894/1/2251
f 4888/1/2252 4889/1/2254 4896/1/2255 4895/1/2253
f 4890/1/2245 4891/1/2244 4898/1/2256 4897/1/2257
f 4891/1/2244 4892/1/2247 4899/1/2258 4898/1/2256
f 4892/1/2247 4893/1/2249 4900/1/2259 4899/1/2258
f 4893/1/2249 4894/1/2251 4901/1/2260 4900/1/2259
f 4894/1/2251 4895/1/2253 4902/1/2261 4901/1/2260
f 4895/1/2253 4896/1/2255 4903/1/2262 4902/1/2261
f 4897/1/2257 4898/1/2256 4905/1/2263 4904/1/2264
f 4898/1/2256 4899/1/2258 4906/1/2265 4905/1/2263
f 4899/1/2258 4900/1/2259 4907/1/2266 4906/1/2265
f 4900/1/2259 4901/1/2260 4908/1/2267 4907/1/2266
f 4901/1/2260 4902/1/2261 4909/1/2268 4908/1/2267
f 4902/1/2261 4903/1/2262 4910/1/2269 4909/1/2268
f 4904/1/2264 4905/1/2263 4912/1/2270 4911/1/2271
f 4905/1/2263 4906/1/2265 4913/1/2272 4912/1/2270
f 4906/1/2265 4907/1/2266 4914/1/2273 4913/1/2272
f 4907/1/2266 4908/1/2267 4915/1/2274 4914/1/2273
f 4908/1/2267 4909/1/2268 4916/1/2275 4915/1/2274
f 4909/1/2268 4910/1/2269 4917/1/2276 4916/1/2275
f 4911/1/2271 4912/1/2270 4919/1/2277 4918/1/2278
f 4912/1/2270 4913/1/2272 4920/1/2279 4919/1/2277
f 4913/1/2272 4914/1/2273 4921/1/2280 4920/1/2279
f 4914/1/2273 4915/1/2274 4922/1/2281 4921/1/2280
f 4915/1/2274 4916/1/2275 4923/1/2282 4922/1/2281
f 4916/1/2275 4917/1/2276 4924/1/2283 4923/1/2282
f 4918/1/2278 4919/1/2277 4926/1/2284 4925/1/2285
f 4919/1/2277 4920/1/2279 4927/1/2286 4926/1/2284
f 4920/1/2279 4921/1/2280 4928/1/2287 4927/1/2286
f 4921/1/2280 4922/1/2281 4929/1/2288 4928/1/2287
f 4922/1/2281 4923/1/2282 4930/1/2288 4929/1/2288
f 4923/1/2282 4924/1/2283 4931/1/1544 4930/1/2288
f 5/1/308 305/1/540 4883/1/2242 1075/1/2174
f 305/1/540 306/1/539 4884/1/2243 4883/1/2242
f 306/1/539 307/1/538 4885/1/2246 4884/1/2243
f 307/1/538 308/1/537 4886/1/2248 4885/1/2246
f 308/1/537 309/1/536 4887/1/2250 4886/1/2248
f 309/1/536 310/1/535 4888/1/2252 4887/1/2250
f 310/1/535 311/1/534 4889/1/2254 4888/1/2252
f 311/1/534 2/1/533 983/1/1546 4889/1/2254
f 4889/1/2254 983/1/1546 982/1/1558 4896/1/2255
f 4896/1/2255 982/1/1558 981/1/1557 4903/1/2262
f 4903/1/2262 981/1/1557 980/1/1556 4910/1/2269
f 4910/1/2269 980/1/1556 979/1/1555 4917/1/2276
f 4917/1/2276 979/1/1555 978/1/1554 4924/1/2283
f 4924/1/2283 978/1/1554 977/1/1544 4931/1/1544
f 4931/1/1544 977/1/1544 40/1/1553 864/1/1553
f 4930/1/2288 4931/1/1544 864/1/1553 863/1/1553
f 4929/1/2288 4930/1/2288 863/1/1553 862/1/1553
f 4928/1/2287 4929/1/2288 862/1/1553 861/1/1553
f 4927/1/2286 4928/1/2287 861/1/1553 860/1/1553
f 4926/1/2284 4927/1/2286 860/1/1553 859/1/1553
f 4925/1/2285 4926/1/2284 859/1/1553 858/1/2289
f 1081/1/2180 4925/1/2285 858/1/2289 43/1/2181
f 1080/1/2179 4918/1/2278 4925/1/2285 1081/1/2180
f 1079/1/2178 4911/1/2271 4918/1/2278 1080/1/2179
f 1078/1/2177 4904/1/2264 4911/1/2271 1079/1/2178
f 1077/1/2176 4897/1/2257 4904/1/2264 1078/1/2177
f 1076/1/2175 4890/1/2245 4897/1/2257 1077/1/2176
f 1075/1/2174 4883/1/2242 4890/1/2245 1076/1/2175
f 4932/1/2290 4933/1/2291 4940/1/2292 4939/1/2293
f 4933/1/2291 4934/1/2294 4941/1/2295 4940/1/2292
f 4934/1/2294 4935/1/2296 4942/1/2297 4941/1/2295
f 4935/1/2296 4936/1/2298 4943/1/2299 4942/1/2297
f 4936/1/2298 4937/1/2300 4944/1/2301 4943/1/2299
f 4937/1/2300 4938/1/2302 4945/1/2303 4944/1/2301
f 4939/1/2293 4940/1/2292 4947/1/2304 4946/1/2305
f 4940/1/2292 4941/1/2295 4948/1/2306 4947/1/2304
f 4941/1/2295 4942/1/2297 4949/1/2307 4948/1/2306
f 4942/1/2297 4943/1/2299 4950/1/2308 4949/1/2307
f 4943/1/2299 4944/1/2301 4951/1/2309 4950/1/2308
f 4944/1/2301 4945/1/2303 4952/1/2310 4951/1/2309
f 4946/1/2305 4947/1/2304 4954/1/2311 4953/1/2312
f 4947/1/2304 4948/1/2306 4955/1/2313 4954/1/2311
f 4948/1/2306 4949/1/2307 4956/1/2314 4955/1/2313
f 4949/1/2307 4950/1/2308 4957/1/2315 4956/1/2314
f 4950/1/2308 4951/1/2309 4958/1/2316 4957/1/2315
f 4951/1/2309 4952/1/2310 4959/1/2317 4958/1/2316
f 4953/1/2312 4954/1/2311 4961/1/2318 4960/1/2319
f 4954/1/2311 4955/1/2313 4962/1/2320 4961/1/2318
f 4955/1/2313 4956/1/2314 4963/1/2321 4962/1/2320
f 4956/1/2314 4957/1/2315 4964/1/2322 4963/1/2321
f 4957/1/2315 4958/1/2316 4965/1/2323 4964/1/2322
f 4958/1/2316 4959/1/2317 4966/1/2324 4965/1/2323
f 4960/1/2319 4961/1/2318 4968/1/2325 4967/1/2326
f 4961/1/2318 4962/1/2320 4969/1/2327 4968/1/2325
f 4962/1/2320 4963/1/2321 4970/1/2328 4969/1/2327
f 4963/1/2321 4964/1/2322 4971/1/2329 4970/1/2328
f 4964/1/2322 4965/1/2323 4972/1/2330 4971/1/2329
f 4965/1/2323 4966/1/2324 4973/1/2331 4972/1/2330
f 4967/1/2326 4968/1/2325 4975/1/2332 4974/1/2333
f 4968/1/2325 4969/1/2327 4976/1/2334 4975/1/2332
f 4969/1/2327 4970/1/2328 4977/1/2335 4976/1/2334
f 4970/1/2328 4971/1/2329 4978/1/2336 4977/1/2335
f 4971/1/2329 4972/1/2330 4979/1/2337 4978/1/2336
f 4972/1/2330 4973/1/2331 4980/1/2338 4979/1/2337
f 15/1/461 361/1/603 4932/1/2290 1082/1/2232
f 361/1/603 362/1/602 4933/1/2291 4932/1/2290
f 362/1/602 363/1/601 4934/1/2294 4933/1/2291
f 363/1/601 364/1/600 4935/1/2296 4934/1/2294
f 364/1/600 365/1/599 4936/1/2298 4935/1/2296
f 365/1/599 366/1/598 4937/1/2300 4936/1/2298
f 366/1/598 367/1/597 4938/1/2302 4937/1/2300
f 367/1/597 12/1/382 1046/1/1901 4938/1/2302
f 4938/1/2302 1046/1/1901 1045/1/1907 4945/1/2303
f 4945/1/2303 1045/1/1907 1044/1/1906 4952/1/2310
f 4952/1/2310 1044/1/1906 1043/1/1905 4959/1/2317
f 4959/1/2317 1043/1/1905 1042/1/1904 4966/1/2324
f 4966/1/2324 1042/1/1904 1041/1/1903 4973/1/2331
f 4973/1/2331 1041/1/1903 1040/1/1902 4980/1/2338
f 4980/1/2338 1040/1/1902 50/1/1797 920/1/1797
f 4979/1/2337 4980/1/2338 920/1/1797 919/1/1796
f 4978/1/2336 4979/1/2337 919/1/1796 918/1/2339
f 4977/1/2335 4978/1/2336 918/1/2339 917/1/2340
f 4976/1/2334 4977/1/2335 917/1/2340 916/1/2341
f 4975/1/2332 4976/1/2334 916/1/2341 915/1/2342
f 4974/1/2333 4975/1/2332 915/1/2342 914/1/2343
f 1088/1/2238 4974/1/2333 914/1/2343 53/1/1623
f 1087/1/2237 4967/1/2326 4974/1/2333 1088/1/2238
f 1086/1/2236 4960/1/2319 4967/1/2326 1087/1/2237
f 1085/1/2235 4953/1/2312 4960/1/2319 1086/1/2236
f 1084/1/2234 4946/1/2305 4953/1/2312 1085/1/2235
f 1083/1/2233 4939/1/2293 4946/1/2305 1084/1/2234
f 1082/1/2232 4932/1/2290 4939/1/2293 1083/1/2233
f 4981/1/2344 4982/1/2345 4989/1/2346 4988/1/2347
f 4982/1/2345 4983/1/2348 4990/1/2349 4989/1/2346
f 4983/1/2348 4984/1/2350 4991/1/2351 4990/1/2349
f 4984/1/2350 4985/1/2352 4992/1/2353 4991/1/2351
f 4985/1/2352 4986/1/2354 4993/1/2355 4992/1/2353
f 4986/1/2354 4987/1/2356 4994/1/2357 4993/1/2355
f 4988/1/2347 4989/1/2346 4996/1/2358 4995/1/2359
f 4989/1/2346 4990/1/2349 4997/1/2360 4996/1/2358
f 4990/1/2349 4991/1/2351 4998/1/2361 4997/1/2360
f 4991/1/2351 4992/1/2353 4999/1/2362 4998/1/2361
f 4992/1/2353 4993/1/2355 5000/1/2363 4999/1/2362
f 4993/1/2355 4994/1/2357 5001/1/2364 5000/1/2363
f 4995/1/2359 4996/1/2358 5003/1/2365 5002/1/2366
f 4996/1/2358 4997/1/2360 5004/1/2367 5003/1/2365
f 4997/1/2360 4998/1/2361 5005/1/2368 5004/1/2367
f 4998/1/2361 4999/1/2362 5006/1/2369 5005/1/2368
f 4999/1/2362 5000/1/2363 5007/1/2370 5006/1/2369
f 5000/1/2363 5001/1/2364 5008/1/2371 5007/1/2370
f 5002/1/2366 5003/1/2365 5010/1/2372 5009/1/2373
f 5003/1/2365 5004/1/2367 5011/1/2374 5010/1/2372
f 5004/1/2367 5005/1/2368 5012/1/2375 5011/1/2374
f 5005/1/2368 5006/1/2369 5013/1/2376 5012/1/2375
f 5006/1/2369 5007/1/2370 5014/1/2377 5013/1/2376
f 5007/1/2370 5008/1/2371 5015/1/2378 5014/1/2377
f 5009/1/2373 5010/1/2372 5017/1/2379 5016/1/2380
f 5010/1/2372 5011/1/2374 5018/1/2381 5017/1/2379
f 5011/1/2374 5012/1/2375 5019/1/2382 5018/1/2381
f 5012/1/2375 5013/1/2376 5020/1/2383 5019/1/2382
f 5013/1/2376 5014/1/2377 5021/1/2384 5020/1/2383
f 5014/1/2377 5015/1/2378 5022/1/2385 5021/1/2384
f 5016/1/2380 5017/1/2379 5024/1/2386 5023/1/2387
f 5017/1/2379 5018/1/2381 5025/1/2388 5024/1/2386
f 5018/1/2381 5019/1/2382 5026/1/2389 5025/1/2388
f 5019/1/2382 5020/1/2383 5027/1/2390 5026/1/2389
f 5020/1/2383 5021/1/2384 5028/1/2391 5027/1/2390
f 5021/1/2384 5022/1/2385 5029/1/2392 5028/1/2391
f 17/1/1165 759/1/1164 4981/1/2344 1012/1/1788
f 759/1/1164 758/1/1163 4982/1/2345 4981/1/2344
f 758/1/1163 757/1/1162 4983/1/2348 4982/1/2345
f 757/1/1162 756/1/1161 4984/1/2350 4983/1/2348
f 756/1/1161 755/1/1160 4985/1/2352 4984/1/2350
f 755/1/1160 754/1/1159 4986/1/2354 4985/1/2352
f 754/1/1159 753/1/1158 4987/1/2356 4986/1/2354
f 753/1/1158 16/1/1157 1053/1/1945 4987/1/2356
f 4987/1/2356 1053/1/1945 1052/1/1952 4994/1/2357
f 4994/1/2357 1052/1/1952 1051/1/1951 5001/1/2364
f 5001/1/2364 1051/1/1951 1050/1/1950 5008/1/2371
f 5008/1/2371 1050/1/1950 1049/1/1949 5015/1/2378
f 5015/1/2378 1049/1/1949 1048/1/1948 5022/1/2385
f 5022/1/2385 1048/1/1948 1047/1/1946 5029/1/2392
f 5029/1/2392 1047/1/1946 54/1/1947 949/1/2393
f 5028/1/2391 5029/1/2392 949/1/2393 950/1/2393
f 5027/1/2390 5028/1/2391 950/1/2393 951/1/2394
f 5026/1/2389 5027/1/2390 951/1/2394 952/1/2395
f 5025/1/2388 5026/1/2389 952/1/2395 953/1/2396
f 5024/1/2386 5025/1/2388 953/1/2396 954/1/2397
f 5023/1/2387 5024/1/2386 954/1/2397 955/1/1795
f 1018/1/1794 5023/1/2387 955/1/1795 55/1/1795
f 1017/1/1793 5016/1/2380 5023/1/2387 1018/1/1794
f 1016/1/1792 5009/1/2373 5016/1/2380 1017/1/1793
f 1015/1/1791 5002/1/2366 5009/1/2373 1016/1/1792
f 1014/1/1790 4995/1/2359 5002/1/2366 1015/1/1791
f 1013/1/1789 4988/1/2347 4995/1/2359 1014/1/1790
f 1012/1/1788 4981/1/2344 4988/1/2347 1013/1/1789
f 5030/1/2398 5031/1/2399 5038/1/2400 5037/1/2401
f 5031/1/2399 5032/1/2402 5039/1/2403 5038/1/2400
f 5032/1/2402 5033/1/2404 5040/1/2405 5039/1/2403
f 5033/1/2404 5034/1/2406 5041/1/2407 5040/1/2405
f 5034/1/2406 5035/1/2408 5042/1/2409 5041/1/2407
f 5035/1/2408 5036/1/2410 5043/1/2411 5042/1/2409
f 5037/1/2401 5038/1/2400 5045/1/2412 5044/1/2413
f 5038/1/2400 5039/1/2403 5046/1/2414 5045/1/2412
f 5039/1/2403 5040/1/2405 5047/1/2415 5046/1/2414
f 5040/1/2405 5041/1/2407 5048/1/2416 5047/1/2415
f 5041/1/2407 5042/1/2409 5049/1/2417 5048/1/2416
f 5042/1/2409 5043/1/2411 5050/1/2418 5049/1/2417
f 5044/1/2413 5045/1/2412 5052/1/2419 5051/1/2420
f 5045/1/2412 5046/1/2414 5053/1/2421 5052/1/2419
f 5046/1/2414 5047/1/2415 5054/1/2422 5053/1/2421
f 5047/1/2415 5048/1/2416 5055/1/2423 5054/1/2422
f 5048/1/2416 5049/1/2417 5056/1/2424 5055/1/2423
f 5049/1/2417 5050/1/2418 5057/1/2425 5056/1/2424
f 5051/1/2420 5052/1/2419 5059/1/2426 5058/1/2427
f 5052/1/2419 5053/1/2421 5060/1/2428 5059/1/2426
f 5053/1/2421 5054/1/2422 5061/1/2429 5060/1/2428
f 5054/1/2422 5055/1/2423 5062/1/2430 5061/1/2429
f 5055/1/2423 5056/1/2424 5063/1/2431 5062/1/2430
f 5056/1/2424 5057/1/2425 5064/1/2432 5063/1/2431
f 5058/1/2427 5059/1/2426 5066/1/2433 5065/1/2434
f 5059/1/2426 5060/1/2428 5067/1/2435 5066/1/2433
f 5060/1/2428 5061/1/2429 5068/1/2436 5067/1/2435
f 5061/1/2429 5062/1/2430 5069/1/2437 5068/1/2436
f 5062/1/2430 5063/1/2431 5070/1/2438 5069/1/2437
f 5063/1/2431 5064/1/2432 5071/1/2438 5070/1/2438
f 5065/1/2434 5066/1/2433 5073/1/2439 5072/1/2440
f 5066/1/2433 5067/1/2435 5074/1/2441 5073/1/2439
f 5067/1/2435 5068/1/2436 5075/1/2442 5074/1/2441
f 5068/1/2436 5069/1/2437 5076/1/2443 5075/1/2442
f 5069/1/2437 5070/1/2438 5077/1/2443 5076/1/2443
f 5070/1/2438 5071/1/2438 5078/1/2443 5077/1/2443
f 8/1/670 318/1/669 5030/1/2398 1102/1/2444
f 318/1/669 317/1/668 5031/1/2399 5030/1/2398
f 317/1/668 316/1/667 5032/1/2402 5031/1/2399
f 316/1/667 315/1/666 5033/1/2404 5032/1/2402
f 315/1/666 314/1/665 5034/1/2406 5033/1/2404
f 314/1/665 313/1/664 5035/1/2408 5034/1/2406
f 313/1/664 312/1/663 5036/1/2410 5035/1/2408
f 312/1/663 6/1/662 1089/1/2445 5036/1/2410
f 5036/1/2410 1089/1/2445 1090/1/2446 5043/1/2411
f 5043/1/2411 1090/1/2446 1091/1/2447 5050/1/2418
f 5050/1/2418 1091/1/2447 1092/1/2448 5057/1/2425
f 5057/1/2425 1092/1/2448 1093/1/2449 5064/1/2432
f 5064/1/2432 1093/1/2449 1094/1/2450 5071/1/2438
f 5071/1/2438 1094/1/2450 1095/1/2443 5078/1/2443
f 5078/1/2443 1095/1/2443 44/1/2451 865/1/2451
f 5077/1/2443 5078/1/2443 865/1/2451 866/1/2451
f 5076/1/2443 5077/1/2443 866/1/2451 867/1/1858
f 5075/1/2442 5076/1/2443 867/1/1858 868/1/1858
f 5074/1/2441 5075/1/2442 868/1/1858 869/1/1858
f 5073/1/2439 5074/1/2441 869/1/1858 870/1/2452
f 5072/1/2440 5073/1/2439 870/1/2452 871/1/2452
f 1096/1/2453 5072/1/2440 871/1/2452 46/1/2454
f 1097/1/2455 5065/1/2434 5072/1/2440 1096/1/2453
f 1098/1/2456 5058/1/2427 5065/1/2434 1097/1/2455
f 1099/1/2457 5051/1/2420 5058/1/2427 1098/1/2456
f 1100/1/2458 5044/1/2413 5051/1/2420 1099/1/2457
f 1101/1/2459 5037/1/2401 5044/1/2413 1100/1/2458
f 1102/1/2444 5030/1/2398 5037/1/2401 1101/1/2459
f 5079/1/2460 5080/1/2461 5087/1/2462 5086/1/2463
f 5080/1/2461 5081/1/2464 5088/1/2465 5087/1/2462
f 5081/1/2464 5082/1/2466 5089/1/2467 5088/1/2465
f 5082/1/2466 5083/1/2468 5090/1/2469 5089/1/2467
f 5083/1/2468 5084/1/2470 5091/1/2471 5090/1/2469
f 5084/1/2470 5085/1/2472 5092/1/2473 5091/1/2471
f 5086/1/2463 5087/1/2462 5094/1/2474 5093/1/2475
f 5087/1/2462 5088/1/2465 5095/1/2476 5094/1/2474
f 5088/1/2465 5089/1/2467 5096/1/2477 5095/1/2476
f 5089/1/2467 5090/1/2469 5097/1/2478 5096/1/2477
f 5090/1/2469 5091/1/2471 5098/1/2479 5097/1/2478
f 5091/1/2471 5092/1/2473 5099/1/2480 5098/1/2479
f 5093/1/2475 5094/1/2474 5101/1/2481 5100/1/2482
f 5094/1/2474 5095/1/2476 5102/1/2483 5101/1/2481
f 5095/1/2476 5096/1/2477 5103/1/2484 5102/1/2483
f 5096/1/2477 5097/1/2478 5104/1/2485 5103/1/2484
f 5097/1/2478 5098/1/2479 5105/1/2486 5104/1/2485
f 5098/1/2479 5099/1/2480 5106/1/2487 5105/1/2486
f 5100/1/2482 5101/1/2481 5108/1/2488 5107/1/2488
f 5101/1/2481 5102/1/2483 5109/1/2489 5108/1/2488
f 5102/1/2483 5103/1/2484 5110/1/2490 5109/1/2489
f 5103/1/2484 5104/1/2485 5111/1/2490 5110/1/2490
f 5104/1/2485 5105/1/2486 5112/1/2491 5111/1/2490
f 5105/1/2486 5106/1/2487 5113/1/2492 5112/1/2491
f 5107/1/2488 5108/1/2488 5115/1/2493 5114/1/2450
f 5108/1/2488 5109/1/2489 5116/1/2493 5115/1/2493
f 5109/1/2489 5110/1/2490 5117/1/2493 5116/1/2493
f 5110/1/2490 5111/1/2490 5118/1/2493 5117/1/2493
f 5111/1/2490 5112/1/2491 5119/1/2493 5118/1/2493
f 5112/1/2491 5113/1/2492 5120/1/2493 5119/1/2493
f 5114/1/2450 5115/1/2493 5122/1/1843 5121/1/2443
f 5115/1/2493 5116/1/2493 5123/1/1843 5122/1/1843
f 5116/1/2493 5117/1/2493 5124/1/1843 5123/1/1843
f 5117/1/2493 5118/1/2493 5125/1/1843 5124/1/1843
f 5118/1/2493 5119/1/2493 5126/1/1843 5125/1/1843
f 5119/1/2493 5120/1/2493 5127/1/1843 5126/1/1843
f 6/1/662 374/1/750 5079/1/2460 1089/1/2445
f 374/1/750 373/1/749 5080/1/2461 5079/1/2460
f 373/1/749 372/1/748 5081/1/2464 5080/1/2461
f 372/1/748 371/1/747 5082/1/2466 5081/1/2464
f 371/1/747 370/1/746 5083/1/2468 5082/1/2466
f 370/1/746 369/1/745 5084/1/2470 5083/1/2468
f 369/1/745 368/1/744 5085/1/2472 5084/1/2470
f 368/1/744 1/1/743 1039/1/1848 5085/1/2472
f 5085/1/2472 1039/1/1848 1038/1/1863 5092/1/2473
f 5092/1/2473 1038/1/1863 1037/1/1862 5099/1/2480
f 5099/1/2480 1037/1/1862 1036/1/1861 5106/1/2487
f 5106/1/2487 1036/1/1861 1035/1/1860 5113/1/2492
f 5113/1/2492 1035/1/1860 1034/1/1859 5120/1/2493
f 5120/1/2493 1034/1/1859 1033/1/1843 5127/1/1843
f 5127/1/1843 1033/1/1843 39/1/1858 921/1/1858
f 5126/1/1843 5127/1/1843 921/1/1858 922/1/1858
f 5125/1/1843 5126/1/1843 922/1/1858 923/1/2451
f 5124/1/1843 5125/1/1843 923/1/2451 924/1/2451
f 5123/1/1843 5124/1/1843 924/1/2451 925/1/2451
f 5122/1/1843 5123/1/1843 925/1/2451 926/1/2451
f 5121/1/2443 5122/1/1843 926/1/2451 927/1/2451
f 1095/1/2443 5121/1/2443 927/1/2451 44/1/2451
f 1094/1/2450 5114/1/2450 5121/1/2443 1095/1/2443
f 1093/1/2449 5107/1/2488 5114/1/2450 1094/1/2450
f 1092/1/2448 5100/1/2482 5107/1/2488 1093/1/2449
f 1091/1/2447 5093/1/2475 5100/1/2482 1092/1/2448
f 1090/1/2446 5086/1/2463 5093/1/2475 1091/1/2447
f 1089/1/2445 5079/1/2460 5086/1/2463 1090/1/2446
f 5128/1/2494 5129/1/2495 5136/1/2496 5135/1/2497
f 5129/1/2495 5130/1/2498 5137/1/2499 5136/1/2496
f 5130/1/2498 5131/1/2500 5138/1/2501 5137/1/2499
f 5131/1/2500 5132/1/2502 5139/1/2503 5138/1/2501
f 5132/1/2502 5133/1/2504 5140/1/2505 5139/1/2503
f 5133/1/2504 5134/1/2506 5141/1/2507 5140/1/2505
f 5135/1/2497 5136/1/2496 5143/1/2508 5142/1/2509
f 5136/1/2496 5137/1/2499 5144/1/2510 5143/1/2508
f 5137/1/2499 5138/1/2501 5145/1/2511 5144/1/2510
f 5138/1/2501 5139/1/2503 5146/1/2512 5145/1/2511
f 5139/1/2503 5140/1/2505 5147/1/2513 5146/1/2512
f 5140/1/2505 5141/1/2507 5148/1/2514 5147/1/2513
f 5142/1/2509 5143/1/2508 5150/1/2515 5149/1/2516
f 5143/1/2508 5144/1/2510 5151/1/2517 5150/1/2515
f 5144/1/2510 5145/1/2511 5152/1/2518 5151/1/2517
f 5145/1/2511 5146/1/2512 5153/1/2519 5152/1/2518
f 5146/1/2512 5147/1/2513 5154/1/2520 5153/1/2519
f 5147/1/2513 5148/1/2514 5155/1/2521 5154/1/2520
f 5149/1/2516 5150/1/2515 5157/1/2522 5156/1/2523
f 5150/1/2515 5151/1/2517 5158/1/2524 5157/1/2522
f 5151/1/2517 5152/1/2518 5159/1/2525 5158/1/2524
f 5152/1/2518 5153/1/2519 5160/1/2526 5159/1/2525
f 5153/1/2519 5154/1/2520 5161/1/2527 5160/1/2526
f 5154/1/2520 5155/1/2521 5162/1/2528 5161/1/2527
f 5156/1/2523 5157/1/2522 5164/1/2529 5163/1/2530
f 5157/1/2522 5158/1/2524 5165/1/2531 5164/1/2529
f 5158/1/2524 5159/1/2525 5166/1/2532 5165/1/2531
f 5159/1/2525 5160/1/2526 5167/1/2533 5166/1/2532
f 5160/1/2526 5161/1/2527 5168/1/2534 5167/1/2533
f 5161/1/2527 5162/1/2528 5169/1/2535 5168/1/2534
f 5163/1/2530 5164/1/2529 5171/1/2536 5170/1/2537
f 5164/1/2529 5165/1/2531 5172/1/2538 5171/1/2536
f 5165/1/2531 5166/1/2532 5173/1/2539 5172/1/2538
f 5166/1/2532 5167/1/2533 5174/1/2540 5173/1/2539
f 5167/1/2533 5168/1/2534 5175/1/2541 5174/1/2540
f 5168/1/2534 5169/1/2535 5176/1/2542 5175/1/2541
f 9/1/814 325/1/813 5128/1/2494 984/1/1609
f 325/1/813 324/1/812 5129/1/2495 5128/1/2494
f 324/1/812 323/1/811 5130/1/2498 5129/1/2495
f 323/1/811 322/1/810 5131/1/2500 5130/1/2498
f 322/1/810 321/1/809 5132/1/2502 5131/1/2500
f 321/1/809 320/1/808 5133/1/2504 5132/1/2502
f 320/1/808 319/1/807 5134/1/2506 5133/1/2504
f 319/1/807 8/1/670 1102/1/2444 5134/1/2506
f 5134/1/2506 1102/1/2444 1101/1/2459 5141/1/2507
f 5141/1/2507 1101/1/2459 1100/1/2458 5148/1/2514
f 5148/1/2514 1100/1/2458 1099/1/2457 5155/1/2521
f 5155/1/2521 1099/1/2457 1098/1/2456 5162/1/2528
f 5162/1/2528 1098/1/2456 1097/1/2455 5169/1/2535
f 5169/1/2535 1097/1/2455 1096/1/2453 5176/1/2542
f 5176/1/2542 1096/1/2453 46/1/2454 872/1/2543
f 5175/1/2541 5176/1/2542 872/1/2543 873/1/2543
f 5174/1/2540 5175/1/2541 873/1/2543 874/1/2544
f 5173/1/2539 5174/1/2540 874/1/2544 875/1/2544
f 5172/1/2538 5173/1/2539 875/1/2544 876/1/2544
f 5171/1/2536 5172/1/2538 876/1/2544 877/1/2545
f 5170/1/2537 5171/1/2536 877/1/2545 878/1/1616
f 990/1/1615 5170/1/2537 878/1/1616 47/1/1616
f 989/1/1614 5163/1/2530 5170/1/2537 990/1/1615
f 988/1/1613 5156/1/2523 5163/1/2530 989/1/1614
f 987/1/1612 5149/1/2516 5156/1/2523 988/1/1613
f 986/1/1611 5142/1/2509 5149/1/2516 987/1/1612
f 985/1/1610 5135/1/2497 5142/1/2509 986/1/1611
f 984/1/1609 5128/1/2494 5135/1/2497 985/1/1610
f 5177/1/2546 5178/1/2546 5185/1/2546 5184/1/2546
f 5178/1/2546 5179/1/2546 5186/1/2546 5185/1/2546
f 5179/1/2546 5180/1/2546 5187/1/2546 5186/1/2546
f 5180/1/2546 5181/1/2546 5188/1/2546 5187/1/2546
f 5181/1/2546 5182/1/2546 5189/1/2546 5188/1/2546
f 5182/1/2546 5183/1/2546 5190/1/2546 5189/1/2546
f 5184/1/2546 5185/1/2546 5192/1/2546 5191/1/2546
f 5185/1/2546 5186/1/2546 5193/1/2546 5192/1/2546
f 5186/1/2546 5187/1/2546 5194/1/2546 5193/1/2546
f 5187/1/2546 5188/1/2546 5195/1/2546 5194/1/2546
f 5188/1/2546 5189/1/2546 5196/1/2546 5195/1/2546
f 5189/1/2546 5190/1/2546 5197/1/2546 5196/1/2546
f 5191/1/2546 5192/1/2546 5199/1/2546 5198/1/2546
f 5192/1/2546 5193/1/2546 5200/1/2546 5199/1/2546
f 5193/1/2546 5194/1/2546 5201/1/2546 5200/1/2546
f 5194/1/2546 5195/1/2546 5202/1/2546 5201/1/2546
f 5195/1/2546 5196/1/2546 5203/1/2546 5202/1/2546
f 5196/1/2546 5197/1/2546 5204/1/2546 5203/1/2546
f 5198/1/2546 5199/1/2546 5206/1/2546 5205/1/2546
f 5199/1/2546 5200/1/2546 5207/1/2546 5206/1/2546
f 5200/1/2546 5201/1/2546 5208/1/2546 5207/1/2546
f 5201/1/2546 5202/1/2546 5209/1/2546 5208/1/2546
f 5202/1/2546 5203/1/2546 5210/1/2546 5209/1/2546
f 5203/1/2546 5204/1/2546 5211/1/2546 5210/1/2546
f 5205/1/2546 5206/1/2546 5213/1/2546 5212/1/2546
f 5206/1/2546 5207/1/2546 5214/1/2546 5213/1/2546
f 5207/1/2546 5208/1/2546 5215/1/2546 5214/1/2546
f 5208/1/2546 5209/1/2546 5216/1/2546 5215/1/2546
f 5209/1/2546 5210/1/2546 5217/1/2546 5216/1/2546
f 5210/1/2546 5211/1/2546 5218/1/2546 5217/1/2546
f 5212/1/2546 5213/1/2546 5220/1/2546 5219/1/2546
f 5213/1/2546 5214/1/2546 5221/1/2546 5220/1/2546
f 5214/1/2546 5215/1/2546 5222/1/2546 5221/1/2546
f 5215/1/2546 5216/1/2546 5223/1/2546 5222/1/2546
f 5216/1/2546 5217/1/2546 5224/1/2546 5223/1/2546
f 5217/1/2546 5218/1/2546 5225/1/2546 5224/1/2546
f 45/1/1682 892/1/1682 5177/1/2546 1249/1/2546
f 892/1/1682 891/1/1740 5178/1/2546 5177/1/2546
f 891/1/1740 890/1/1739 5179/1/2546 5178/1/2546
f 890/1/1739 889/1/1738 5180/1/2546 5179/1/2546
f 889/1/1738 888/1/1737 5181/1/2546 5180/1/2546
f 888/1/1737 887/1/1736 5182/1/2546 5181/1/2546
f 887/1/1736 886/1/1735 5183/1/2546 5182/1/2546
f 886/1/1735 48/1/1623 1236/1/2546 5183/1/2546
f 5183/1/2546 1236/1/2546 1237/1/2546 5190/1/2546
f 5190/1/2546 1237/1/2546 1238/1/2546 5197/1/2546
f 5197/1/2546 1238/1/2546 1239/1/2546 5204/1/2546
f 5204/1/2546 1239/1/2546 1240/1/2546 5211/1/2546
f 5211/1/2546 1240/1/2546 1241/1/2546 5218/1/2546
f 5218/1/2546 1241/1/2546 1242/1/2546 5225/1/2546
f 5225/1/2546 1242/1/2546 67/1/2546 1152/1/2546
f 5224/1/2546 5225/1/2546 1152/1/2546 1153/1/2546
f 5223/1/2546 5224/1/2546 1153/1/2546 1154/1/2546
f 5222/1/2546 5223/1/2546 1154/1/2546 1155/1/2546
f 5221/1/2546 5222/1/2546 1155/1/2546 1156/1/2546
f 5220/1/2546 5221/1/2546 1156/1/2546 1157/1/2546
f 5219/1/2546 5220/1/2546 1157/1/2546 1158/1/2546
f 1243/1/2546 5219/1/2546 1158/1/2546 64/1/2546
f 1244/1/2546 5212/1/2546 5219/1/2546 1243/1/2546
f 1245/1/2546 5205/1/2546 5212/1/2546 1244/1/2546
f 1246/1/2546 5198/1/2546 5205/1/2546 1245/1/2546
f 1247/1/2546 5191/1/2546 5198/1/2546 1246/1/2546
f 1248/1/2546 5184/1/2546 5191/1/2546 1247/1/2546
f 1249/1/2546 5177/1/2546 5184/1/2546 1248/1/2546
f 5226/1/2546 5227/1/2546 5234/1/2546 5233/1/2546
f 5227/1/2546 5228/1/2546 5235/1/2546 5234/1/2546
f 5228/1/2546 5229/1/2546 5236/1/2546 5235/1/2546
f 5229/1/2546 5230/1/2546 5237/1/2546 5236/1/2546
f 5230/1/2546 5231/1/2546 5238/1/2546 5237/1/2546
f 5231/1/2546 5232/1/2546 5239/1/2546 5238/1/2546
f 5233/1/2546 5234/1/2546 5241/1/2546 5240/1/2546
f 5234/1/2546 5235/1/2546 5242/1/2546 5241/1/2546
f 5235/1/2546 5236/1/2546 5243/1/2546 5242/1/2546
f 5236/1/2546 5237/1/2546 5244/1/2546 5243/1/2546
f 5237/1/2546 5238/1/2546 5245/1/2546 5244/1/2546
f 5238/1/2546 5239/1/2546 5246/1/2546 5245/1/2546
f 5240/1/2546 5241/1/2546 5248/1/2546 5247/1/2546
f 5241/1/2546 5242/1/2546 5249/1/2546 5248/1/2546
f 5242/1/2546 5243/1/2546 5250/1/2546 5249/1/2546
f 5243/1/2546 5244/1/2546 5251/1/2546 5250/1/2546
f 5244/1/2546 5245/1/2546 5252/1/2546 5251/1/2546
f 5245/1/2546 5246/1/2546 5253/1/2546 5252/1/2546
f 5247/1/2546 5248/1/2546 5255/1/2546 5254/1/2546
f 5248/1/2546 5249/1/2546 5256/1/2546 5255/1/2546
f 5249/1/2546 5250/1/2546 5257/1/2546 5256/1/2546
f 5250/1/2546 5251/1/2546 5258/1/2546 5257/1/2546
f 5251/1/2546 5252/1/2546 5259/1/2546 5258/1/2546
f 5252/1/2546 5253/1/2546 5260/1/2546 5259/1/2546
f 5254/1/2546 5255/1/2546 5262/1/2546 5261/1/2546
f 5255/1/2546 5256/1/2546 5263/1/2546 5262/1/2546
f 5256/1/2546 5257/1/2546 5264/1/2546 5263/1/2546
f 5257/1/2546 5258/1/2546 5265/1/2546 5264/1/2546
f 5258/1/2546 5259/1/2546 5266/1/2546 5265/1/2546
f 5259/1/2546 5260/1/2546 5267/1/2546 5266/1/2546
f 5261/1/2546 5262/1/2546 5269/1/2546 5268/1/2546
f 5262/1/2546 5263/1/2546 5270/1/2546 5269/1/2546
f 5263/1/2546 5264/1/2546 5271/1/2546 5270/1/2546
f 5264/1/2546 5265/1/2546 5272/1/2546 5271/1/2546
f 5265/1/2546 5266/1/2546 5273/1/2546 5272/1/2546
f 5266/1/2546 5267/1/2546 5274/1/2546 5273/1/2546
f 39/1/1858 837/1/1858 5226/1/2546 1263/1/2546
f 837/1/1858 838/1/1858 5227/1/2546 5226/1/2546
f 838/1/1858 839/1/1858 5228/1/2546 5227/1/2546
f 839/1/1858 840/1/1858 5229/1/2546 5228/1/2546
f 840/1/1858 841/1/1858 5230/1/2546 5229/1/2546
f 841/1/1858 842/1/1858 5231/1/2546 5230/1/2546
f 842/1/1858 843/1/1857 5232/1/2546 5231/1/2546
f 843/1/1857 41/1/1856 1250/1/2546 5232/1/2546
f 5232/1/2546 1250/1/2546 1251/1/2546 5239/1/2546
f 5239/1/2546 1251/1/2546 1252/1/2546 5246/1/2546
f 5246/1/2546 1252/1/2546 1253/1/2546 5253/1/2546
f 5253/1/2546 1253/1/2546 1254/1/2546 5260/1/2546
f 5260/1/2546 1254/1/2546 1255/1/2546 5267/1/2546
f 5267/1/2546 1255/1/2546 1256/1/2546 5274/1/2546
f 5274/1/2546 1256/1/2546 60/1/2546 1109/1/2546
f 5273/1/2546 5274/1/2546 1109/1/2546 1108/1/2546
f 5272/1/2546 5273/1/2546 1108/1/2546 1107/1/2546
f 5271/1/2546 5272/1/2546 1107/1/2546 1106/1/2546
f 5270/1/2546 5271/1/2546 1106/1/2546 1105/1/2546
f 5269/1/2546 5270/1/2546 1105/1/2546 1104/1/2546
f 5268/1/2546 5269/1/2546 1104/1/2546 1103/1/2546
f 1257/1/2546 5268/1/2546 1103/1/2546 58/1/2546
f 1258/1/2546 5261/1/2546 5268/1/2546 1257/1/2546
f 1259/1/2546 5254/1/2546 5261/1/2546 1258/1/2546
f 1260/1/2546 5247/1/2546 5254/1/2546 1259/1/2546
f 1261/1/2546 5240/1/2546 5247/1/2546 1260/1/2546
f 1262/1/2546 5233/1/2546 5240/1/2546 1261/1/2546
f 1263/1/2546 5226/1/2546 5233/1/2546 1262/1/2546
f 5275/1/2546 5276/1/2546 5283/1/2546 5282/1/2546
f 5276/1/2546 5277/1/2546 5284/1/2546 5283/1/2546
f 5277/1/2546 5278/1/2546 5285/1/2546 5284/1/2546
f 5278/1/2546 5279/1/2546 5286/1/2546 5285/1/2546
f 5279/1/2546 5280/1/2546 5287/1/2546 5286/1/2546
f 5280/1/2546 5281/1/2546 5288/1/2546 5287/1/2546
f 5282/1/2546 5283/1/2546 5290/1/2546 5289/1/2546
f 5283/1/2546 5284/1/2546 5291/1/2546 5290/1/2546
f 5284/1/2546 5285/1/2546 5292/1/2546 5291/1/2546
f 5285/1/2546 5286/1/2546 5293/1/2546 5292/1/2546
f 5286/1/2546 5287/1/2546 5294/1/2546 5293/1/2546
f 5287/1/2546 5288/1/2546 5295/1/2546 5294/1/2546
f 5289/1/2546 5290/1/2546 5297/1/2546 5296/1/2546
f 5290/1/2546 5291/1/2546 5298/1/2546 5297/1/2546
f 5291/1/2546 5292/1/2546 5299/1/2546 5298/1/2546
f 5292/1/2546 5293/1/2546 5300/1/2546 5299/1/2546
f 5293/1/2546 5294/1/2546 5301/1/2546 5300/1/2546
f 5294/1/2546 5295/1/2546 5302/1/2546 5301/1/2546
f 5296/1/2546 5297/1/2546 5304/1/2546 5303/1/2546
f 5297/1/2546 5298/1/2546 5305/1/2546 5304/1/2546
f 5298/1/2546 5299/1/2546 5306/1/2546 5305/1/2546
f 5299/1/2546 5300/1/2546 5307/1/2546 5306/1/2546
f 5300/1/2546 5301/1/2546 5308/1/2546 5307/1/2546
f 5301/1/2546 5302/1/2546 5309/1/2546 5308/1/2546
f 5303/1/2546 5304/1/2546 5311/1/2546 5310/1/2546
f 5304/1/2546 5305/1/2546 5312/1/2546 5311/1/2546
f 5305/1/2546 5306/1/2546 5313/1/2546 5312/1/2546
f 5306/1/2546 5307/1/2546 5314/1/2546 5313/1/2546
f 5307/1/2546 5308/1/2546 5315/1/2546 5314/1/2546
f 5308/1/2546 5309/1/2546 5316/1/2546 5315/1/2546
f 5310/1/2546 5311/1/2546 5318/1/2546 5317/1/2546
f 5311/1/2546 5312/1/2546 5319/1/2546 5318/1/2546
f 5312/1/2546 5313/1/2546 5320/1/2546 5319/1/2546
f 5313/1/2546 5314/1/2546 5321/1/2546 5320/1/2546
f 5314/1/2546 5315/1/2546 5322/1/2546 5321/1/2546
f 5315/1/2546 5316/1/2546 5323/1/2546 5322/1/2546
f 50/1/1797 948/1/1797 5275/1/2546 1277/1/2546
f 948/1/1797 947/1/1797 5276/1/2546 5275/1/2546
f 947/1/1797 946/1/1797 5277/1/2546 5276/1/2546
f 946/1/1797 945/1/1797 5278/1/2546 5277/1/2546
f 945/1/1797 944/1/1797 5279/1/2546 5278/1/2546
f 944/1/1797 943/1/1797 5280/1/2546 5279/1/2546
f 943/1/1797 942/1/1797 5281/1/2546 5280/1/2546
f 942/1/1797 57/1/1797 1264/1/2546 5281/1/2546
f 5281/1/2546 1264/1/2546 1265/1/2546 5288/1/2546
f 5288/1/2546 1265/1/2546 1266/1/2546 5295/1/2546
f 5295/1/2546 1266/1/2546 1267/1/2546 5302/1/2546
f 5302/1/2546 1267/1/2546 1268/1/2546 5309/1/2546
f 5309/1/2546 1268/1/2546 1269/1/2546 5316/1/2546
f 5316/1/2546 1269/1/2546 1270/1/2546 5323/1/2546
f 5323/1/2546 1270/1/2546 76/1/2546 1208/1/2546
f 5322/1/2546 5323/1/2546 1208/1/2546 1209/1/2546
f 5321/1/2546 5322/1/2546 1209/1/2546 1210/1/2546
f 5320/1/2546 5321/1/2546 1210/1/2546 1211/1/2546
f 5319/1/2546 5320/1/2546 1211/1/2546 1212/1/2546
f 5318/1/2546 5319/1/2546 1212/1/2546 1213/1/2546
f 5317/1/2546 5318/1/2546 1213/1/2546 1214/1/2546
f 1271/1/2546 5317/1/2546 1214/1/2546 69/1/2546
f 1272/1/2546 5310/1/2546 5317/1/2546 1271/1/2546
f 1273/1/2546 5303/1/2546 5310/1/2546 1272/1/2546
f 1274/1/2546 5296/1/2546 5303/1/2546 1273/1/2546
f 1275/1/2546 5289/1/2546 5296/1/2546 1274/1/2546
f 1276/1/2546 5282/1/2546 5289/1/2546 1275/1/2546
f 1277/1/2546 5275/1/2546 5282/1/2546 1276/1/2546
f 5324/1/2546 5325/1/2546 5332/1/2546 5331/1/2546
f 5325/1/2546 5326/1/2546 5333/1/2546 5332/1/2546
f 5326/1/2546 5327/1/2546 5334/1/2546 5333/1/2546
f 5327/1/2546 5328/1/2546 5335/1/2546 5334/1/2546
f 5328/1/2546 5329/1/2546 5336/1/2546 5335/1/2546
f 5329/1/2546 5330/1/2546 5337/1/2546 5336/1/2546
f 5331/1/2546 5332/1/2546 5339/1/2546 5338/1/2546
f 5332/1/2546 5333/1/2546 5340/1/2546 5339/1/2546
f 5333/1/2546 5334/1/2546 5341/1/2546 5340/1/2546
f 5334/1/2546 5335/1/2546 5342/1/2546 5341/1/2546
f 5335/1/2546 5336/1/2546 5343/1/2546 5342/1/2546
f 5336/1/2546 5337/1/2546 5344/1/2546 5343/1/2546
f 5338/1/2546 5339/1/2546 5346/1/2546 5345/1/2546
f 5339/1/2546 5340/1/2546 5347/1/2546 5346/1/2546
f 5340/1/2546 5341/1/2546 5348/1/2546 5347/1/2546
f 5341/1/2546 5342/1/2546 5349/1/2546 5348/1/2546
f 5342/1/2546 5343/1/2546 5350/1/2546 5349/1/2546
f 5343/1/2546 5344/1/2546 5351/1/2546 5350/1/2546
f 5345/1/2546 5346/1/2546 5353/1/2546 5352/1/2546
f 5346/1/2546 5347/1/2546 5354/1/2546 5353/1/2546
f 5347/1/2546 5348/1/2546 5355/1/2546 5354/1/2546
f 5348/1/2546 5349/1/2546 5356/1/2546 5355/1/2546
f 5349/1/2546 5350/1/2546 5357/1/2546 5356/1/2546
f 5350/1/2546 5351/1/2546 5358/1/2546 5357/1/2546
f 5352/1/2546 5353/1/2546 5360/1/2546 5359/1/2546
f 5353/1/2546 5354/1/2546 5361/1/2546 5360/1/2546
f 5354/1/2546 5355/1/2546 5362/1/2546 5361/1/2546
f 5355/1/2546 5356/1/2546 5363/1/2546 5362/1/2546
f 5356/1/2546 5357/1/2546 5364/1/2546 5363/1/2546
f 5357/1/2546 5358/1/2546 5365/1/2546 5364/1/2546
f 5359/1/2546 5360/1/2546 5367/1/2546 5366/1/2546
f 5360/1/2546 5361/1/2546 5368/1/2546 5367/1/2546
f 5361/1/2546 5362/1/2546 5369/1/2546 5368/1/2546
f 5362/1/2546 5363/1/2546 5370/1/2546 5369/1/2546
f 5363/1/2546 5364/1/2546 5371/1/2546 5370/1/2546
f 5364/1/2546 5365/1/2546 5372/1/2546 5371/1/2546
f 49/1/1552 893/1/1552 5324/1/2546 1291/1/2546
f 893/1/1552 894/1/1552 5325/1/2546 5324/1/2546
f 894/1/1552 895/1/1553 5326/1/2546 5325/1/2546
f 895/1/1553 896/1/1553 5327/1/2546 5326/1/2546
f 896/1/1553 897/1/1553 5328/1/2546 5327/1/2546
f 897/1/1553 898/1/2006 5329/1/2546 5328/1/2546
f 898/1/2006 899/1/2006 5330/1/2546 5329/1/2546
f 899/1/2006 51/1/2005 1278/1/2546 5330/1/2546
f 5330/1/2546 1278/1/2546 1279/1/2546 5337/1/2546
f 5337/1/2546 1279/1/2546 1280/1/2546 5344/1/2546
f 5344/1/2546 1280/1/2546 1281/1/2546 5351/1/2546
f 5351/1/2546 1281/1/2546 1282/1/2546 5358/1/2546
f 5358/1/2546 1282/1/2546 1283/1/2546 5365/1/2546
f 5365/1/2546 1283/1/2546 1284/1/2546 5372/1/2546
f 5372/1/2546 1284/1/2546 70/1/2546 1165/1/2546
f 5371/1/2546 5372/1/2546 1165/1/2546 1164/1/2546
f 5370/1/2546 5371/1/2546 1164/1/2546 1163/1/2546
f 5369/1/2546 5370/1/2546 1163/1/2546 1162/1/2546
f 5368/1/2546 5369/1/2546 1162/1/2546 1161/1/2546
f 5367/1/2546 5368/1/2546 1161/1/2546 1160/1/2546
f 5366/1/2546 5367/1/2546 1160/1/2546 1159/1/2546
f 1285/1/2546 5366/1/2546 1159/1/2546 68/1/2546
f 1286/1/2546 5359/1/2546 5366/1/2546 1285/1/2546
f 1287/1/2546 5352/1/2546 5359/1/2546 1286/1/2546
f 1288/1/2546 5345/1/2546 5352/1/2546 1287/1/2546
f 1289/1/2546 5338/1/2546 5345/1/2546 1288/1/2546
f 1290/1/2546 5331/1/2546 5338/1/2546 1289/1/2546
f 1291/1/2546 5324/1/2546 5331/1/2546 1290/1/2546
f 5373/1/2546 5374/1/2546 5381/1/2546 5380/1/2546
f 5374/1/2546 5375/1/2546 5382/1/2546 5381/1/2546
f 5375/1/2546 5376/1/2546 5383/1/2546 5382/1/2546
f 5376/1/2546 5377/1/2546 5384/1/2546 5383/1/2546
f 5377/1/2546 5378/1/2546 5385/1/2546 5384/1/2546
f 5378/1/2546 5379/1/2546 5386/1/2546 5385/1/2546
f 5380/1/2546 5381/1/2546 5388/1/2546 5387/1/2546
f 5381/1/2546 5382/1/2546 5389/1/2546 5388/1/2546
f 5382/1/2546 5383/1/2546 5390/1/2546 5389/1/2546
f 5383/1/2546 5384/1/2546 5391/1/2546 5390/1/2546
f 5384/1/2546 5385/1/2546 5392/1/2546 5391/1/2546
f 5385/1/2546 5386/1/2546 5393/1/2546 5392/1/2546
f 5387/1/2546 5388/1/2546 5395/1/2546 5394/1/2546
f 5388/1/2546 5389/1/2546 5396/1/2546 5395/1/2546
f 5389/1/2546 5390/1/2546 5397/1/2546 5396/1/2546
f 5390/1/2546 5391/1/2546 5398/1/2546 5397/1/2546
f 5391/1/2546 5392/1/2546 5399/1/2546 5398/1/2546
f 5392/1/2546 5393/1/2546 5400/1/2546 5399/1/2546
f 5394/1/2546 5395/1/2546 5402/1/2546 5401/1/2546
f 5395/1/2546 5396/1/2546 5403/1/2546 5402/1/2546
f 5396/1/2546 5397/1/2546 5404/1/2546 5403/1/2546
f 5397/1/2546 5398/1/2546 5405/1/2546 5404/1/2546
f 5398/1/2546 5399/1/2546 5406/1/2546 5405/1/2546
f 5399/1/2546 5400/1/2546 5407/1/2546 5406/1/2546
f 5401/1/2546 5402/1/2546 5409/1/2546 5408/1/2546
f 5402/1/2546 5403/1/2546 5410/1/2546 5409/1/2546
f 5403/1/2546 5404/1/2546 5411/1/2546 5410/1/2546
f 5404/1/2546 5405/1/2546 5412/1/2546 5411/1/2546
f 5405/1/2546 5406/1/2546 5413/1/2546 5412/1/2546
f 5406/1/2546 5407/1/2546 5414/1/2546 5413/1/2546
f 5408/1/2546 5409/1/2546 5416/1/2546 5415/1/2546
f 5409/1/2546 5410/1/2546 5417/1/2546 5416/1/2546
f 5410/1/2546 5411/1/2546 5418/1/2546 5417/1/2546
f 5411/1/2546 5412/1/2546 5419/1/2546 5418/1/2546
f 5412/1/2546 5413/1/2546 5420/1/2546 5419/1/2546
f 5413/1/2546 5414/1/2546 5421/1/2546 5420/1/2546
f 41/1/1856 844/1/1856 5373/1/2546 1250/1/2546
f 844/1/1856 845/1/1856 5374/1/2546 5373/1/2546
f 845/1/1856 846/1/2064 5375/1/2546 5374/1/2546
f 846/1/2064 847/1/2064 5376/1/2546 5375/1/2546
f 847/1/2064 848/1/2064 5377/1/2546 5376/1/2546
f 848/1/2064 849/1/2063 5378/1/2546 5377/1/2546
f 849/1/2063 850/1/2063 5379/1/2546 5378/1/2546
f 850/1/2063 42/1/2063 1292/1/2546 5379/1/2546
f 5379/1/2546 1292/1/2546 1293/1/2546 5386/1/2546
f 5386/1/2546 1293/1/2546 1294/1/2546 5393/1/2546
f 5393/1/2546 1294/1/2546 1295/1/2546 5400/1/2546
f 5400/1/2546 1295/1/2546 1296/1/2546 5407/1/2546
f 5407/1/2546 1296/1/2546 1297/1/2546 5414/1/2546
f 5414/1/2546 1297/1/2546 1298/1/2546 5421/1/2546
f 5421/1/2546 1298/1/2546 61/1/2546 1116/1/2546
f 5420/1/2546 5421/1/2546 1116/1/2546 1115/1/2546
f 5419/1/2546 5420/1/2546 1115/1/2546 1114/1/2546
f 5418/1/2546 5419/1/2546 1114/1/2546 1113/1/2546
f 5417/1/2546 5418/1/2546 1113/1/2546 1112/1/2546
f 5416/1/2546 5417/1/2546 1112/1/2546 1111/1/2546
f 5415/1/2546 5416/1/2546 1111/1/2546 1110/1/2546
f 1256/1/2546 5415/1/2546 1110/1/2546 60/1/2546
f 1255/1/2546 5408/1/2546 5415/1/2546 1256/1/2546
f 1254/1/2546 5401/1/2546 5408/1/2546 1255/1/2546
f 1253/1/2546 5394/1/2546 5401/1/2546 1254/1/2546
f 1252/1/2546 5387/1/2546 5394/1/2546 1253/1/2546
f 1251/1/2546 5380/1/2546 5387/1/2546 1252/1/2546
f 1250/1/2546 5373/1/2546 5380/1/2546 1251/1/2546
f 5422/1/2546 5423/1/2546 5430/1/2546 5429/1/2546
f 5423/1/2546 5424/1/2546 5431/1/2546 5430/1/2546
f 5424/1/2546 5425/1/2546 5432/1/2546 5431/1/2546
f 5425/1/2546 5426/1/2546 5433/1/2546 5432/1/2546
f 5426/1/2546 5427/1/2546 5434/1/2546 5433/1/2546
f 5427/1/2546 5428/1/2546 5435/1/2546 5434/1/2546
f 5429/1/2546 5430/1/2546 5437/1/2546 5436/1/2546
f 5430/1/2546 5431/1/2546 5438/1/2546 5437/1/2546
f 5431/1/2546 5432/1/2546 5439/1/2546 5438/1/2546
f 5432/1/2546 5433/1/2546 5440/1/2546 5439/1/2546
f 5433/1/2546 5434/1/2546 5441/1/2546 5440/1/2546
f 5434/1/2546 5435/1/2546 5442/1/2546 5441/1/2546
f 5436/1/2546 5437/1/2546 5444/1/2546 5443/1/2546
f 5437/1/2546 5438/1/2546 5445/1/2546 5444/1/2546
f 5438/1/2546 5439/1/2546 5446/1/2546 5445/1/2546
f 5439/1/2546 5440/1/2546 5447/1/2546 5446/1/2546
f 5440/1/2546 5441/1/2546 5448/1/2546 5447/1/2546
f 5441/1/2546 5442/1/2546 5449/1/2546 5448/1/2546
f 5443/1/2546 5444/1/2546 5451/1/2546 5450/1/2546
f 5444/1/2546 5445/1/2546 5452/1/2546 5451/1/2546
f 5445/1/2546 5446/1/2546 5453/1/2546 5452/1/2546
f 5446/1/2546 5447/1/2546 5454/1/2546 5453/1/2546
f 5447/1/2546 5448/1/2546 5455/1/2546 5454/1/2546
f 5448/1/2546 5449/1/2546 5456/1/2546 5455/1/2546
f 5450/1/2546 5451/1/2546 5458/1/2546 5457/1/2546
f 5451/1/2546 5452/1/2546 5459/1/2546 5458/1/2546
f 5452/1/2546 5453/1/2546 5460/1/2546 5459/1/2546
f 5453/1/2546 5454/1/2546 5461/1/2546 5460/1/2546
f 5454/1/2546 5455/1/2546 5462/1/2546 5461/1/2546
f 5455/1/2546 5456/1/2546 5463/1/2546 5462/1/2546
f 5457/1/2546 5458/1/2546 5465/1/2547 5464/1/2548
f 5458/1/2546 5459/1/2546 5466/1/2546 5465/1/2547
f 5459/1/2546 5460/1/2546 5467/1/2546 5466/1/2546
f 5460/1/2546 5461/1/2546 5468/1/2546 5467/1/2546
f 5461/1/2546 5462/1/2546 5469/1/2547 5468/1/2546
f 5462/1/2546 5463/1/2546 5470/1/2547 5469/1/2547
f 55/1/1795 955/1/1795 5422/1/2546 1312/1/2546
f 955/1/1795 954/1/2397 5423/1/2546 5422/1/2546
f 954/1/2397 953/1/2396 5424/1/2546 5423/1/2546
f 953/1/2396 952/1/2395 5425/1/2546 5424/1/2546
f 952/1/2395 951/1/2394 5426/1/2546 5425/1/2546
f 951/1/2394 950/1/2393 5427/1/2546 5426/1/2546
f 950/1/2393 949/1/2393 5428/1/2546 5427/1/2546
f 949/1/2393 54/1/1947 1299/1/2546 5428/1/2546
f 5428/1/2546 1299/1/2546 1300/1/2546 5435/1/2546
f 5435/1/2546 1300/1/2546 1301/1/2546 5442/1/2546
f 5442/1/2546 1301/1/2546 1302/1/2546 5449/1/2546
f 5449/1/2546 1302/1/2546 1303/1/2546 5456/1/2546
f 5456/1/2546 1303/1/2546 1304/1/2546 5463/1/2546
f 5463/1/2546 1304/1/2546 1305/1/2546 5470/1/2547
f 5470/1/2547 1305/1/2546 73/1/2546 1215/1/2546
f 5469/1/2547 5470/1/2547 1215/1/2546 1216/1/2546
f 5468/1/2546 5469/1/2547 1216/1/2546 1217/1/2546
f 5467/1/2546 5468/1/2546 1217/1/2546 1218/1/2546
f 5466/1/2546 5467/1/2546 1218/1/2546 1219/1/2546
f 5465/1/2547 5466/1/2546 1219/1/2546 1220/1/2546
f 5464/1/2548 5465/1/2547 1220/1/2546 1221/1/2546
f 1306/1/2546 5464/1/2548 1221/1/2546 74/1/2548
f 1307/1/2546 5457/1/2546 5464/1/2548 1306/1/2546
f 1308/1/2546 5450/1/2546 5457/1/2546 1307/1/2546
f 1309/1/2546 5443/1/2546 5450/1/2546 1308/1/2546
f 1310/1/2546 5436/1/2546 5443/1/2546 1309/1/2546
f 1311/1/2546 5429/1/2546 5436/1/2546 1310/1/2546
f 1312/1/2546 5422/1/2546 5429/1/2546 1311/1/2546
f 5471/1/2546 5472/1/2546 5479/1/2546 5478/1/2546
f 5472/1/2546 5473/1/2546 5480/1/2546 5479/1/2546
f 5473/1/2546 5474/1/2546 5481/1/2546 5480/1/2546
f 5474/1/2546 5475/1/2546 5482/1/2546 5481/1/2546
f 5475/1/2546 5476/1/2546 5483/1/2546 5482/1/2546
f 5476/1/2546 5477/1/2546 5484/1/2546 5483/1/2546
f 5478/1/2546 5479/1/2546 5486/1/2546 5485/1/2546
f 5479/1/2546 5480/1/2546 5487/1/2546 5486/1/2546
f 5480/1/2546 5481/1/2546 5488/1/2546 5487/1/2546
f 5481/1/2546 5482/1/2546 5489/1/2546 5488/1/2546
f 5482/1/2546 5483/1/2546 5490/1/2546 5489/1/2546
f 5483/1/2546 5484/1/2546 5491/1/2546 5490/1/2546
f 5485/1/2546 5486/1/2546 5493/1/2546 5492/1/2546
f 5486/1/2546 5487/1/2546 5494/1/2546 5493/1/2546
f 5487/1/2546 5488/1/2546 5495/1/2546 5494/1/2546
f 5488/1/2546 5489/1/2546 5496/1/2546 5495/1/2546
f 5489/1/2546 5490/1/2546 5497/1/2546 5496/1/2546
f 5490/1/2546 5491/1/2546 5498/1/2546 5497/1/2546
f 5492/1/2546 5493/1/2546 5500/1/2546 5499/1/2546
f 5493/1/2546 5494/1/2546 5501/1/2546 5500/1/2546
f 5494/1/2546 5495/1/2546 5502/1/2546 5501/1/2546
f 5495/1/2546 5496/1/2546 5503/1/2546 5502/1/2546
f 5496/1/2546 5497/1/2546 5504/1/2546 5503/1/2546
f 5497/1/2546 5498/1/2546 5505/1/2546 5504/1/2546
f 5499/1/2546 5500/1/2546 5507/1/2546 5506/1/2546
f 5500/1/2546 5501/1/2546 5508/1/2546 5507/1/2546
f 5501/1/2546 5502/1/2546 5509/1/2546 5508/1/2546
f 5502/1/2546 5503/1/2546 5510/1/2546 5509/1/2546
f 5503/1/2546 5504/1/2546 5511/1/2546 5510/1/2546
f 5504/1/2546 5505/1/2546 5512/1/2546 5511/1/2546
f 5506/1/2546 5507/1/2546 5514/1/2546 5513/1/2546
f 5507/1/2546 5508/1/2546 5515/1/2546 5514/1/2546
f 5508/1/2546 5509/1/2546 5516/1/2546 5515/1/2546
f 5509/1/2546 5510/1/2546 5517/1/2546 5516/1/2546
f 5510/1/2546 5511/1/2546 5518/1/2546 5517/1/2546
f 5511/1/2546 5512/1/2546 5519/1/2546 5518/1/2546
f 51/1/2005 900/1/2124 5471/1/2546 1278/1/2546
f 900/1/2124 901/1/2124 5472/1/2546 5471/1/2546
f 901/1/2124 902/1/2123 5473/1/2546 5472/1/2546
f 902/1/2123 903/1/2123 5474/1/2546 5473/1/2546
f 903/1/2123 904/1/2123 5475/1/2546 5474/1/2546
f 904/1/2123 905/1/2122 5476/1/2546 5475/1/2546
f 905/1/2122 906/1/2121 5477/1/2546 5476/1/2546
f 906/1/2121 52/1/2121 1313/1/2546 5477/1/2546
f 5477/1/2546 1313/1/2546 1314/1/2546 5484/1/2546
f 5484/1/2546 1314/1/2546 1315/1/2546 5491/1/2546
f 5491/1/2546 1315/1/2546 1316/1/2546 5498/1/2546
f 5498/1/2546 1316/1/2546 1317/1/2546 5505/1/2546
f 5505/1/2546 1317/1/2546 1318/1/2546 5512/1/2546
f 5512/1/2546 1318/1/2546 1319/1/2546 5519/1/2546
f 5519/1/2546 1319/1/2546 71/1/2546 1172/1/2546
f 5518/1/2546 5519/1/2546 1172/1/2546 1171/1/2546
f 5517/1/2546 5518/1/2546 1171/1/2546 1170/1/2546
f 5516/1/2546 5517/1/2546 1170/1/2546 1169/1/2546
f 5515/1/2546 5516/1/2546 1169/1/2546 1168/1/2546
f 5514/1/2546 5515/1/2546 1168/1/2546 1167/1/2546
f 5513/1/2546 5514/1/2546 1167/1/2546 1166/1/2546
f 1284/1/2546 5513/1/2546 1166/1/2546 70/1/2546
f 1283/1/2546 5506/1/2546 5513/1/2546 1284/1/2546
f 1282/1/2546 5499/1/2546 5506/1/2546 1283/1/2546
f 1281/1/2546 5492/1/2546 5499/1/2546 1282/1/2546
f 1280/1/2546 5485/1/2546 5492/1/2546 1281/1/2546
f 1279/1/2546 5478/1/2546 5485/1/2546 1280/1/2546
f 1278/1/2546 5471/1/2546 5478/1/2546 1279/1/2546
f 5520/1/2546 5521/1/2546 5528/1/2546 5527/1/2546
f 5521/1/2546 5522/1/2546 5529/1/2546 5528/1/2546
f 5522/1/2546 5523/1/2546 5530/1/2546 5529/1/2546
f 5523/1/2546 5524/1/2546 5531/1/2546 5530/1/2546
f 5524/1/2546 5525/1/2546 5532/1/2546 5531/1/2546
f 5525/1/2546 5526/1/2546 5533/1/2546 5532/1/2546
f 5527/1/2546 5528/1/2546 5535/1/2546 5534/1/2546
f 5528/1/2546 5529/1/2546 5536/1/2546 5535/1/2546
f 5529/1/2546 5530/1/2546 5537/1/2546 5536/1/2546
f 5530/1/2546 5531/1/2546 5538/1/2546 5537/1/2546
f 5531/1/2546 5532/1/2546 5539/1/2546 5538/1/2546
f 5532/1/2546 5533/1/2546 5540/1/2546 5539/1/2546
f 5534/1/2546 5535/1/2546 5542/1/2546 5541/1/2546
f 5535/1/2546 5536/1/2546 5543/1/2546 5542/1/2546
f 5536/1/2546 5537/1/2546 5544/1/2546 5543/1/2546
f 5537/1/2546 5538/1/2546 5545/1/2546 5544/1/2546
f 5538/1/2546 5539/1/2546 5546/1/2546 5545/1/2546
f 5539/1/2546 5540/1/2546 5547/1/2546 5546/1/2546
f 5541/1/2546 5542/1/2546 5549/1/2546 5548/1/2546
f 5542/1/2546 5543/1/2546 5550/1/2546 5549/1/2546
f 5543/1/2546 5544/1/2546 5551/1/2546 5550/1/2546
f 5544/1/2546 5545/1/2546 5552/1/2546 5551/1/2546
f 5545/1/2546 5546/1/2546 5553/1/2546 5552/1/2546
f 5546/1/2546 5547/1/2546 5554/1/2546 5553/1/2546
f 5548/1/2546 5549/1/2546 5556/1/2546 5555/1/2546
f 5549/1/2546 5550/1/2546 5557/1/2546 5556/1/2546
f 5550/1/2546 5551/1/2546 5558/1/2546 5557/1/2546
f 5551/1/2546 5552/1/2546 5559/1/2546 5558/1/2546
f 5552/1/2546 5553/1/2546 5560/1/2546 5559/1/2546
f 5553/1/2546 5554/1/2546 5561/1/2546 5560/1/2546
f 5555/1/2546 5556/1/2546 5563/1/2546 5562/1/2546
f 5556/1/2546 5557/1/2546 5564/1/2546 5563/1/2546
f 5557/1/2546 5558/1/2546 5565/1/2546 5564/1/2546
f 5558/1/2546 5559/1/2546 5566/1/2546 5565/1/2546
f 5559/1/2546 5560/1/2546 5567/1/2546 5566/1/2546
f 5560/1/2546 5561/1/2546 5568/1/2546 5567/1/2546
f 42/1/2063 851/1/2063 5520/1/2546 1292/1/2546
f 851/1/2063 852/1/2063 5521/1/2546 5520/1/2546
f 852/1/2063 853/1/2182 5522/1/2546 5521/1/2546
f 853/1/2182 854/1/2182 5523/1/2546 5522/1/2546
f 854/1/2182 855/1/2182 5524/1/2546 5523/1/2546
f 855/1/2182 856/1/2181 5525/1/2546 5524/1/2546
f 856/1/2181 857/1/2181 5526/1/2546 5525/1/2546
f 857/1/2181 43/1/2181 1320/1/2546 5526/1/2546
f 5526/1/2546 1320/1/2546 1321/1/2546 5533/1/2546
f 5533/1/2546 1321/1/2546 1322/1/2546 5540/1/2546
f 5540/1/2546 1322/1/2546 1323/1/2546 5547/1/2546
f 5547/1/2546 1323/1/2546 1324/1/2546 5554/1/2546
f 5554/1/2546 1324/1/2546 1325/1/2546 5561/1/2546
f 5561/1/2546 1325/1/2546 1326/1/2546 5568/1/2546
f 5568/1/2546 1326/1/2546 62/1/2546 1123/1/2546
f 5567/1/2546 5568/1/2546 1123/1/2546 1122/1/2546
f 5566/1/2546 5567/1/2546 1122/1/2546 1121/1/2546
f 5565/1/2546 5566/1/2546 1121/1/2546 1120/1/2546
f 5564/1/2546 5565/1/2546 1120/1/2546 1119/1/2546
f 5563/1/2546 5564/1/2546 1119/1/2546 1118/1/2546
f 5562/1/2546 5563/1/2546 1118/1/2546 1117/1/2546
f 1298/1/2546 5562/1/2546 1117/1/2546 61/1/2546
f 1297/1/2546 5555/1/2546 5562/1/2546 1298/1/2546
f 1296/1/2546 5548/1/2546 5555/1/2546 1297/1/2546
f 1295/1/2546 5541/1/2546 5548/1/2546 1296/1/2546
f 1294/1/2546 5534/1/2546 5541/1/2546 1295/1/2546
f 1293/1/2546 5527/1/2546 5534/1/2546 1294/1/2546
f 1292/1/2546 5520/1/2546 5527/1/2546 1293/1/2546
f 5569/1/2546 5570/1/2546 5577/1/2546 5576/1/2546
f 5570/1/2546 5571/1/2546 5578/1/2546 5577/1/2546
f 5571/1/2546 5572/1/2546 5579/1/2546 5578/1/2546
f 5572/1/2546 5573/1/2546 5580/1/2546 5579/1/2546
f 5573/1/2546 5574/1/2546 5581/1/2546 5580/1/2546
f 5574/1/2546 5575/1/2546 5582/1/2546 5581/1/2546
f 5576/1/2546 5577/1/2546 5584/1/2546 5583/1/2546
f 5577/1/2546 5578/1/2546 5585/1/2546 5584/1/2546
f 5578/1/2546 5579/1/2546 5586/1/2546 5585/1/2546
f 5579/1/2546 5580/1/2546 5587/1/2546 5586/1/2546
f 5580/1/2546 5581/1/2546 5588/1/2546 5587/1/2546
f 5581/1/2546 5582/1/2546 5589/1/2546 5588/1/2546
f 5583/1/2546 5584/1/2546 5591/1/2546 5590/1/2546
f 5584/1/2546 5585/1/2546 5592/1/2546 5591/1/2546
f 5585/1/2546 5586/1/2546 5593/1/2546 5592/1/2546
f 5586/1/2546 5587/1/2546 5594/1/2546 5593/1/2546
f 5587/1/2546 5588/1/2546 5595/1/2546 5594/1/2546
f 5588/1/2546 5589/1/2546 5596/1/2546 5595/1/2546
f 5590/1/2546 5591/1/2546 5598/1/2546 5597/1/2546
f 5591/1/2546 5592/1/2546 5599/1/2546 5598/1/2546
f 5592/1/2546 5593/1/2546 5600/1/2546 5599/1/2546
f 5593/1/2546 5594/1/2546 5601/1/2546 5600/1/2546
f 5594/1/2546 5595/1/2546 5602/1/2546 5601/1/2546
f 5595/1/2546 5596/1/2546 5603/1/2546 5602/1/2546
f 5597/1/2546 5598/1/2546 5605/1/2546 5604/1/2546
f 5598/1/2546 5599/1/2546 5606/1/2546 5605/1/2546
f 5599/1/2546 5600/1/2546 5607/1/2546 5606/1/2546
f 5600/1/2546 5601/1/2546 5608/1/2546 5607/1/2546
f 5601/1/2546 5602/1/2546 5609/1/2546 5608/1/2546
f 5602/1/2546 5603/1/2546 5610/1/2546 5609/1/2546
f 5604/1/2546 5605/1/2546 5612/1/2546 5611/1/2548
f 5605/1/2546 5606/1/2546 5613/1/2546 5612/1/2546
f 5606/1/2546 5607/1/2546 5614/1/2546 5613/1/2546
f 5607/1/2546 5608/1/2546 5615/1/2546 5614/1/2546
f 5608/1/2546 5609/1/2546 5616/1/2546 5615/1/2546
f 5609/1/2546 5610/1/2546 5617/1/2546 5616/1/2546
f 54/1/1947 956/1/1740 5569/1/2546 1299/1/2546
f 956/1/1740 957/1/1682 5570/1/2546 5569/1/2546
f 957/1/1682 958/1/1682 5571/1/2546 5570/1/2546
f 958/1/1682 959/1/1682 5572/1/2546 5571/1/2546
f 959/1/1682 960/1/1682 5573/1/2546 5572/1/2546
f 960/1/1682 961/1/1682 5574/1/2546 5573/1/2546
f 961/1/1682 962/1/1682 5575/1/2546 5574/1/2546
f 962/1/1682 56/1/1682 1327/1/2546 5575/1/2546
f 5575/1/2546 1327/1/2546 1328/1/2546 5582/1/2546
f 5582/1/2546 1328/1/2546 1329/1/2546 5589/1/2546
f 5589/1/2546 1329/1/2546 1330/1/2546 5596/1/2546
f 5596/1/2546 1330/1/2546 1331/1/2546 5603/1/2546
f 5603/1/2546 1331/1/2546 1332/1/2546 5610/1/2546
f 5610/1/2546 1332/1/2546 1333/1/2546 5617/1/2546
f 5617/1/2546 1333/1/2546 75/1/2546 1228/1/2546
f 5616/1/2546 5617/1/2546 1228/1/2546 1227/1/2546
f 5615/1/2546 5616/1/2546 1227/1/2546 1226/1/2546
f 5614/1/2546 5615/1/2546 1226/1/2546 1225/1/2546
f 5613/1/2546 5614/1/2546 1225/1/2546 1224/1/2546
f 5612/1/2546 5613/1/2546 1224/1/2546 1223/1/2546
f 5611/1/2548 5612/1/2546 1223/1/2546 1222/1/2548
f 1305/1/2546 5611/1/2548 1222/1/2548 73/1/2546
f 1304/1/2546 5604/1/2546 5611/1/2548 1305/1/2546
f 1303/1/2546 5597/1/2546 5604/1/2546 1304/1/2546
f 1302/1/2546 5590/1/2546 5597/1/2546 1303/1/2546
f 1301/1/2546 5583/1/2546 5590/1/2546 1302/1/2546
f 1300/1/2546 5576/1/2546 5583/1/2546 1301/1/2546
f 1299/1/2546 5569/1/2546 5576/1/2546 1300/1/2546
f 5618/1/2546 5619/1/2546 5626/1/2546 5625/1/2546
f 5619/1/2546 5620/1/2546 5627/1/2546 5626/1/2546
f 5620/1/2546 5621/1/2546 5628/1/2546 5627/1/2546
f 5621/1/2546 5622/1/2546 5629/1/2546 5628/1/2546
f 5622/1/2546 5623/1/2546 5630/1/2546 5629/1/2546
f 5623/1/2546 5624/1/2546 5631/1/2546 5630/1/2546
f 5625/1/2546 5626/1/2546 5633/1/2546 5632/1/2546
f 5626/1/2546 5627/1/2546 5634/1/2546 5633/1/2546
f 5627/1/2546 5628/1/2546 5635/1/2546 5634/1/2546
f 5628/1/2546 5629/1/2546 5636/1/2546 5635/1/2546
f 5629/1/2546 5630/1/2546 5637/1/2546 5636/1/2546
f 5630/1/2546 5631/1/2546 5638/1/2546 5637/1/2546
f 5632/1/2546 5633/1/2546 5640/1/2546 5639/1/2546
f 5633/1/2546 5634/1/2546 5641/1/2546 5640/1/2546
f 5634/1/2546 5635/1/2546 5642/1/2546 5641/1/2546
f 5635/1/2546 5636/1/2546 5643/1/2546 5642/1/2546
f 5636/1/2546 5637/1/2546 5644/1/2546 5643/1/2546
f 5637/1/2546 5638/1/2546 5645/1/2546 5644/1/2546
f 5639/1/2546 5640/1/2546 5647/1/2546 5646/1/2546
f 5640/1/2546 5641/1/2546 5648/1/2546 5647/1/2546
f 5641/1/2546 5642/1/2546 5649/1/2546 5648/1/2546
f 5642/1/2546 5643/1/2546 5650/1/2546 5649/1/2546
f 5643/1/2546 5644/1/2546 5651/1/2546 5650/1/2546
f 5644/1/2546 5645/1/2546 5652/1/2546 5651/1/2546
f 5646/1/2546 5647/1/2546 5654/1/2546 5653/1/2546
f 5647/1/2546 5648/1/2546 5655/1/2546 5654/1/2546
f 5648/1/2546 5649/1/2546 5656/1/2546 5655/1/2546
f 5649/1/2546 5650/1/2546 5657/1/2546 5656/1/2546
f 5650/1/2546 5651/1/2546 5658/1/2546 5657/1/2546
f 5651/1/2546 5652/1/2546 5659/1/2546 5658/1/2546
f 5653/1/2546 5654/1/2546 5661/1/2546 5660/1/2546
f 5654/1/2546 5655/1/2546 5662/1/2546 5661/1/2546
f 5655/1/2546 5656/1/2546 5663/1/2546 5662/1/2546
f 5656/1/2546 5657/1/2546 5664/1/2546 5663/1/2546
f 5657/1/2546 5658/1/2546 5665/1/2546 5664/1/2546
f 5658/1/2546 5659/1/2546 5666/1/2546 5665/1/2546
f 52/1/2121 907/1/2121 5618/1/2546 1313/1/2546
f 907/1/2121 908/1/2241 5619/1/2546 5618/1/2546
f 908/1/2241 909/1/2240 5620/1/2546 5619/1/2546
f 909/1/2240 910/1/2239 5621/1/2546 5620/1/2546
f 910/1/2239 911/1/2239 5622/1/2546 5621/1/2546
f 911/1/2239 912/1/1620 5623/1/2546 5622/1/2546
f 912/1/1620 913/1/1621 5624/1/2546 5623/1/2546
f 913/1/1621 53/1/1623 1334/1/2546 5624/1/2546
f 5624/1/2546 1334/1/2546 1335/1/2546 5631/1/2546
f 5631/1/2546 1335/1/2546 1336/1/2546 5638/1/2546
f 5638/1/2546 1336/1/2546 1337/1/2546 5645/1/2546
f 5645/1/2546 1337/1/2546 1338/1/2546 5652/1/2546
f 5652/1/2546 1338/1/2546 1339/1/2546 5659/1/2546
f 5659/1/2546 1339/1/2546 1340/1/2546 5666/1/2546
f 5666/1/2546 1340/1/2546 72/1/2546 1179/1/2546
f 5665/1/2546 5666/1/2546 1179/1/2546 1178/1/2546
f 5664/1/2546 5665/1/2546 1178/1/2546 1177/1/2546
f 5663/1/2546 5664/1/2546 1177/1/2546 1176/1/2546
f 5662/1/2546 5663/1/2546 1176/1/2546 1175/1/2546
f 5661/1/2546 5662/1/2546 1175/1/2546 1174/1/2546
f 5660/1/2546 5661/1/2546 1174/1/2546 1173/1/2546
f 1319/1/2546 5660/1/2546 1173/1/2546 71/1/2546
f 1318/1/2546 5653/1/2546 5660/1/2546 1319/1/2546
f 1317/1/2546 5646/1/2546 5653/1/2546 1318/1/2546
f 1316/1/2546 5639/1/2546 5646/1/2546 1317/1/2546
f 1315/1/2546 5632/1/2546 5639/1/2546 1316/1/2546
f 1314/1/2546 5625/1/2546 5632/1/2546 1315/1/2546
f 1313/1/2546 5618/1/2546 5625/1/2546 1314/1/2546
f 5667/1/2546 5668/1/2546 5675/1/2546 5674/1/2546
f 5668/1/2546 5669/1/2546 5676/1/2546 5675/1/2546
f 5669/1/2546 5670/1/2546 5677/1/2546 5676/1/2546
f 5670/1/2546 5671/1/2546 5678/1/2546 5677/1/2546
f 5671/1/2546 5672/1/2546 5679/1/2546 5678/1/2546
f 5672/1/2546 5673/1/2546 5680/1/2546 5679/1/2546
f 5674/1/2546 5675/1/2546 5682/1/2546 5681/1/2546
f 5675/1/2546 5676/1/2546 5683/1/2546 5682/1/2546
f 5676/1/2546 5677/1/2546 5684/1/2546 5683/1/2546
f 5677/1/2546 5678/1/2546 5685/1/2546 5684/1/2546
f 5678/1/2546 5679/1/2546 5686/1/2546 5685/1/2546
f 5679/1/2546 5680/1/2546 5687/1/2546 5686/1/2546
f 5681/1/2546 5682/1/2546 5689/1/2546 5688/1/2546
f 5682/1/2546 5683/1/2546 5690/1/2546 5689/1/2546
f 5683/1/2546 5684/1/2546 5691/1/2546 5690/1/2546
f 5684/1/2546 5685/1/2546 5692/1/2546 5691/1/2546
f 5685/1/2546 5686/1/2546 5693/1/2546 5692/1/2546
f 5686/1/2546 5687/1/2546 5694/1/2546 5693/1/2546
f 5688/1/2546 5689/1/2546 5696/1/2546 5695/1/2546
f 5689/1/2546 5690/1/2546 5697/1/2546 5696/1/2546
f 5690/1/2546 5691/1/2546 5698/1/2546 5697/1/2546
f 5691/1/2546 5692/1/2546 5699/1/2546 5698/1/2546
f 5692/1/2546 5693/1/2546 5700/1/2546 5699/1/2546
f 5693/1/2546 5694/1/2546 5701/1/2546 5700/1/2546
f 5695/1/2546 5696/1/2546 5703/1/2546 5702/1/2546
f 5696/1/2546 5697/1/2546 5704/1/2546 5703/1/2546
f 5697/1/2546 5698/1/2546 5705/1/2546 5704/1/2546
f 5698/1/2546 5699/1/2546 5706/1/2546 5705/1/2546
f 5699/1/2546 5700/1/2546 5707/1/2546 5706/1/2546
f 5700/1/2546 5701/1/2546 5708/1/2546 5707/1/2546
f 5702/1/2546 5703/1/2546 5710/1/2546 5709/1/2546
f 5703/1/2546 5704/1/2546 5711/1/2546 5710/1/2546
f 5704/1/2546 5705/1/2546 5712/1/2546 5711/1/2546
f 5705/1/2546 5706/1/2546 5713/1/2546 5712/1/2546
f 5706/1/2546 5707/1/2546 5714/1/2546 5713/1/2546
f 5707/1/2546 5708/1/2546 5715/1/2546 5714/1/2546
f 43/1/2181 858/1/2289 5667/1/2546 1320/1/2546
f 858/1/2289 859/1/1553 5668/1/2546 5667/1/2546
f 859/1/1553 860/1/1553 5669/1/2546 5668/1/2546
f 860/1/1553 861/1/1553 5670/1/2546 5669/1/2546
f 861/1/1553 862/1/1553 5671/1/2546 5670/1/2546
f 862/1/1553 863/1/1553 5672/1/2546 5671/1/2546
f 863/1/1553 864/1/1553 5673/1/2546 5672/1/2546
f 864/1/1553 40/1/1553 1341/1/2546 5673/1/2546
f 5673/1/2546 1341/1/2546 1342/1/2546 5680/1/2546
f 5680/1/2546 1342/1/2546 1343/1/2546 5687/1/2546
f 5687/1/2546 1343/1/2546 1344/1/2546 5694/1/2546
f 5694/1/2546 1344/1/2546 1345/1/2546 5701/1/2546
f 5701/1/2546 1345/1/2546 1346/1/2546 5708/1/2546
f 5708/1/2546 1346/1/2546 1347/1/2546 5715/1/2546
f 5715/1/2546 1347/1/2546 59/1/2546 1130/1/2546
f 5714/1/2546 5715/1/2546 1130/1/2546 1129/1/2546
f 5713/1/2546 5714/1/2546 1129/1/2546 1128/1/2546
f 5712/1/2546 5713/1/2546 1128/1/2546 1127/1/2546
f 5711/1/2546 5712/1/2546 1127/1/2546 1126/1/2546
f 5710/1/2546 5711/1/2546 1126/1/2546 1125/1/2546
f 5709/1/2546 5710/1/2546 1125/1/2546 1124/1/2546
f 1326/1/2546 5709/1/2546 1124/1/2546 62/1/2546
f 1325/1/2546 5702/1/2546 5709/1/2546 1326/1/2546
f 1324/1/2546 5695/1/2546 5702/1/2546 1325/1/2546
f 1323/1/2546 5688/1/2546 5695/1/2546 1324/1/2546
f 1322/1/2546 5681/1/2546 5688/1/2546 1323/1/2546
f 1321/1/2546 5674/1/2546 5681/1/2546 1322/1/2546
f 1320/1/2546 5667/1/2546 5674/1/2546 1321/1/2546
f 5716/1/2546 5717/1/2546 5724/1/2546 5723/1/2546
f 5717/1/2546 5718/1/2546 5725/1/2546 5724/1/2546
f 5718/1/2546 5719/1/2546 5726/1/2546 5725/1/2546
f 5719/1/2546 5720/1/2546 5727/1/2546 5726/1/2546
f 5720/1/2546 5721/1/2546 5728/1/2546 5727/1/2546
f 5721/1/2546 5722/1/2546 5729/1/2546 5728/1/2546
f 5723/1/2546 5724/1/2546 5731/1/2546 5730/1/2546
f 5724/1/2546 5725/1/2546 5732/1/2546 5731/1/2546
f 5725/1/2546 5726/1/2546 5733/1/2546 5732/1/2546
f 5726/1/2546 5727/1/2546 5734/1/2546 5733/1/2546
f 5727/1/2546 5728/1/2546 5735/1/2546 5734/1/2546
f 5728/1/2546 5729/1/2546 5736/1/2546 5735/1/2546
f 5730/1/2546 5731/1/2546 5738/1/2546 5737/1/2546
f 5731/1/2546 5732/1/2546 5739/1/2546 5738/1/2546
f 5732/1/2546 5733/1/2546 5740/1/2546 5739/1/2546
f 5733/1/2546 5734/1/2546 5741/1/2546 5740/1/2546
f 5734/1/2546 5735/1/2546 5742/1/2546 5741/1/2546
f 5735/1/2546 5736/1/2546 5743/1/2546 5742/1/2546
f 5737/1/2546 5738/1/2546 5745/1/2546 5744/1/2546
f 5738/1/2546 5739/1/2546 5746/1/2546 5745/1/2546
f 5739/1/2546 5740/1/2546 5747/1/2546 5746/1/2546
f 5740/1/2546 5741/1/2546 5748/1/2546 5747/1/2546
f 5741/1/2546 5742/1/2546 5749/1/2546 5748/1/2546
f 5742/1/2546 5743/1/2546 5750/1/2546 5749/1/2546
f 5744/1/2546 5745/1/2546 5752/1/2546 5751/1/2546
f 5745/1/2546 5746/1/2546 5753/1/2546 5752/1/2546
f 5746/1/2546 5747/1/2546 5754/1/2546 5753/1/2546
f 5747/1/2546 5748/1/2546 5755/1/2546 5754/1/2546
f 5748/1/2546 5749/1/2546 5756/1/2546 5755/1/2546
f 5749/1/2546 5750/1/2546 5757/1/2546 5756/1/2546
f 5751/1/2546 5752/1/2546 5759/1/2546 5758/1/2546
f 5752/1/2546 5753/1/2546 5760/1/2546 5759/1/2546
f 5753/1/2546 5754/1/2546 5761/1/2546 5760/1/2546
f 5754/1/2546 5755/1/2546 5762/1/2546 5761/1/2546
f 5755/1/2546 5756/1/2546 5763/1/2546 5762/1/2546
f 5756/1/2546 5757/1/2546 5764/1/2546 5763/1/2546
f 57/1/1797 969/1/1797 5716/1/2546 1264/1/2546
f 969/1/1797 968/1/1797 5717/1/2546 5716/1/2546
f 968/1/1797 967/1/1797 5718/1/2546 5717/1/2546
f 967/1/1797 966/1/1797 5719/1/2546 5718/1/2546
f 966/1/1797 965/1/1797 5720/1/2546 5719/1/2546
f 965/1/1797 964/1/1797 5721/1/2546 5720/1/2546
f 964/1/1797 963/1/1796 5722/1/2546 5721/1/2546
f 963/1/1796 55/1/1795 1312/1/2546 5722/1/2546
f 5722/1/2546 1312/1/2546 1311/1/2546 5729/1/2546
f 5729/1/2546 1311/1/2546 1310/1/2546 5736/1/2546
f 5736/1/2546 1310/1/2546 1309/1/2546 5743/1/2546
f 5743/1/2546 1309/1/2546 1308/1/2546 5750/1/2546
f 5750/1/2546 1308/1/2546 1307/1/2546 5757/1/2546
f 5757/1/2546 1307/1/2546 1306/1/2546 5764/1/2546
f 5764/1/2546 1306/1/2546 74/1/2548 1229/1/2548
f 5763/1/2546 5764/1/2546 1229/1/2548 1230/1/2546
f 5762/1/2546 5763/1/2546 1230/1/2546 1231/1/2546
f 5761/1/2546 5762/1/2546 1231/1/2546 1232/1/2546
f 5760/1/2546 5761/1/2546 1232/1/2546 1233/1/2546
f 5759/1/2546 5760/1/2546 1233/1/2546 1234/1/2546
f 5758/1/2546 5759/1/2546 1234/1/2546 1235/1/2546
f 1270/1/2546 5758/1/2546 1235/1/2546 76/1/2546
f 1269/1/2546 5751/1/2546 5758/1/2546 1270/1/2546
f 1268/1/2546 5744/1/2546 5751/1/2546 1269/1/2546
f 1267/1/2546 5737/1/2546 5744/1/2546 1268/1/2546
f 1266/1/2546 5730/1/2546 5737/1/2546 1267/1/2546
f 1265/1/2546 5723/1/2546 5730/1/2546 1266/1/2546
f 1264/1/2546 5716/1/2546 5723/1/2546 1265/1/2546
f 5765/1/2546 5766/1/2546 5773/1/2546 5772/1/2546
f 5766/1/2546 5767/1/2546 5774/1/2546 5773/1/2546
f 5767/1/2546 5768/1/2546 5775/1/2546 5774/1/2546
f 5768/1/2546 5769/1/2546 5776/1/2546 5775/1/2546
f 5769/1/2546 5770/1/2546 5777/1/2546 5776/1/2546
f 5770/1/2546 5771/1/2546 5778/1/2546 5777/1/2546
f 5772/1/2546 5773/1/2546 5780/1/2546 5779/1/2546
f 5773/1/2546 5774/1/2546 5781/1/2546 5780/1/2546
f 5774/1/2546 5775/1/2546 5782/1/2546 5781/1/2546
f 5775/1/2546 5776/1/2546 5783/1/2546 5782/1/2546
f 5776/1/2546 5777/1/2546 5784/1/2546 5783/1/2546
f 5777/1/2546 5778/1/2546 5785/1/2546 5784/1/2546
f 5779/1/2546 5780/1/2546 5787/1/2546 5786/1/2546
f 5780/1/2546 5781/1/2546 5788/1/2546 5787/1/2546
f 5781/1/2546 5782/1/2546 5789/1/2546 5788/1/2546
f 5782/1/2546 5783/1/2546 5790/1/2546 5789/1/2546
f 5783/1/2546 5784/1/2546 5791/1/2546 5790/1/2546
f 5784/1/2546 5785/1/2546 5792/1/2546 5791/1/2546
f 5786/1/2546 5787/1/2546 5794/1/2546 5793/1/2546
f 5787/1/2546 5788/1/2546 5795/1/2546 5794/1/2546
f 5788/1/2546 5789/1/2546 5796/1/2546 5795/1/2546
f 5789/1/2546 5790/1/2546 5797/1/2546 5796/1/2546
f 5790/1/2546 5791/1/2546 5798/1/2546 5797/1/2546
f 5791/1/2546 5792/1/2546 5799/1/2546 5798/1/2546
f 5793/1/2546 5794/1/2546 5801/1/2546 5800/1/2546
f 5794/1/2546 5795/1/2546 5802/1/2546 5801/1/2546
f 5795/1/2546 5796/1/2546 5803/1/2546 5802/1/2546
f 5796/1/2546 5797/1/2546 5804/1/2546 5803/1/2546
f 5797/1/2546 5798/1/2546 5805/1/2546 5804/1/2546
f 5798/1/2546 5799/1/2546 5806/1/2546 5805/1/2546
f 5800/1/2546 5801/1/2546 5808/1/2546 5807/1/2546
f 5801/1/2546 5802/1/2546 5809/1/2546 5808/1/2546
f 5802/1/2546 5803/1/2546 5810/1/2546 5809/1/2546
f 5803/1/2546 5804/1/2546 5811/1/2546 5810/1/2546
f 5804/1/2546 5805/1/2546 5812/1/2546 5811/1/2546
f 5805/1/2546 5806/1/2546 5813/1/2546 5812/1/2546
f 53/1/1623 914/1/2343 5765/1/2546 1334/1/2546
f 914/1/2343 915/1/2342 5766/1/2546 5765/1/2546
f 915/1/2342 916/1/2341 5767/1/2546 5766/1/2546
f 916/1/2341 917/1/2340 5768/1/2546 5767/1/2546
f 917/1/2340 918/1/2339 5769/1/2546 5768/1/2546
f 918/1/2339 919/1/1796 5770/1/2546 5769/1/2546
f 919/1/1796 920/1/1797 5771/1/2546 5770/1/2546
f 920/1/1797 50/1/1797 1277/1/2546 5771/1/2546
f 5771/1/2546 1277/1/2546 1276/1/2546 5778/1/2546
f 5778/1/2546 1276/1/2546 1275/1/2546 5785/1/2546
f 5785/1/2546 1275/1/2546 1274/1/2546 5792/1/2546
f 5792/1/2546 1274/1/2546 1273/1/2546 5799/1/2546
f 5799/1/2546 1273/1/2546 1272/1/2546 5806/1/2546
f 5806/1/2546 1272/1/2546 1271/1/2546 5813/1/2546
f 5813/1/2546 1271/1/2546 69/1/2546 1186/1/2546
f 5812/1/2546 5813/1/2546 1186/1/2546 1185/1/2546
f 5811/1/2546 5812/1/2546 1185/1/2546 1184/1/2546
f 5810/1/2546 5811/1/2546 1184/1/2546 1183/1/2546
f 5809/1/2546 5810/1/2546 1183/1/2546 1182/1/2546
f 5808/1/2546 5809/1/2546 1182/1/2546 1181/1/2546
f 5807/1/2546 5808/1/2546 1181/1/2546 1180/1/2546
f 1340/1/2546 5807/1/2546 1180/1/2546 72/1/2546
f 1339/1/2546 5800/1/2546 5807/1/2546 1340/1/2546
f 1338/1/2546 5793/1/2546 5800/1/2546 1339/1/2546
f 1337/1/2546 5786/1/2546 5793/1/2546 1338/1/2546
f 1336/1/2546 5779/1/2546 5786/1/2546 1337/1/2546
f 1335/1/2546 5772/1/2546 5779/1/2546 1336/1/2546
f 1334/1/2546 5765/1/2546 5772/1/2546 1335/1/2546
f 5814/1/2546 5815/1/2546 5822/1/2546 5821/1/2546
f 5815/1/2546 5816/1/2546 5823/1/2546 5822/1/2546
f 5816/1/2546 5817/1/2546 5824/1/2546 5823/1/2546
f 5817/1/2546 5818/1/2546 5825/1/2546 5824/1/2546
f 5818/1/2546 5819/1/2546 5826/1/2546 5825/1/2546
f 5819/1/2546 5820/1/2546 5827/1/2546 5826/1/2546
f 5821/1/2546 5822/1/2546 5829/1/2546 5828/1/2546
f 5822/1/2546 5823/1/2546 5830/1/2546 5829/1/2546
f 5823/1/2546 5824/1/2546 5831/1/2546 5830/1/2546
f 5824/1/2546 5825/1/2546 5832/1/2546 5831/1/2546
f 5825/1/2546 5826/1/2546 5833/1/2546 5832/1/2546
f 5826/1/2546 5827/1/2546 5834/1/2546 5833/1/2546
f 5828/1/2546 5829/1/2546 5836/1/2546 5835/1/2546
f 5829/1/2546 5830/1/2546 5837/1/2546 5836/1/2546
f 5830/1/2546 5831/1/2546 5838/1/2546 5837/1/2546
f 5831/1/2546 5832/1/2546 5839/1/2546 5838/1/2546
f 5832/1/2546 5833/1/2546 5840/1/2546 5839/1/2546
f 5833/1/2546 5834/1/2546 5841/1/2546 5840/1/2546
f 5835/1/2546 5836/1/2546 5843/1/2546 5842/1/2546
f 5836/1/2546 5837/1/2546 5844/1/2546 5843/1/2546
f 5837/1/2546 5838/1/2546 5845/1/2546 5844/1/2546
f 5838/1/2546 5839/1/2546 5846/1/2546 5845/1/2546
f 5839/1/2546 5840/1/2546 5847/1/2546 5846/1/2546
f 5840/1/2546 5841/1/2546 5848/1/2546 5847/1/2546
f 5842/1/2546 5843/1/2546 5850/1/2546 5849/1/2546
f 5843/1/2546 5844/1/2546 5851/1/2546 5850/1/2546
f 5844/1/2546 5845/1/2546 5852/1/2546 5851/1/2546
f 5845/1/2546 5846/1/2546 5853/1/2546 5852/1/2546
f 5846/1/2546 5847/1/2546 5854/1/2546 5853/1/2546
f 5847/1/2546 5848/1/2546 5855/1/2546 5854/1/2546
f 5849/1/2546 5850/1/2546 5857/1/2546 5856/1/2546
f 5850/1/2546 5851/1/2546 5858/1/2546 5857/1/2546
f 5851/1/2546 5852/1/2546 5859/1/2546 5858/1/2546
f 5852/1/2546 5853/1/2546 5860/1/2546 5859/1/2546
f 5853/1/2546 5854/1/2546 5861/1/2546 5860/1/2546
f 5854/1/2546 5855/1/2546 5862/1/2546 5861/1/2546
f 46/1/2454 871/1/2452 5814/1/2546 1361/1/2546
f 871/1/2452 870/1/2452 5815/1/2546 5814/1/2546
f 870/1/2452 869/1/1858 5816/1/2546 5815/1/2546
f 869/1/1858 868/1/1858 5817/1/2546 5816/1/2546
f 868/1/1858 867/1/1858 5818/1/2546 5817/1/2546
f 867/1/1858 866/1/2451 5819/1/2546 5818/1/2546
f 866/1/2451 865/1/2451 5820/1/2546 5819/1/2546
f 865/1/2451 44/1/2451 1348/1/2546 5820/1/2546
f 5820/1/2546 1348/1/2546 1349/1/2546 5827/1/2546
f 5827/1/2546 1349/1/2546 1350/1/2546 5834/1/2546
f 5834/1/2546 1350/1/2546 1351/1/2546 5841/1/2546
f 5841/1/2546 1351/1/2546 1352/1/2546 5848/1/2546
f 5848/1/2546 1352/1/2546 1353/1/2546 5855/1/2546
f 5855/1/2546 1353/1/2546 1354/1/2546 5862/1/2546
f 5862/1/2546 1354/1/2546 63/1/2546 1131/1/2546
f 5861/1/2546 5862/1/2546 1131/1/2546 1132/1/2546
f 5860/1/2546 5861/1/2546 1132/1/2546 1133/1/2546
f 5859/1/2546 5860/1/2546 1133/1/2546 1134/1/2546
f 5858/1/2546 5859/1/2546 1134/1/2546 1135/1/2546
f 5857/1/2546 5858/1/2546 1135/1/2546 1136/1/2546
f 5856/1/2546 5857/1/2546 1136/1/2546 1137/1/2546
f 1355/1/2546 5856/1/2546 1137/1/2546 65/1/2546
f 1356/1/2546 5849/1/2546 5856/1/2546 1355/1/2546
f 1357/1/2546 5842/1/2546 5849/1/2546 1356/1/2546
f 1358/1/2546 5835/1/2546 5842/1/2546 1357/1/2546
f 1359/1/2546 5828/1/2546 5835/1/2546 1358/1/2546
f 1360/1/2546 5821/1/2546 5828/1/2546 1359/1/2546
f 1361/1/2546 5814/1/2546 5821/1/2546 1360/1/2546
f 5863/1/2546 5864/1/2546 5871/1/2546 5870/1/2546
f 5864/1/2546 5865/1/2546 5872/1/2546 5871/1/2546
f 5865/1/2546 5866/1/2546 5873/1/2546 5872/1/2546
f 5866/1/2546 5867/1/2546 5874/1/2546 5873/1/2546
f 5867/1/2546 5868/1/2546 5875/1/2546 5874/1/2546
f 5868/1/2546 5869/1/2546 5876/1/2546 5875/1/2546
f 5870/1/2546 5871/1/2546 5878/1/2546 5877/1/2546
f 5871/1/2546 5872/1/2546 5879/1/2546 5878/1/2546
f 5872/1/2546 5873/1/2546 5880/1/2546 5879/1/2546
f 5873/1/2546 5874/1/2546 5881/1/2546 5880/1/2546
f 5874/1/2546 5875/1/2546 5882/1/2546 5881/1/2546
f 5875/1/2546 5876/1/2546 5883/1/2546 5882/1/2546
f 5877/1/2546 5878/1/2546 5885/1/2546 5884/1/2546
f 5878/1/2546 5879/1/2546 5886/1/2546 5885/1/2546
f 5879/1/2546 5880/1/2546 5887/1/2546 5886/1/2546
f 5880/1/2546 5881/1/2546 5888/1/2546 5887/1/2546
f 5881/1/2546 5882/1/2546 5889/1/2546 5888/1/2546
f 5882/1/2546 5883/1/2546 5890/1/2546 5889/1/2546
f 5884/1/2546 5885/1/2546 5892/1/2546 5891/1/2546
f 5885/1/2546 5886/1/2546 5893/1/2546 5892/1/2546
f 5886/1/2546 5887/1/2546 5894/1/2546 5893/1/2546
f 5887/1/2546 5888/1/2546 5895/1/2546 5894/1/2546
f 5888/1/2546 5889/1/2546 5896/1/2546 5895/1/2546
f 5889/1/2546 5890/1/2546 5897/1/2546 5896/1/2546
f 5891/1/2546 5892/1/2546 5899/1/2546 5898/1/2546
f 5892/1/2546 5893/1/2546 5900/1/2546 5899/1/2546
f 5893/1/2546 5894/1/2546 5901/1/2546 5900/1/2546
f 5894/1/2546 5895/1/2546 5902/1/2546 5901/1/2546
f 5895/1/2546 5896/1/2546 5903/1/2546 5902/1/2546
f 5896/1/2546 5897/1/2546 5904/1/2546 5903/1/2546
f 5898/1/2546 5899/1/2546 5906/1/2546 5905/1/2546
f 5899/1/2546 5900/1/2546 5907/1/2546 5906/1/2546
f 5900/1/2546 5901/1/2546 5908/1/2546 5907/1/2546
f 5901/1/2546 5902/1/2546 5909/1/2546 5908/1/2546
f 5902/1/2546 5903/1/2546 5910/1/2546 5909/1/2546
f 5903/1/2546 5904/1/2546 5911/1/2546 5910/1/2546
f 44/1/2451 927/1/2451 5863/1/2546 1348/1/2546
f 927/1/2451 926/1/2451 5864/1/2546 5863/1/2546
f 926/1/2451 925/1/2451 5865/1/2546 5864/1/2546
f 925/1/2451 924/1/2451 5866/1/2546 5865/1/2546
f 924/1/2451 923/1/2451 5867/1/2546 5866/1/2546
f 923/1/2451 922/1/1858 5868/1/2546 5867/1/2546
f 922/1/1858 921/1/1858 5869/1/2546 5868/1/2546
f 921/1/1858 39/1/1858 1263/1/2546 5869/1/2546
f 5869/1/2546 1263/1/2546 1262/1/2546 5876/1/2546
f 5876/1/2546 1262/1/2546 1261/1/2546 5883/1/2546
f 5883/1/2546 1261/1/2546 1260/1/2546 5890/1/2546
f 5890/1/2546 1260/1/2546 1259/1/2546 5897/1/2546
f 5897/1/2546 1259/1/2546 1258/1/2546 5904/1/2546
f 5904/1/2546 1258/1/2546 1257/1/2546 5911/1/2546
f 5911/1/2546 1257/1/2546 58/1/2546 1187/1/2546
f 5910/1/2546 5911/1/2546 1187/1/2546 1188/1/2546
f 5909/1/2546 5910/1/2546 1188/1/2546 1189/1/2546
f 5908/1/2546 5909/1/2546 1189/1/2546 1190/1/2546
f 5907/1/2546 5908/1/2546 1190/1/2546 1191/1/2546
f 5906/1/2546 5907/1/2546 1191/1/2546 1192/1/2546
f 5905/1/2546 5906/1/2546 1192/1/2546 1193/1/2546
f 1354/1/2546 5905/1/2546 1193/1/2546 63/1/2546
f 1353/1/2546 5898/1/2546 5905/1/2546 1354/1/2546
f 1352/1/2546 5891/1/2546 5898/1/2546 1353/1/2546
f 1351/1/2546 5884/1/2546 5891/1/2546 1352/1/2546
f 1350/1/2546 5877/1/2546 5884/1/2546 1351/1/2546
f 1349/1/2546 5870/1/2546 5877/1/2546 1350/1/2546
f 1348/1/2546 5863/1/2546 5870/1/2546 1349/1/2546
f 5912/1/2546 5913/1/2546 5920/1/2546 5919/1/2546
f 5913/1/2546 5914/1/2546 5921/1/2546 5920/1/2546
f 5914/1/2546 5915/1/2546 5922/1/2546 5921/1/2546
f 5915/1/2546 5916/1/2546 5923/1/2546 5922/1/2546
f 5916/1/2546 5917/1/2546 5924/1/2546 5923/1/2546
f 5917/1/2546 5918/1/2546 5925/1/2546 5924/1/2546
f 5919/1/2546 5920/1/2546 5927/1/2546 5926/1/2546
f 5920/1/2546 5921/1/2546 5928/1/2546 5927/1/2546
f 5921/1/2546 5922/1/2546 5929/1/2546 5928/1/2546
f 5922/1/2546 5923/1/2546 5930/1/2546 5929/1/2546
f 5923/1/2546 5924/1/2546 5931/1/2546 5930/1/2546
f 5924/1/2546 5925/1/2546 5932/1/2546 5931/1/2546
f 5926/1/2546 5927/1/2546 5934/1/2546 5933/1/2546
f 5927/1/2546 5928/1/2546 5935/1/2546 5934/1/2546
f 5928/1/2546 5929/1/2546 5936/1/2546 5935/1/2546
f 5929/1/2546 5930/1/2546 5937/1/2546 5936/1/2546
f 5930/1/2546 5931/1/2546 5938/1/2546 5937/1/2546
f 5931/1/2546 5932/1/2546 5939/1/2546 5938/1/2546
f 5933/1/2546 5934/1/2546 5941/1/2546 5940/1/2546
f 5934/1/2546 5935/1/2546 5942/1/2546 5941/1/2546
f 5935/1/2546 5936/1/2546 5943/1/2546 5942/1/2546
f 5936/1/2546 5937/1/2546 5944/1/2546 5943/1/2546
f 5937/1/2546 5938/1/2546 5945/1/2546 5944/1/2546
f 5938/1/2546 5939/1/2546 5946/1/2546 5945/1/2546
f 5940/1/2546 5941/1/2546 5948/1/2546 5947/1/2546
f 5941/1/2546 5942/1/2546 5949/1/2546 5948/1/2546
f 5942/1/2546 5943/1/2546 5950/1/2546 5949/1/2546
f 5943/1/2546 5944/1/2546 5951/1/2546 5950/1/2546
f 5944/1/2546 5945/1/2546 5952/1/2546 5951/1/2546
f 5945/1/2546 5946/1/2546 5953/1/2546 5952/1/2546
f 5947/1/2546 5948/1/2546 5955/1/2546 5954/1/2546
f 5948/1/2546 5949/1/2546 5956/1/2546 5955/1/2546
f 5949/1/2546 5950/1/2546 5957/1/2546 5956/1/2546
f 5950/1/2546 5951/1/2546 5958/1/2546 5957/1/2546
f 5951/1/2546 5952/1/2546 5959/1/2546 5958/1/2546
f 5952/1/2546 5953/1/2546 5960/1/2546 5959/1/2546
f 47/1/1616 878/1/1616 5912/1/2546 1368/1/2546
f 878/1/1616 877/1/2545 5913/1/2546 5912/1/2546
f 877/1/2545 876/1/2544 5914/1/2546 5913/1/2546
f 876/1/2544 875/1/2544 5915/1/2546 5914/1/2546
f 875/1/2544 874/1/2544 5916/1/2546 5915/1/2546
f 874/1/2544 873/1/2543 5917/1/2546 5916/1/2546
f 873/1/2543 872/1/2543 5918/1/2546 5917/1/2546
f 872/1/2543 46/1/2454 1361/1/2546 5918/1/2546
f 5918/1/2546 1361/1/2546 1360/1/2546 5925/1/2546
f 5925/1/2546 1360/1/2546 1359/1/2546 5932/1/2546
f 5932/1/2546 1359/1/2546 1358/1/2546 5939/1/2546
f 5939/1/2546 1358/1/2546 1357/1/2546 5946/1/2546
f 5946/1/2546 1357/1/2546 1356/1/2546 5953/1/2546
f 5953/1/2546 1356/1/2546 1355/1/2546 5960/1/2546
f 5960/1/2546 1355/1/2546 65/1/2546 1138/1/2546
f 5959/1/2546 5960/1/2546 1138/1/2546 1139/1/2546
f 5958/1/2546 5959/1/2546 1139/1/2546 1140/1/2546
f 5957/1/2546 5958/1/2546 1140/1/2546 1141/1/2546
f 5956/1/2546 5957/1/2546 1141/1/2546 1142/1/2546
f 5955/1/2546 5956/1/2546 1142/1/2546 1143/1/2546
f 5954/1/2546 5955/1/2546 1143/1/2546 1144/1/2546
f 1362/1/2546 5954/1/2546 1144/1/2546 66/1/2546
f 1363/1/2546 5947/1/2546 5954/1/2546 1362/1/2546
f 1364/1/2546 5940/1/2546 5947/1/2546 1363/1/2546
f 1365/1/2546 5933/1/2546 5940/1/2546 1364/1/2546
f 1366/1/2546 5926/1/2546 5933/1/2546 1365/1/2546
f 1367/1/2546 5919/1/2546 5926/1/2546 1366/1/2546
f 1368/1/2546 5912/1/2546 5919/1/2546 1367/1/2546
f 5961/1/2546 5962/1/2546 5969/1/2546 5968/1/2546
f 5962/1/2546 5963/1/2546 5970/1/2546 5969/1/2546
f 5963/1/2546 5964/1/2546 5971/1/2546 5970/1/2546
f 5964/1/2546 5965/1/2546 5972/1/2546 5971/1/2546
f 5965/1/2546 5966/1/2546 5973/1/2546 5972/1/2546
f 5966/1/2546 5967/1/2546 5974/1/2546 5973/1/2546
f 5968/1/2546 5969/1/2546 5976/1/2546 5975/1/2546
f 5969/1/2546 5970/1/2546 5977/1/2546 5976/1/2546
f 5970/1/2546 5971/1/2546 5978/1/2546 5977/1/2546
f 5971/1/2546 5972/1/2546 5979/1/2546 5978/1/2546
f 5972/1/2546 5973/1/2546 5980/1/2546 5979/1/2546
f 5973/1/2546 5974/1/2546 5981/1/2546 5980/1/2546
f 5975/1/2546 5976/1/2546 5983/1/2546 5982/1/2546
f 5976/1/2546 5977/1/2546 5984/1/2546 5983/1/2546
f 5977/1/2546 5978/1/2546 5985/1/2546 5984/1/2546
f 5978/1/2546 5979/1/2546 5986/1/2546 5985/1/2546
f 5979/1/2546 5980/1/2546 5987/1/2546 5986/1/2546
f 5980/1/2546 5981/1/2546 5988/1/2546 5987/1/2546
f 5982/1/2546 5983/1/2546 5990/1/2546 5989/1/2546
f 5983/1/2546 5984/1/2546 5991/1/2546 5990/1/2546
f 5984/1/2546 5985/1/2546 5992/1/2546 5991/1/2546
f 5985/1/2546 5986/1/2546 5993/1/2546 5992/1/2546
f 5986/1/2546 5987/1/2546 5994/1/2546 5993/1/2546
f 5987/1/2546 5988/1/2546 5995/1/2546 5994/1/2546
f 5989/1/2546 5990/1/2546 5997/1/2546 5996/1/2546
f 5990/1/2546 5991/1/2546 5998/1/2546 5997/1/2546
f 5991/1/2546 5992/1/2546 5999/1/2546 5998/1/2546
f 5992/1/2546 5993/1/2546 6000/1/2546 5999/1/2546
f 5993/1/2546 5994/1/2546 6001/1/2546 6000/1/2546
f 5994/1/2546 5995/1/2546 6002/1/2546 6001/1/2546
f 5996/1/2546 5997/1/2546 6004/1/2546 6003/1/2546
f 5997/1/2546 5998/1/2546 6005/1/2546 6004/1/2546
f 5998/1/2546 5999/1/2546 6006/1/2546 6005/1/2546
f 5999/1/2546 6000/1/2546 6007/1/2546 6006/1/2546
f 6000/1/2546 6001/1/2546 6008/1/2546 6007/1/2546
f 6001/1/2546 6002/1/2546 6009/1/2546 6008/1/2546
f 40/1/1553 928/1/1553 5961/1/2546 1341/1/2546
f 928/1/1553 929/1/1552 5962/1/2546 5961/1/2546
f 929/1/1552 930/1/1552 5963/1/2546 5962/1/2546
f 930/1/1552 931/1/1552 5964/1/2546 5963/1/2546
f 931/1/1552 932/1/1552 5965/1/2546 5964/1/2546
f 932/1/1552 933/1/1552 5966/1/2546 5965/1/2546
f 933/1/1552 934/1/1552 5967/1/2546 5966/1/2546
f 934/1/1552 49/1/1552 1291/1/2546 5967/1/2546
f 5967/1/2546 1291/1/2546 1290/1/2546 5974/1/2546
f 5974/1/2546 1290/1/2546 1289/1/2546 5981/1/2546
f 5981/1/2546 1289/1/2546 1288/1/2546 5988/1/2546
f 5988/1/2546 1288/1/2546 1287/1/2546 5995/1/2546
f 5995/1/2546 1287/1/2546 1286/1/2546 6002/1/2546
f 6002/1/2546 1286/1/2546 1285/1/2546 6009/1/2546
f 6009/1/2546 1285/1/2546 68/1/2546 1200/1/2546
f 6008/1/2546 6009/1/2546 1200/1/2546 1199/1/2546
f 6007/1/2546 6008/1/2546 1199/1/2546 1198/1/2546
f 6006/1/2546 6007/1/2546 1198/1/2546 1197/1/2546
f 6005/1/2546 6006/1/2546 1197/1/2546 1196/1/2546
f 6004/1/2546 6005/1/2546 1196/1/2546 1195/1/2546
f 6003/1/2546 6004/1/2546 1195/1/2546 1194/1/2546
f 1347/1/2546 6003/1/2546 1194/1/2546 59/1/2546
f 1346/1/2546 5996/1/2546 6003/1/2546 1347/1/2546
f 1345/1/2546 5989/1/2546 5996/1/2546 1346/1/2546
f 1344/1/2546 5982/1/2546 5989/1/2546 1345/1/2546
f 1343/1/2546 5975/1/2546 5982/1/2546 1344/1/2546
f 1342/1/2546 5968/1/2546 5975/1/2546 1343/1/2546
f 1341/1/2546 5961/1/2546 5968/1/2546 1342/1/2546
f 6010/1/2546 6011/1/2546 6018/1/2546 6017/1/2546
f 6011/1/2546 6012/1/2546 6019/1/2546 6018/1/2546
f 6012/1/2546 6013/1/2546 6020/1/2546 6019/1/2546
f 6013/1/2546 6014/1/2546 6021/1/2546 6020/1/2546
f 6014/1/2546 6015/1/2546 6022/1/2546 6021/1/2546
f 6015/1/2546 6016/1/2546 6023/1/2546 6022/1/2546
f 6017/1/2546 6018/1/2546 6025/1/2546 6024/1/2546
f 6018/1/2546 6019/1/2546 6026/1/2546 6025/1/2546
f 6019/1/2546 6020/1/2546 6027/1/2546 6026/1/2546
f 6020/1/2546 6021/1/2546 6028/1/2546 6027/1/2546
f 6021/1/2546 6022/1/2546 6029/1/2546 6028/1/2546
f 6022/1/2546 6023/1/2546 6030/1/2546 6029/1/2546
f 6024/1/2546 6025/1/2546 6032/1/2546 6031/1/2546
f 6025/1/2546 6026/1/2546 6033/1/2546 6032/1/2546
f 6026/1/2546 6027/1/2546 6034/1/2546 6033/1/2546
f 6027/1/2546 6028/1/2546 6035/1/2546 6034/1/2546
f 6028/1/2546 6029/1/2546 6036/1/2546 6035/1/2546
f 6029/1/2546 6030/1/2546 6037/1/2546 6036/1/2546
f 6031/1/2546 6032/1/2546 6039/1/2546 6038/1/2546
f 6032/1/2546 6033/1/2546 6040/1/2546 6039/1/2546
f 6033/1/2546 6034/1/2546 6041/1/2546 6040/1/2546
f 6034/1/2546 6035/1/2546 6042/1/2546 6041/1/2546
f 6035/1/2546 6036/1/2546 6043/1/2546 6042/1/2546
f 6036/1/2546 6037/1/2546 6044/1/2546 6043/1/2546
f 6038/1/2546 6039/1/2546 6046/1/2546 6045/1/2546
f 6039/1/2546 6040/1/2546 6047/1/2546 6046/1/2546
f 6040/1/2546 6041/1/2546 6048/1/2546 6047/1/2546
f 6041/1/2546 6042/1/2546 6049/1/2546 6048/1/2546
f 6042/1/2546 6043/1/2546 6050/1/2546 6049/1/2546
f 6043/1/2546 6044/1/2546 6051/1/2546 6050/1/2546
f 6045/1/2546 6046/1/2546 6053/1/2546 6052/1/2546
f 6046/1/2546 6047/1/2546 6054/1/2546 6053/1/2546
f 6047/1/2546 6048/1/2546 6055/1/2546 6054/1/2546
f 6048/1/2546 6049/1/2546 6056/1/2546 6055/1/2546
f 6049/1/2546 6050/1/2546 6057/1/2546 6056/1/2546
f 6050/1/2546 6051/1/2546 6058/1/2546 6057/1/2546
f 48/1/1623 885/1/1621 6010/1/2546 1236/1/2546
f 885/1/1621 884/1/1620 6011/1/2546 6010/1/2546
f 884/1/1620 883/1/1619 6012/1/2546 6011/1/2546
f 883/1/1619 882/1/1619 6013/1/2546 6012/1/2546
f 882/1/1619 881/1/1618 6014/1/2546 6013/1/2546
f 881/1/1618 880/1/1617 6015/1/2546 6014/1/2546
f 880/1/1617 879/1/1616 6016/1/2546 6015/1/2546
f 879/1/1616 47/1/1616 1368/1/2546 6016/1/2546
f 6016/1/2546 1368/1/2546 1367/1/2546 6023/1/2546
f 6023/1/2546 1367/1/2546 1366/1/2546 6030/1/2546
f 6030/1/2546 1366/1/2546 1365/1/2546 6037/1/2546
f 6037/1/2546 1365/1/2546 1364/1/2546 6044/1/2546
f 6044/1/2546 1364/1/2546 1363/1/2546 6051/1/2546
f 6051/1/2546 1363/1/2546 1362/1/2546 6058/1/2546
f 6058/1/2546 1362/1/2546 66/1/2546 1145/1/2546
f 6057/1/2546 6058/1/2546 1145/1/2546 1146/1/2546
f 6056/1/2546 6057/1/2546 1146/1/2546 1147/1/2546
f 6055/1/2546 6056/1/2546 1147/1/2546 1148/1/2546
f 6054/1/2546 6055/1/2546 1148/1/2546 1149/1/2546
f 6053/1/2546 6054/1/2546 1149/1/2546 1150/1/2546
f 6052/1/2546 6053/1/2546 1150/1/2546 1151/1/2546
f 1242/1/2546 6052/1/2546 1151/1/2546 67/1/2546
f 1241/1/2546 6045/1/2546 6052/1/2546 1242/1/2546
f 1240/1/2546 6038/1/2546 6045/1/2546 1241/1/2546
f 1239/1/2546 6031/1/2546 6038/1/2546 1240/1/2546
f 1238/1/2546 6024/1/2546 6031/1/2546 1239/1/2546
f 1237/1/2546 6017/1/2546 6024/1/2546 1238/1/2546
f 1236/1/2546 6010/1/2546 6017/1/2546 1237/1/2546
f 6059/1/2546 6060/1/2546 6067/1/2546 6066/1/2546
f 6060/1/2546 6061/1/2546 6068/1/2546 6067/1/2546
f 6061/1/2546 6062/1/2546 6069/1/2546 6068/1/2546
f 6062/1/2546 6063/1/2546 6070/1/2546 6069/1/2546
f 6063/1/2546 6064/1/2546 6071/1/2546 6070/1/2546
f 6064/1/2546 6065/1/2546 6072/1/2546 6071/1/2546
f 6066/1/2546 6067/1/2546 6074/1/2546 6073/1/2546
f 6067/1/2546 6068/1/2546 6075/1/2546 6074/1/2546
f 6068/1/2546 6069/1/2546 6076/1/2546 6075/1/2546
f 6069/1/2546 6070/1/2546 6077/1/2546 6076/1/2546
f 6070/1/2546 6071/1/2546 6078/1/2546 6077/1/2546
f 6071/1/2546 6072/1/2546 6079/1/2546 6078/1/2546
f 6073/1/2546 6074/1/2546 6081/1/2546 6080/1/2546
f 6074/1/2546 6075/1/2546 6082/1/2546 6081/1/2546
f 6075/1/2546 6076/1/2546 6083/1/2546 6082/1/2546
f 6076/1/2546 6077/1/2546 6084/1/2546 6083/1/2546
f 6077/1/2546 6078/1/2546 6085/1/2546 6084/1/2546
f 6078/1/2546 6079/1/2546 6086/1/2546 6085/1/2546
f 6080/1/2546 6081/1/2546 6088/1/2546 6087/1/2546
f 6081/1/2546 6082/1/2546 6089/1/2546 6088/1/2546
f 6082/1/2546 6083/1/2546 6090/1/2546 6089/1/2546
f 6083/1/2546 6084/1/2546 6091/1/2546 6090/1/2546
f 6084/1/2546 6085/1/2546 6092/1/2546 6091/1/2546
f 6085/1/2546 6086/1/2546 6093/1/2546 6092/1/2546
f 6087/1/2546 6088/1/2546 6095/1/2546 6094/1/2546
f 6088/1/2546 6089/1/2546 6096/1/2546 6095/1/2546
f 6089/1/2546 6090/1/2546 6097/1/2546 6096/1/2546
f 6090/1/2546 6091/1/2546 6098/1/2546 6097/1/2546
f 6091/1/2546 6092/1/2546 6099/1/2546 6098/1/2546
f 6092/1/2546 6093/1/2546 6100/1/2546 6099/1/2546
f 6094/1/2546 6095/1/2546 6102/1/2546 6101/1/2546
f 6095/1/2546 6096/1/2546 6103/1/2546 6102/1/2546
f 6096/1/2546 6097/1/2546 6104/1/2546 6103/1/2546
f 6097/1/2546 6098/1/2546 6105/1/2546 6104/1/2546
f 6098/1/2546 6099/1/2546 6106/1/2546 6105/1/2546
f 6099/1/2546 6100/1/2546 6107/1/2546 6106/1/2546
f 56/1/1682 935/1/1682 6059/1/2546 1327/1/2546
f 935/1/1682 936/1/1682 6060/1/2546 6059/1/2546
f 936/1/1682 937/1/1682 6061/1/2546 6060/1/2546
f 937/1/1682 938/1/1682 6062/1/2546 6061/1/2546
f 938/1/1682 939/1/1682 6063/1/2546 6062/1/2546
f 939/1/1682 940/1/1682 6064/1/2546 6063/1/2546
f 940/1/1682 941/1/1682 6065/1/2546 6064/1/2546
f 941/1/1682 45/1/1682 1249/1/2546 6065/1/2546
f 6065/1/2546 1249/1/2546 1248/1/2546 6072/1/2546
f 6072/1/2546 1248/1/2546 1247/1/2546 6079/1/2546
f 6079/1/2546 1247/1/2546 1246/1/2546 6086/1/2546
f 6086/1/2546 1246/1/2546 1245/1/2546 6093/1/2546
f 6093/1/2546 1245/1/2546 1244/1/2546 6100/1/2546
f 6100/1/2546 1244/1/2546 1243/1/2546 6107/1/2546
f 6107/1/2546 1243/1/2546 64/1/2546 1207/1/2546
f 6106/1/2546 6107/1/2546 1207/1/2546 1206/1/2546
f 6105/1/2546 6106/1/2546 1206/1/2546 1205/1/2546
f 6104/1/2546 6105/1/2546 1205/1/2546 1204/1/2546
f 6103/1/2546 6104/1/2546 1204/1/2546 1203/1/2546
f 6102/1/2546 6103/1/2546 1203/1/2546 1202/1/2546
f 6101/1/2546 6102/1/2546 1202/1/2546 1201/1/2546
f 1333/1/2546 6101/1/2546 1201/1/2546 75/1/2546
f 1332/1/2546 6094/1/2546 6101/1/2546 1333/1/2546
f 1331/1/2546 6087/1/2546 6094/1/2546 1332/1/2546
f 1330/1/2546 6080/1/2546 6087/1/2546 1331/1/2546
f 1329/1/2546 6073/1/2546 6080/1/2546 1330/1/2546
f 1328/1/2546 6066/1/2546 6073/1/2546 1329/1/2546
f 1327/1/2546 6059/1/2546 6066/1/2546 1328/1/2546
f 6109/1/2546 6110/1/2546 6114/1/2546 6113/1/2546
f 6110/1/2546 6111/1/2546 6115/1/2546 6114/1/2546
f 6111/1/2546 6112/1/2546 6116/1/2546 6115/1/2546
f 6113/1/2546 6114/1/2546 6118/1/2546 6117/1/2546
f 6114/1/2546 6115/1/2546 6119/1/2546 6118/1/2546
f 6115/1/2546 6116/1/2546 6120/1/2546 6119/1/2546
f 6121/1/2546 6122/1/2546 6126/1/2546 6125/1/2546
f 6122/1/2546 6123/1/2546 6127/1/2546 6126/1/2546
f 6123/1/2546 6124/1/2546 6128/1/2546 6127/1/2546
f 6125/1/2546 6126/1/2546 6130/1/2546 6129/1/2546
f 6126/1/2546 6127/1/2546 6131/1/2546 6130/1/2546
f 6127/1/2546 6128/1/2546 6132/1/2546 6131/1/2546
f 6133/1/2546 6134/1/2546 6138/1/2546 6137/1/2546
f 6134/1/2546 6135/1/2546 6139/1/2546 6138/1/2546
f 6135/1/2546 6136/1/2546 6140/1/2546 6139/1/2546
f 6137/1/2546 6138/1/2546 6142/1/2546 6141/1/2546
f 6138/1/2546 6139/1/2546 6143/1/2546 6142/1/2546
f 6139/1/2546 6140/1/2546 6144/1/2546 6143/1/2546
f 6145/1/2546 6146/1/2546 6150/1/2546 6149/1/2546
f 6146/1/2546 6147/1/2546 6151/1/2546 6150/1/2546
f 6147/1/2546 6148/1/2546 6152/1/2546 6151/1/2546
f 6149/1/2546 6150/1/2546 6154/1/2546 6153/1/2546
f 6150/1/2546 6151/1/2546 6155/1/2546 6154/1/2546
f 6151/1/2546 6152/1/2546 6156/1/2546 6155/1/2546
f 6157/1/2546 6158/1/2546 6162/1/2546 6161/1/2546
f 6158/1/2546 6159/1/2546 6163/1/2546 6162/1/2546
f 6159/1/2546 6160/1/2546 6164/1/2546 6163/1/2546
f 6161/1/2546 6162/1/2546 6166/1/2546 6165/1/2546
f 6162/1/2546 6163/1/2546 6167/1/2546 6166/1/2546
f 6163/1/2546 6164/1/2546 6168/1/2546 6167/1/2546
f 6169/1/2546 6170/1/2546 6174/1/2546 6173/1/2546
f 6170/1/2546 6171/1/2546 6175/1/2546 6174/1/2546
f 6171/1/2546 6172/1/2546 6176/1/2546 6175/1/2546
f 6173/1/2546 6174/1/2546 6178/1/2546 6177/1/2546
f 6174/1/2546 6175/1/2546 6179/1/2546 6178/1/2546
f 6175/1/2546 6176/1/2546 6180/1/2546 6179/1/2546
f 6181/1/2546 6182/1/2546 6186/1/2546 6185/1/2546
f 6182/1/2546 6183/1/2546 6187/1/2546 6186/1/2546
f 6183/1/2546 6184/1/2546 6188/1/2546 6187/1/2546
f 6185/1/2546 6186/1/2546 6190/1/2546 6189/1/2546
f 6186/1/2546 6187/1/2546 6191/1/2546 6190/1/2546
f 6187/1/2546 6188/1/2546 6192/1/2546 6191/1/2546
f 6193/1/2546 6194/1/2546 6198/1/2546 6197/1/2546
f 6194/1/2546 6195/1/2546 6199/1/2546 6198/1/2546
f 6195/1/2546 6196/1/2546 6200/1/2546 6199/1/2546
f 6197/1/2546 6198/1/2546 6202/1/2546 6201/1/2546
f 6198/1/2546 6199/1/2546 6203/1/2546 6202/1/2546
f 6199/1/2546 6200/1/2546 6204/1/2546 6203/1/2546
f 6205/1/2546 6206/1/2546 6210/1/2546 6209/1/2546
f 6206/1/2546 6207/1/2546 6211/1/2546 6210/1/2546
f 6207/1/2546 6208/1/2546 6212/1/2546 6211/1/2546
f 6209/1/2546 6210/1/2546 6214/1/2546 6213/1/2546
f 6210/1/2546 6211/1/2546 6215/1/2546 6214/1/2546
f 6211/1/2546 6212/1/2546 6216/1/2546 6215/1/2546
f 6217/1/2546 6218/1/2546 6222/1/2546 6221/1/2546
f 6218/1/2546 6219/1/2546 6223/1/2546 6222/1/2546
f 6219/1/2546 6220/1/2546 6224/1/2546 6223/1/2546
f 6221/1/2546 6222/1/2546 6226/1/2546 6225/1/2546
f 6222/1/2546 6223/1/2546 6227/1/2546 6226/1/2546
f 6223/1/2546 6224/1/2546 6228/1/2546 6227/1/2546
f 6229/1/2546 6230/1/2546 6234/1/2546 6233/1/2546
f 6230/1/2546 6231/1/2546 6235/1/2546 6234/1/2546
f 6231/1/2546 6232/1/2546 6236/1/2546 6235/1/2546
f 6233/1/2546 6234/1/2546 6238/1/2546 6237/1/2546
f 6234/1/2546 6235/1/2546 6239/1/2546 6238/1/2546
f 6235/1/2546 6236/1/2546 6240/1/2546 6239/1/2546
f 6241/1/2546 6242/1/2546 6246/1/2546 6245/1/2546
f 6242/1/2546 6243/1/2546 6247/1/2546 6246/1/2546
f 6243/1/2546 6244/1/2546 6248/1/2546 6247/1/2546
f 6245/1/2546 6246/1/2546 6250/1/2546 6249/1/2546
f 6246/1/2546 6247/1/2546 6251/1/2546 6250/1/2546
f 6247/1/2546 6248/1/2546 6252/1/2546 6251/1/2546
f 6253/1/2546 6254/1/2546 6258/1/2546 6257/1/2546
f 6254/1/2546 6255/1/2546 6259/1/2546 6258/1/2546
f 6255/1/2546 6256/1/2546 6260/1/2546 6259/1/2546
f 6257/1/2546 6258/1/2546 6262/1/2546 6261/1/2546
f 6258/1/2546 6259/1/2546 6263/1/2546 6262/1/2546
f 6259/1/2546 6260/1/2546 6264/1/2546 6263/1/2546
f 6265/1/2546 6266/1/2546 6270/1/2546 6269/1/2546
f 6266/1/2546 6267/1/2546 6271/1/2546 6270/1/2546
f 6267/1/2546 6268/1/2546 6272/1/2546 6271/1/2546
f 6269/1/2546 6270/1/2546 6274/1/2546 6273/1/2546
f 6270/1/2546 6271/1/2546 6275/1/2546 6274/1/2546
f 6271/1/2546 6272/1/2546 6276/1/2546 6275/1/2546
f 6277/1/2546 6278/1/2546 6282/1/2546 6281/1/2546
f 6278/1/2546 6279/1/2546 6283/1/2546 6282/1/2546
f 6279/1/2546 6280/1/2546 6284/1/2546 6283/1/2546
f 6281/1/2546 6282/1/2546 6286/1/2546 6285/1/2546
f 6282/1/2546 6283/1/2546 6287/1/2546 6286/1/2546
f 6283/1/2546 6284/1/2546 6288/1/2546 6287/1/2546
f 6289/1/2546 6290/1/2546 6294/1/2546 6293/1/2546
f 6290/1/2546 6291/1/2546 6295/1/2546 6294/1/2546
f 6291/1/2546 6292/1/2546 6296/1/2546 6295/1/2546
f 6293/1/2546 6294/1/2546 6298/1/2546 6297/1/2546
f 6294/1/2546 6295/1/2546 6299/1/2546 6298/1/2546
f 6295/1/2546 6296/1/2546 6300/1/2546 6299/1/2546
f 6301/1/2546 6302/1/2546 6306/1/2546 6305/1/2546
f 6302/1/2546 6303/1/2546 6307/1/2546 6306/1/2546
f 6303/1/2546 6304/1/2546 6308/1/2546 6307/1/2546
f 6305/1/2546 6306/1/2546 6310/1/2546 6309/1/2546
f 6306/1/2546 6307/1/2546 6311/1/2546 6310/1/2546
f 6307/1/2546 6308/1/2546 6312/1/2546 6311/1/2546
f 6313/1/2546 6314/1/2546 6318/1/2546 6317/1/2546
f 6314/1/2546 6315/1/2546 6319/1/2546 6318/1/2546
f 6315/1/2546 6316/1/2546 6320/1/2546 6319/1/2546
f 6317/1/2546 6318/1/2546 6322/1/2546 6321/1/2546
f 6318/1/2546 6319/1/2546 6323/1/2546 6322/1/2546
f 6319/1/2546 6320/1/2546 6324/1/2546 6323/1/2546
f 6325/1/2546 6326/1/2546 6330/1/2546 6329/1/2546
f 6326/1/2546 6327/1/2546 6331/1/2546 6330/1/2546
f 6327/1/2546 6328/1/2546 6332/1/2546 6331/1/2546
f 6329/1/2546 6330/1/2546 6334/1/2546 6333/1/2546
f 6330/1/2546 6331/1/2546 6335/1/2546 6334/1/2546
f 6331/1/2546 6332/1/2546 6336/1/2546 6335/1/2546
f 6129/1/2546 6130/1/2546 6116/1/2546 6112/1/2546
f 6130/1/2546 6131/1/2546 6120/1/2546 6116/1/2546
f 6141/1/2546 6142/1/2546 6128/1/2546 6124/1/2546
f 6142/1/2546 6143/1/2546 6132/1/2546 6128/1/2546
f 6153/1/2546 6154/1/2546 6140/1/2546 6136/1/2546
f 6154/1/2546 6155/1/2546 6144/1/2546 6140/1/2546
f 6165/1/2546 6166/1/2546 6152/1/2546 6148/1/2546
f 6166/1/2546 6167/1/2546 6156/1/2546 6152/1/2546
f 6177/1/2546 6178/1/2546 6164/1/2546 6160/1/2546
f 6178/1/2546 6179/1/2546 6168/1/2546 6164/1/2546
f 6189/1/2546 6190/1/2546 6176/1/2546 6172/1/2546
f 6190/1/2546 6191/1/2546 6180/1/2546 6176/1/2546
f 6201/1/2546 6202/1/2546 6188/1/2546 6184/1/2546
f 6202/1/2546 6203/1/2546 6192/1/2546 6188/1/2546
f 6213/1/2546 6214/1/2546 6200/1/2546 6196/1/2546
f 6214/1/2546 6215/1/2546 6204/1/2546 6200/1/2546
f 6225/1/2546 6226/1/2546 6212/1/2546 6208/1/2546
f 6226/1/2546 6227/1/2546 6216/1/2546 6212/1/2546
f 6237/1/2546 6238/1/2546 6224/1/2546 6220/1/2546
f 6238/1/2546 6239/1/2546 6228/1/2546 6224/1/2546
f 6249/1/2546 6250/1/2546 6236/1/2546 6232/1/2546
f 6250/1/2546 6251/1/2546 6240/1/2546 6236/1/2546
f 6261/1/2546 6262/1/2546 6248/1/2546 6244/1/2546
f 6262/1/2546 6263/1/2546 6252/1/2546 6248/1/2546
f 6273/1/2546 6274/1/2546 6260/1/2546 6256/1/2546
f 6274/1/2546 6275/1/2546 6264/1/2546 6260/1/2546
f 6285/1/2546 6286/1/2546 6272/1/2546 6268/1/2546
f 6286/1/2546 6287/1/2546 6276/1/2546 6272/1/2546
f 6297/1/2546 6298/1/2546 6284/1/2546 6280/1/2546
f 6298/1/2546 6299/1/2546 6288/1/2546 6284/1/2546
f 6309/1/2546 6310/1/2546 6296/1/2546 6292/1/2546
f 6310/1/2546 6311/1/2546 6300/1/2546 6296/1/2546
f 6321/1/2546 6322/1/2546 6308/1/2546 6304/1/2546
f 6322/1/2546 6323/1/2546 6312/1/2546 6308/1/2546
f 6333/1/2546 6334/1/2546 6320/1/2546 6316/1/2546
f 6334/1/2546 6335/1/2546 6324/1/2546 6320/1/2546
f 6117/1/2546 6118/1/2546 6332/1/2546 6328/1/2546
f 6118/1/2546 6119/1/2546 6336/1/2546 6332/1/2546
f 6119/1/2546 6120/1/2546 6108/1/2546 6336/1/2546
f 6131/1/2546 6132/1/2546 6108/1/2546 6120/1/2546
f 6143/1/2546 6144/1/2546 6108/1/2546 6132/1/2546
f 6155/1/2546 6156/1/2546 6108/1/2546 6144/1/2546
f 6167/1/2546 6168/1/2546 6108/1/2546 6156/1/2546
f 6179/1/2546 6180/1/2546 6108/1/2546 6168/1/2546
f 6191/1/2546 6192/1/2546 6108/1/2546 6180/1/2546
f 6203/1/2546 6204/1/2546 6108/1/2546 6192/1/2546
f 6215/1/2546 6216/1/2546 6108/1/2546 6204/1/2546
f 6227/1/2546 6228/1/2546 6108/1/2546 6216/1/2546
f 6239/1/2546 6240/1/2546 6108/1/2546 6228/1/2546
f 6251/1/2546 6252/1/2546 6108/1/2546 6240/1/2546
f 6263/1/2546 6264/1/2546 6108/1/2546 6252/1/2546
f 6275/1/2546 6276/1/2546 6108/1/2546 6264/1/2546
f 6287/1/2546 6288/1/2546 6108/1/2546 6276/1/2546
f 6299/1/2546 6300/1/2546 6108/1/2546 6288/1/2546
f 6311/1/2546 6312/1/2546 6108/1/2546 6300/1/2546
f 6323/1/2546 6324/1/2546 6108/1/2546 6312/1/2546
f 6335/1/2546 6336/1/2546 6108/1/2546 6324/1/2546
f 60/1/2546 1110/1/2546 6109/1/2546 1109/1/2546
f 1110/1/2546 1111/1/2546 6110/1/2546 6109/1/2546
f 1111/1/2546 1112/1/2546 6111/1/2546 6110/1/2546
f 1112/1/2546 1113/1/2546 6112/1/2546 6111/1/2546
f 1109/1/2546 6109/1/2546 6113/1/2546 1108/1/2546
f 1108/1/2546 6113/1/2546 6117/1/2546 1107/1/2546
f 1107/1/2546 6117/1/2546 6328/1/2546 1106/1/2546
f 61/1/2546 1117/1/2546 6121/1/2546 1116/1/2546
f 1117/1/2546 1118/1/2546 6122/1/2546 6121/1/2546
f 1118/1/2546 1119/1/2546 6123/1/2546 6122/1/2546
f 1119/1/2546 1120/1/2546 6124/1/2546 6123/1/2546
f 1116/1/2546 6121/1/2546 6125/1/2546 1115/1/2546
f 1115/1/2546 6125/1/2546 6129/1/2546 1114/1/2546
f 1114/1/2546 6129/1/2546 6112/1/2546 1113/1/2546
f 62/1/2546 1124/1/2546 6133/1/2546 1123/1/2546
f 1124/1/2546 1125/1/2546 6134/1/2546 6133/1/2546
f 1125/1/2546 1126/1/2546 6135/1/2546 6134/1/2546
f 1126/1/2546 1127/1/2546 6136/1/2546 6135/1/2546
f 1123/1/2546 6133/1/2546 6137/1/2546 1122/1/2546
f 1122/1/2546 6137/1/2546 6141/1/2546 1121/1/2546
f 1121/1/2546 6141/1/2546 6124/1/2546 1120/1/2546
f 59/1/2546 1194/1/2546 6145/1/2546 1130/1/2546
f 1194/1/2546 1195/1/2546 6146/1/2546 6145/1/2546
f 1195/1/2546 1196/1/2546 6147/1/2546 6146/1/2546
f 1196/1/2546 1197/1/2546 6148/1/2546 6147/1/2546
f 1130/1/2546 6145/1/2546 6149/1/2546 1129/1/2546
f 1129/1/2546 6149/1/2546 6153/1/2546 1128/1/2546
f 1128/1/2546 6153/1/2546 6136/1/2546 1127/1/2546
f 68/1/2546 1159/1/2546 6157/1/2546 1200/1/2546
f 1159/1/2546 1160/1/2546 6158/1/2546 6157/1/2546
f 1160/1/2546 1161/1/2546 6159/1/2546 6158/1/2546
f 1161/1/2546 1162/1/2546 6160/1/2546 6159/1/2546
f 1200/1/2546 6157/1/2546 6161/1/2546 1199/1/2546
f 1199/1/2546 6161/1/2546 6165/1/2546 1198/1/2546
f 1198/1/2546 6165/1/2546 6148/1/2546 1197/1/2546
f 70/1/2546 1166/1/2546 6169/1/2546 1165/1/2546
f 1166/1/2546 1167/1/2546 6170/1/2546 6169/1/2546
f 1167/1/2546 1168/1/2546 6171/1/2546 6170/1/2546
f 1168/1/2546 1169/1/2546 6172/1/2546 6171/1/2546
f 1165/1/2546 6169/1/2546 6173/1/2546 1164/1/2546
f 1164/1/2546 6173/1/2546 6177/1/2546 1163/1/2546
f 1163/1/2546 6177/1/2546 6160/1/2546 1162/1/2546
f 71/1/2546 1173/1/2546 6181/1/2546 1172/1/2546
f 1173/1/2546 1174/1/2546 6182/1/2546 6181/1/2546
f 1174/1/2546 1175/1/2546 6183/1/2546 6182/1/2546
f 1175/1/2546 1176/1/2546 6184/1/2546 6183/1/2546
f 1172/1/2546 6181/1/2546 6185/1/2546 1171/1/2546
f 1171/1/2546 6185/1/2546 6189/1/2546 1170/1/2546
f 1170/1/2546 6189/1/2546 6172/1/2546 1169/1/2546
f 72/1/2546 1180/1/2546 6193/1/2546 1179/1/2546
f 1180/1/2546 1181/1/2546 6194/1/2546 6193/1/2546
f 1181/1/2546 1182/1/2546 6195/1/2546 6194/1/2546
f 1182/1/2546 1183/1/2546 6196/1/2546 6195/1/2546
f 1179/1/2546 6193/1/2546 6197/1/2546 1178/1/2546
f 1178/1/2546 6197/1/2546 6201/1/2546 1177/1/2546
f 1177/1/2546 6201/1/2546 6184/1/2546 1176/1/2546
f 69/1/2546 1214/1/2546 6205/1/2546 1186/1/2546
f 1214/1/2546 1213/1/2546 6206/1/2546 6205/1/2546
f 1213/1/2546 1212/1/2546 6207/1/2546 6206/1/2546
f 1212/1/2546 1211/1/2546 6208/1/2546 6207/1/2546
f 1186/1/2546 6205/1/2546 6209/1/2546 1185/1/2546
f 1185/1/2546 6209/1/2546 6213/1/2546 1184/1/2546
f 1184/1/2546 6213/1/2546 6196/1/2546 1183/1/2546
f 76/1/2546 1235/1/2546 6217/1/2546 1208/1/2546
f 1235/1/2546 1234/1/2546 6218/1/2546 6217/1/2546
f 1234/1/2546 1233/1/2546 6219/1/2546 6218/1/2546
f 1233/1/2546 1232/1/2546 6220/1/2546 6219/1/2546
f 1208/1/2546 6217/1/2546 6221/1/2546 1209/1/2546
f 1209/1/2546 6221/1/2546 6225/1/2546 1210/1/2546
f 1210/1/2546 6225/1/2546 6208/1/2546 1211/1/2546
f 74/1/2548 1221/1/2546 6229/1/2546 1229/1/2548
f 1221/1/2546 1220/1/2546 6230/1/2546 6229/1/2546
f 1220/1/2546 1219/1/2546 6231/1/2546 6230/1/2546
f 1219/1/2546 1218/1/2546 6232/1/2546 6231/1/2546
f 1229/1/2548 6229/1/2546 6233/1/2546 1230/1/2546
f 1230/1/2546 6233/1/2546 6237/1/2546 1231/1/2546
f 1231/1/2546 6237/1/2546 6220/1/2546 1232/1/2546
f 73/1/2546 1222/1/2548 6241/1/2546 1215/1/2546
f 1222/1/2548 1223/1/2546 6242/1/2546 6241/1/2546
f 1223/1/2546 1224/1/2546 6243/1/2546 6242/1/2546
f 1224/1/2546 1225/1/2546 6244/1/2546 6243/1/2546
f 1215/1/2546 6241/1/2546 6245/1/2546 1216/1/2546
f 1216/1/2546 6245/1/2546 6249/1/2546 1217/1/2546
f 1217/1/2546 6249/1/2546 6232/1/2546 1218/1/2546
f 75/1/2546 1201/1/2546 6253/1/2546 1228/1/2546
f 1201/1/2546 1202/1/2546 6254/1/2546 6253/1/2546
f 1202/1/2546 1203/1/2546 6255/1/2546 6254/1/2546
f 1203/1/2546 1204/1/2546 6256/1/2546 6255/1/2546
f 1228/1/2546 6253/1/2546 6257/1/2546 1227/1/2546
f 1227/1/2546 6257/1/2546 6261/1/2546 1226/1/2546
f 1226/1/2546 6261/1/2546 6244/1/2546 1225/1/2546
f 64/1/2546 1158/1/2546 6265/1/2546 1207/1/2546
f 1158/1/2546 1157/1/2546 6266/1/2546 6265/1/2546
f 1157/1/2546 1156/1/2546 6267/1/2546 6266/1/2546
f 1156/1/2546 1155/1/2546 6268/1/2546 6267/1/2546
f 1207/1/2546 6265/1/2546 6269/1/2546 1206/1/2546
f 1206/1/2546 6269/1/2546 6273/1/2546 1205/1/2546
f 1205/1/2546 6273/1/2546 6256/1/2546 1204/1/2546
f 67/1/2546 1151/1/2546 6277/1/2546 1152/1/2546
f 1151/1/2546 1150/1/2546 6278/1/2546 6277/1/2546
f 1150/1/2546 1149/1/2546 6279/1/2546 6278/1/2546
f 1149/1/2546 1148/1/2546 6280/1/2546 6279/1/2546
f 1152/1/2546 6277/1/2546 6281/1/2546 1153/1/2546
f 1153/1/2546 6281/1/2546 6285/1/2546 1154/1/2546
f 1154/1/2546 6285/1/2546 6268/1/2546 1155/1/2546
f 66/1/2546 1144/1/2546 6289/1/2546 1145/1/2546
f 1144/1/2546 1143/1/2546 6290/1/2546 6289/1/2546
f 1143/1/2546 1142/1/2546 6291/1/2546 6290/1/2546
f 1142/1/2546 1141/1/2546 6292/1/2546 6291/1/2546
f 1145/1/2546 6289/1/2546 6293/1/2546 1146/1/2546
f 1146/1/2546 6293/1/2546 6297/1/2546 1147/1/2546
f 1147/1/2546 6297/1/2546 6280/1/2546 1148/1/2546
f 65/1/2546 1137/1/2546 6301/1/2546 1138/1/2546
f 1137/1/2546 1136/1/2546 6302/1/2546 6301/1/2546
f 1136/1/2546 1135/1/2546 6303/1/2546 6302/1/2546
f 1135/1/2546 1134/1/2546 6304/1/2546 6303/1/2546
f 1138/1/2546 6301/1/2546 6305/1/2546 1139/1/2546
f 1139/1/2546 6305/1/2546 6309/1/2546 1140/1/2546
f 1140/1/2546 6309/1/2546 6292/1/2546 1141/1/2546
f 63/1/2546 1193/1/2546 6313/1/2546 1131/1/2546
f 1193/1/2546 1192/1/2546 6314/1/2546 6313/1/2546
f 1192/1/2546 1191/1/2546 6315/1/2546 6314/1/2546
f 1191/1/2546 1190/1/2546 6316/1/2546 6315/1/2546
f 1131/1/2546 6313/1/2546 6317/1/2546 1132/1/2546
f 1132/1/2546 6317/1/2546 6321/1/2546 1133/1/2546
f 1133/1/2546 6321/1/2546 6304/1/2546 1134/1/2546
f 58/1/2546 1103/1/2546 6325/1/2546 1187/1/2546
f 1103/1/2546 1104/1/2546 6326/1/2546 6325/1/2546
f 1104/1/2546 1105/1/2546 6327/1/2546 6326/1/2546
f 1105/1/2546 1106/1/2546 6328/1/2546 6327/1/2546
f 1187/1/2546 6325/1/2546 6329/1/2546 1188/1/2546
f 1188/1/2546 6329/1/2546 6333/1/2546 1189/1/2546
f 1189/1/2546 6333/1/2546 6316/1/2546 1190/1/2546
f 6337/1/2549 6338/1/2549 6345/1/2550 6344/1/2550
f 6338/1/2549 6339/1/2549 6346/1/2550 6345/1/2550
f 6339/1/2549 6340/1/2549 6347/1/2550 6346/1/2550
f 6340/1/2549 6341/1/2549 6348/1/2550 6347/1/2550
f 6341/1/2549 6342/1/2549 6349/1/2550 6348/1/2550
f 6342/1/2549 6343/1/2549 6350/1/2550 6349/1/2550
f 6344/1/2550 6345/1/2550 6352/1/2551 6351/1/2551
f 6345/1/2550 6346/1/2550 6353/1/2551 6352/1/2551
f 6346/1/2550 6347/1/2550 6354/1/2551 6353/1/2551
f 6347/1/2550 6348/1/2550 6355/1/2551 6354/1/2551
f 6348/1/2550 6349/1/2550 6356/1/2551 6355/1/2551
f 6349/1/2550 6350/1/2550 6357/1/2551 6356/1/2551
f 6351/1/2551 6352/1/2551 6359/1/2552 6358/1/2552
f 6352/1/2551 6353/1/2551 6360/1/2552 6359/1/2552
f 6353/1/2551 6354/1/2551 6361/1/2552 6360/1/2552
f 6354/1/2551 6355/1/2551 6362/1/2552 6361/1/2552
f 6355/1/2551 6356/1/2551 6363/1/2552 6362/1/2552
f 6356/1/2551 6357/1/2551 6364/1/2552 6363/1/2552
f 6358/1/2552 6359/1/2552 6366/1/2553 6365/1/2553
f 6359/1/2552 6360/1/2552 6367/1/2553 6366/1/2553
f 6360/1/2552 6361/1/2552 6368/1/2553 6367/1/2553
f 6361/1/2552 6362/1/2552 6369/1/2553 6368/1/2553
f 6362/1/2552 6363/1/2552 6370/1/2553 6369/1/2553
f 6363/1/2552 6364/1/2552 6371/1/2553 6370/1/2553
f 6365/1/2553 6366/1/2553 6373/1/2554 6372/1/2554
f 6366/1/2553 6367/1/2553 6374/1/2554 6373/1/2554
f 6367/1/2553 6368/1/2553 6375/1/2554 6374/1/2554
f 6368/1/2553 6369/1/2553 6376/1/2554 6375/1/2554
f 6369/1/2553 6370/1/2553 6377/1/2554 6376/1/2554
f 6370/1/2553 6371/1/2553 6378/1/2554 6377/1/2554
f 6372/1/2554 6373/1/2554 6380/1/2555 6379/1/2555
f 6373/1/2554 6374/1/2554 6381/1/2555 6380/1/2555
f 6374/1/2554 6375/1/2554 6382/1/2555 6381/1/2555
f 6375/1/2554 6376/1/2554 6383/1/2555 6382/1/2555
f 6376/1/2554 6377/1/2554 6384/1/2555 6383/1/2555
f 6377/1/2554 6378/1/2554 6385/1/2555 6384/1/2555
f 89/1/1372 535/1/1372 6337/1/2549 234/1/2549
f 535/1/1372 534/1/1372 6338/1/2549 6337/1/2549
f 534/1/1372 533/1/1372 6339/1/2549 6338/1/2549
f 533/1/1372 532/1/1372 6340/1/2549 6339/1/2549
f 532/1/1372 531/1/1372 6341/1/2549 6340/1/2549
f 531/1/1372 530/1/1372 6342/1/2549 6341/1/2549
f 530/1/1372 529/1/1372 6343/1/2549 6342/1/2549
f 529/1/1372 23/1/212 634/1/1235 6343/1/2549
f 6343/1/2549 634/1/1235 635/1/1234 6350/1/2550
f 6350/1/2550 635/1/1234 636/1/1233 6357/1/2551
f 6357/1/2551 636/1/1233 637/1/1232 6364/1/2552
f 6364/1/2552 637/1/1232 638/1/1231 6371/1/2553
f 6371/1/2553 638/1/1231 639/1/1230 6378/1/2554
f 6378/1/2554 639/1/1230 640/1/1229 6385/1/2555
f 6385/1/2555 640/1/1229 33/1/885 626/1/1290
f 6384/1/2555 6385/1/2555 626/1/1290 625/1/1290
f 6383/1/2555 6384/1/2555 625/1/1290 624/1/1290
f 6382/1/2555 6383/1/2555 624/1/1290 623/1/1290
f 6381/1/2555 6382/1/2555 623/1/1290 622/1/1290
f 6380/1/2555 6381/1/2555 622/1/1290 621/1/1290
f 6379/1/2555 6380/1/2555 621/1/1290 620/1/1290
f 228/1/2555 6379/1/2555 620/1/1290 87/1/1290
f 229/1/2554 6372/1/2554 6379/1/2555 228/1/2555
f 230/1/2553 6365/1/2553 6372/1/2554 229/1/2554
f 231/1/2552 6358/1/2552 6365/1/2553 230/1/2553
f 232/1/2551 6351/1/2551 6358/1/2552 231/1/2552
f 233/1/2550 6344/1/2550 6351/1/2551 232/1/2551
f 234/1/2549 6337/1/2549 6344/1/2550 233/1/2550
f 6386/1/2556 6387/1/2557 6394/1/2558 6393/1/2559
f 6387/1/2557 6388/1/2560 6395/1/2561 6394/1/2558
f 6388/1/2560 6389/1/2562 6396/1/2563 6395/1/2561
f 6389/1/2562 6390/1/2564 6397/1/2565 6396/1/2563
f 6390/1/2564 6391/1/2566 6398/1/2567 6397/1/2565
f 6391/1/2566 6392/1/2568 6399/1/2569 6398/1/2567
f 6393/1/2559 6394/1/2558 6401/1/2570 6400/1/2571
f 6394/1/2558 6395/1/2561 6402/1/2572 6401/1/2570
f 6395/1/2561 6396/1/2563 6403/1/2573 6402/1/2572
f 6396/1/2563 6397/1/2565 6404/1/2574 6403/1/2573
f 6397/1/2565 6398/1/2567 6405/1/2575 6404/1/2574
f 6398/1/2567 6399/1/2569 6406/1/2576 6405/1/2575
f 6400/1/2571 6401/1/2570 6408/1/2577 6407/1/2578
f 6401/1/2570 6402/1/2572 6409/1/2579 6408/1/2577
f 6402/1/2572 6403/1/2573 6410/1/2580 6409/1/2579
f 6403/1/2573 6404/1/2574 6411/1/2581 6410/1/2580
f 6404/1/2574 6405/1/2575 6412/1/2582 6411/1/2581
f 6405/1/2575 6406/1/2576 6413/1/2583 6412/1/2582
f 6407/1/2578 6408/1/2577 6415/1/2584 6414/1/2585
f 6408/1/2577 6409/1/2579 6416/1/2586 6415/1/2584
f 6409/1/2579 6410/1/2580 6417/1/2587 6416/1/2586
f 6410/1/2580 6411/1/2581 6418/1/2588 6417/1/2587
f 6411/1/2581 6412/1/2582 6419/1/2589 6418/1/2588
f 6412/1/2582 6413/1/2583 6420/1/2590 6419/1/2589
f 6414/1/2585 6415/1/2584 6422/1/2591 6421/1/2592
f 6415/1/2584 6416/1/2586 6423/1/2593 6422/1/2591
f 6416/1/2586 6417/1/2587 6424/1/2594 6423/1/2593
f 6417/1/2587 6418/1/2588 6425/1/2595 6424/1/2594
f 6418/1/2588 6419/1/2589 6426/1/2596 6425/1/2595
f 6419/1/2589 6420/1/2590 6427/1/2597 6426/1/2596
f 6421/1/2592 6422/1/2591 6429/1/2598 6428/1/2599
f 6422/1/2591 6423/1/2593 6430/1/2600 6429/1/2598
f 6423/1/2593 6424/1/2594 6431/1/2601 6430/1/2600
f 6424/1/2594 6425/1/2595 6432/1/2602 6431/1/2601
f 6425/1/2595 6426/1/2596 6433/1/2603 6432/1/2602
f 6426/1/2596 6427/1/2597 6434/1/2604 6433/1/2603
f 112/1/2605 1571/1/2606 6386/1/2556 1830/1/2607
f 1571/1/2606 1570/1/2608 6387/1/2557 6386/1/2556
f 1570/1/2608 1569/1/2609 6388/1/2560 6387/1/2557
f 1569/1/2609 1568/1/2610 6389/1/2562 6388/1/2560
f 1568/1/2610 1567/1/2611 6390/1/2564 6389/1/2562
f 1567/1/2611 1566/1/2612 6391/1/2566 6390/1/2564
f 1566/1/2612 1565/1/2613 6392/1/2568 6391/1/2566
f 1565/1/2613 96/1/2614 1376/1/2615 6392/1/2568
f 6392/1/2568 1376/1/2615 1377/1/2616 6399/1/2569
f 6399/1/2569 1377/1/2616 1378/1/2617 6406/1/2576
f 6406/1/2576 1378/1/2617 1379/1/2618 6413/1/2583
f 6413/1/2583 1379/1/2618 1380/1/2619 6420/1/2590
f 6420/1/2590 1380/1/2619 1381/1/2620 6427/1/2597
f 6427/1/2597 1381/1/2620 1382/1/2621 6434/1/2604
f 6434/1/2604 1382/1/2621 97/1/2622 1487/1/2623
f 6433/1/2603 6434/1/2604 1487/1/2623 1486/1/2624
f 6432/1/2602 6433/1/2603 1486/1/2624 1485/1/2625
f 6431/1/2601 6432/1/2602 1485/1/2625 1484/1/2626
f 6430/1/2600 6431/1/2601 1484/1/2626 1483/1/2627
f 6429/1/2598 6430/1/2600 1483/1/2627 1482/1/2628
f 6428/1/2599 6429/1/2598 1482/1/2628 1481/1/2629
f 1824/1/2630 6428/1/2599 1481/1/2629 111/1/2631
f 1825/1/2632 6421/1/2592 6428/1/2599 1824/1/2630
f 1826/1/2633 6414/1/2585 6421/1/2592 1825/1/2632
f 1827/1/2634 6407/1/2578 6414/1/2585 1826/1/2633
f 1828/1/2635 6400/1/2571 6407/1/2578 1827/1/2634
f 1829/1/2636 6393/1/2559 6400/1/2571 1828/1/2635
f 1830/1/2607 6386/1/2556 6393/1/2559 1829/1/2636
f 6435/1/2637 6436/1/2638 6443/1/2639 6442/1/2640
f 6436/1/2638 6437/1/2641 6444/1/2642 6443/1/2639
f 6437/1/2641 6438/1/2643 6445/1/2644 6444/1/2642
f 6438/1/2643 6439/1/2645 6446/1/2646 6445/1/2644
f 6439/1/2645 6440/1/2647 6447/1/2648 6446/1/2646
f 6440/1/2647 6441/1/2649 6448/1/2650 6447/1/2648
f 6442/1/2640 6443/1/2639 6450/1/2651 6449/1/2652
f 6443/1/2639 6444/1/2642 6451/1/2653 6450/1/2651
f 6444/1/2642 6445/1/2644 6452/1/2654 6451/1/2653
f 6445/1/2644 6446/1/2646 6453/1/2655 6452/1/2654
f 6446/1/2646 6447/1/2648 6454/1/2656 6453/1/2655
f 6447/1/2648 6448/1/2650 6455/1/2657 6454/1/2656
f 6449/1/2652 6450/1/2651 6457/1/2658 6456/1/2659
f 6450/1/2651 6451/1/2653 6458/1/2660 6457/1/2658
f 6451/1/2653 6452/1/2654 6459/1/2661 6458/1/2660
f 6452/1/2654 6453/1/2655 6460/1/2662 6459/1/2661
f 6453/1/2655 6454/1/2656 6461/1/2663 6460/1/2662
f 6454/1/2656 6455/1/2657 6462/1/2664 6461/1/2663
f 6456/1/2659 6457/1/2658 6464/1/2665 6463/1/2666
f 6457/1/2658 6458/1/2660 6465/1/2667 6464/1/2665
f 6458/1/2660 6459/1/2661 6466/1/2668 6465/1/2667
f 6459/1/2661 6460/1/2662 6467/1/2669 6466/1/2668
f 6460/1/2662 6461/1/2663 6468/1/2670 6467/1/2669
f 6461/1/2663 6462/1/2664 6469/1/2671 6468/1/2670
f 6463/1/2666 6464/1/2665 6471/1/2672 6470/1/2673
f 6464/1/2665 6465/1/2667 6472/1/2674 6471/1/2672
f 6465/1/2667 6466/1/2668 6473/1/2675 6472/1/2674
f 6466/1/2668 6467/1/2669 6474/1/2676 6473/1/2675
f 6467/1/2669 6468/1/2670 6475/1/2677 6474/1/2676
f 6468/1/2670 6469/1/2671 6476/1/2678 6475/1/2677
f 6470/1/2673 6471/1/2672 6478/1/2679 6477/1/2680
f 6471/1/2672 6472/1/2674 6479/1/2681 6478/1/2679
f 6472/1/2674 6473/1/2675 6480/1/2682 6479/1/2681
f 6473/1/2675 6474/1/2676 6481/1/2683 6480/1/2682
f 6474/1/2676 6475/1/2677 6482/1/2684 6481/1/2683
f 6475/1/2677 6476/1/2678 6483/1/2685 6482/1/2684
f 130/1/2686 1866/1/2687 6435/1/2637 1858/1/2688
f 1866/1/2687 1867/1/2689 6436/1/2638 6435/1/2637
f 1867/1/2689 1868/1/2690 6437/1/2641 6436/1/2638
f 1868/1/2690 1869/1/2691 6438/1/2643 6437/1/2641
f 1869/1/2691 1870/1/2692 6439/1/2645 6438/1/2643
f 1870/1/2692 1871/1/2693 6440/1/2647 6439/1/2645
f 1871/1/2693 1872/1/2694 6441/1/2649 6440/1/2647
f 1872/1/2694 129/1/2695 1467/1/2696 6441/1/2649
f 6441/1/2649 1467/1/2696 1468/1/2697 6448/1/2650
f 6448/1/2650 1468/1/2697 1469/1/2698 6455/1/2657
f 6455/1/2657 1469/1/2698 1470/1/2699 6462/1/2664
f 6462/1/2664 1470/1/2699 1471/1/2700 6469/1/2671
f 6469/1/2671 1471/1/2700 1472/1/2701 6476/1/2678
f 6476/1/2678 1472/1/2701 1473/1/2702 6483/1/2685
f 6483/1/2685 1473/1/2702 100/1/2703 1494/1/2704
f 6482/1/2684 6483/1/2685 1494/1/2704 1493/1/2705
f 6481/1/2683 6482/1/2684 1493/1/2705 1492/1/2706
f 6480/1/2682 6481/1/2683 1492/1/2706 1491/1/2707
f 6479/1/2681 6480/1/2682 1491/1/2707 1490/1/2708
f 6478/1/2679 6479/1/2681 1490/1/2708 1489/1/2709
f 6477/1/2680 6478/1/2679 1489/1/2709 1488/1/2710
f 1852/1/2711 6477/1/2680 1488/1/2710 113/1/2712
f 1853/1/2713 6470/1/2673 6477/1/2680 1852/1/2711
f 1854/1/2714 6463/1/2666 6470/1/2673 1853/1/2713
f 1855/1/2715 6456/1/2659 6463/1/2666 1854/1/2714
f 1856/1/2716 6449/1/2652 6456/1/2659 1855/1/2715
f 1857/1/2717 6442/1/2640 6449/1/2652 1856/1/2716
f 1858/1/2688 6435/1/2637 6442/1/2640 1857/1/2717
f 6484/1/2718 6485/1/2719 6492/1/2720 6491/1/2721
f 6485/1/2719 6486/1/2722 6493/1/2723 6492/1/2720
f 6486/1/2722 6487/1/2724 6494/1/2725 6493/1/2723
f 6487/1/2724 6488/1/2726 6495/1/2727 6494/1/2725
f 6488/1/2726 6489/1/2728 6496/1/2729 6495/1/2727
f 6489/1/2728 6490/1/2730 6497/1/2731 6496/1/2729
f 6491/1/2721 6492/1/2720 6499/1/2732 6498/1/2733
f 6492/1/2720 6493/1/2723 6500/1/2734 6499/1/2732
f 6493/1/2723 6494/1/2725 6501/1/2735 6500/1/2734
f 6494/1/2725 6495/1/2727 6502/1/2736 6501/1/2735
f 6495/1/2727 6496/1/2729 6503/1/2737 6502/1/2736
f 6496/1/2729 6497/1/2731 6504/1/2738 6503/1/2737
f 6498/1/2733 6499/1/2732 6506/1/2739 6505/1/2740
f 6499/1/2732 6500/1/2734 6507/1/2741 6506/1/2739
f 6500/1/2734 6501/1/2735 6508/1/2742 6507/1/2741
f 6501/1/2735 6502/1/2736 6509/1/2743 6508/1/2742
f 6502/1/2736 6503/1/2737 6510/1/2744 6509/1/2743
f 6503/1/2737 6504/1/2738 6511/1/2745 6510/1/2744
f 6505/1/2740 6506/1/2739 6513/1/2746 6512/1/2747
f 6506/1/2739 6507/1/2741 6514/1/2748 6513/1/2746
f 6507/1/2741 6508/1/2742 6515/1/2749 6514/1/2748
f 6508/1/2742 6509/1/2743 6516/1/2750 6515/1/2749
f 6509/1/2743 6510/1/2744 6517/1/2751 6516/1/2750
f 6510/1/2744 6511/1/2745 6518/1/2752 6517/1/2751
f 6512/1/2747 6513/1/2746 6520/1/2753 6519/1/2754
f 6513/1/2746 6514/1/2748 6521/1/2755 6520/1/2753
f 6514/1/2748 6515/1/2749 6522/1/2756 6521/1/2755
f 6515/1/2749 6516/1/2750 6523/1/2757 6522/1/2756
f 6516/1/2750 6517/1/2751 6524/1/2758 6523/1/2757
f 6517/1/2751 6518/1/2752 6525/1/2759 6524/1/2758
f 6519/1/2754 6520/1/2753 6527/1/2760 6526/1/2761
f 6520/1/2753 6521/1/2755 6528/1/2762 6527/1/2760
f 6521/1/2755 6522/1/2756 6529/1/2763 6528/1/2762
f 6522/1/2756 6523/1/2757 6530/1/2764 6529/1/2763
f 6523/1/2757 6524/1/2758 6531/1/2765 6530/1/2764
f 6524/1/2758 6525/1/2759 6532/1/2766 6531/1/2765
f 116/1/2767 1613/1/2768 6484/1/2718 1816/1/2769
f 1613/1/2768 1612/1/2770 6485/1/2719 6484/1/2718
f 1612/1/2770 1611/1/2771 6486/1/2722 6485/1/2719
f 1611/1/2771 1610/1/2772 6487/1/2724 6486/1/2722
f 1610/1/2772 1609/1/2773 6488/1/2726 6487/1/2724
f 1609/1/2773 1608/1/2774 6489/1/2728 6488/1/2726
f 1608/1/2774 1607/1/2775 6490/1/2730 6489/1/2728
f 1607/1/2775 106/1/2776 1432/1/2777 6490/1/2730
f 6490/1/2730 1432/1/2777 1433/1/2778 6497/1/2731
f 6497/1/2731 1433/1/2778 1434/1/2779 6504/1/2738
f 6504/1/2738 1434/1/2779 1435/1/2780 6511/1/2745
f 6511/1/2745 1435/1/2780 1436/1/2781 6518/1/2752
f 6518/1/2752 1436/1/2781 1437/1/2782 6525/1/2759
f 6525/1/2759 1437/1/2782 1438/1/2783 6532/1/2766
f 6532/1/2766 1438/1/2783 107/1/2784 1501/1/2785
f 6531/1/2765 6532/1/2766 1501/1/2785 1500/1/2786
f 6530/1/2764 6531/1/2765 1500/1/2786 1499/1/2787
f 6529/1/2763 6530/1/2764 1499/1/2787 1498/1/2788
f 6528/1/2762 6529/1/2763 1498/1/2788 1497/1/2789
f 6527/1/2760 6528/1/2762 1497/1/2789 1496/1/2790
f 6526/1/2761 6527/1/2760 1496/1/2790 1495/1/2791
f 1810/1/2792 6526/1/2761 1495/1/2791 115/1/2793
f 1811/1/2794 6519/1/2754 6526/1/2761 1810/1/2792
f 1812/1/2795 6512/1/2747 6519/1/2754 1811/1/2794
f 1813/1/2796 6505/1/2740 6512/1/2747 1812/1/2795
f 1814/1/2797 6498/1/2733 6505/1/2740 1813/1/2796
f 1815/1/2798 6491/1/2721 6498/1/2733 1814/1/2797
f 1816/1/2769 6484/1/2718 6491/1/2721 1815/1/2798
f 6533/1/2799 6534/1/2800 6541/1/2801 6540/1/2802
f 6534/1/2800 6535/1/2803 6542/1/2804 6541/1/2801
f 6535/1/2803 6536/1/2805 6543/1/2806 6542/1/2804
f 6536/1/2805 6537/1/2807 6544/1/2808 6543/1/2806
f 6537/1/2807 6538/1/2809 6545/1/2810 6544/1/2808
f 6538/1/2809 6539/1/2811 6546/1/2812 6545/1/2810
f 6540/1/2802 6541/1/2801 6548/1/2813 6547/1/2814
f 6541/1/2801 6542/1/2804 6549/1/2815 6548/1/2813
f 6542/1/2804 6543/1/2806 6550/1/2816 6549/1/2815
f 6543/1/2806 6544/1/2808 6551/1/2817 6550/1/2816
f 6544/1/2808 6545/1/2810 6552/1/2818 6551/1/2817
f 6545/1/2810 6546/1/2812 6553/1/2819 6552/1/2818
f 6547/1/2814 6548/1/2813 6555/1/2820 6554/1/2821
f 6548/1/2813 6549/1/2815 6556/1/2822 6555/1/2820
f 6549/1/2815 6550/1/2816 6557/1/2823 6556/1/2822
f 6550/1/2816 6551/1/2817 6558/1/2824 6557/1/2823
f 6551/1/2817 6552/1/2818 6559/1/2825 6558/1/2824
f 6552/1/2818 6553/1/2819 6560/1/2826 6559/1/2825
f 6554/1/2821 6555/1/2820 6562/1/2827 6561/1/2828
f 6555/1/2820 6556/1/2822 6563/1/2829 6562/1/2827
f 6556/1/2822 6557/1/2823 6564/1/2830 6563/1/2829
f 6557/1/2823 6558/1/2824 6565/1/2831 6564/1/2830
f 6558/1/2824 6559/1/2825 6566/1/2832 6565/1/2831
f 6559/1/2825 6560/1/2826 6567/1/2833 6566/1/2832
f 6561/1/2828 6562/1/2827 6569/1/2834 6568/1/2835
f 6562/1/2827 6563/1/2829 6570/1/2836 6569/1/2834
f 6563/1/2829 6564/1/2830 6571/1/2837 6570/1/2836
f 6564/1/2830 6565/1/2831 6572/1/2838 6571/1/2837
f 6565/1/2831 6566/1/2832 6573/1/2839 6572/1/2838
f 6566/1/2832 6567/1/2833 6574/1/2840 6573/1/2839
f 6568/1/2835 6569/1/2834 6576/1/2841 6575/1/2842
f 6569/1/2834 6570/1/2836 6577/1/2843 6576/1/2841
f 6570/1/2836 6571/1/2837 6578/1/2844 6577/1/2843
f 6571/1/2837 6572/1/2838 6579/1/2845 6578/1/2844
f 6572/1/2838 6573/1/2839 6580/1/2846 6579/1/2845
f 6573/1/2839 6574/1/2840 6581/1/2847 6580/1/2846
f 111/1/2631 1481/1/2629 6533/1/2799 1809/1/2848
f 1481/1/2629 1482/1/2628 6534/1/2800 6533/1/2799
f 1482/1/2628 1483/1/2627 6535/1/2803 6534/1/2800
f 1483/1/2627 1484/1/2626 6536/1/2805 6535/1/2803
f 1484/1/2626 1485/1/2625 6537/1/2807 6536/1/2805
f 1485/1/2625 1486/1/2624 6538/1/2809 6537/1/2807
f 1486/1/2624 1487/1/2623 6539/1/2811 6538/1/2809
f 1487/1/2623 97/1/2622 1383/1/2849 6539/1/2811
f 6539/1/2811 1383/1/2849 1384/1/2850 6546/1/2812
f 6546/1/2812 1384/1/2850 1385/1/2851 6553/1/2819
f 6553/1/2819 1385/1/2851 1386/1/2852 6560/1/2826
f 6560/1/2826 1386/1/2852 1387/1/2853 6567/1/2833
f 6567/1/2833 1387/1/2853 1388/1/2854 6574/1/2840
f 6574/1/2840 1388/1/2854 1389/1/2855 6581/1/2847
f 6581/1/2847 1389/1/2855 98/1/2856 1508/1/2857
f 6580/1/2846 6581/1/2847 1508/1/2857 1507/1/2858
f 6579/1/2845 6580/1/2846 1507/1/2858 1506/1/2859
f 6578/1/2844 6579/1/2845 1506/1/2859 1505/1/2860
f 6577/1/2843 6578/1/2844 1505/1/2860 1504/1/2861
f 6576/1/2841 6577/1/2843 1504/1/2861 1503/1/2862
f 6575/1/2842 6576/1/2841 1503/1/2862 1502/1/2863
f 1803/1/2864 6575/1/2842 1502/1/2863 117/1/2865
f 1804/1/2866 6568/1/2835 6575/1/2842 1803/1/2864
f 1805/1/2867 6561/1/2828 6568/1/2835 1804/1/2866
f 1806/1/2868 6554/1/2821 6561/1/2828 1805/1/2867
f 1807/1/2869 6547/1/2814 6554/1/2821 1806/1/2868
f 1808/1/2870 6540/1/2802 6547/1/2814 1807/1/2869
f 1809/1/2848 6533/1/2799 6540/1/2802 1808/1/2870
f 6582/1/2871 6583/1/2872 6590/1/2873 6589/1/2874
f 6583/1/2872 6584/1/2875 6591/1/2876 6590/1/2873
f 6584/1/2875 6585/1/2877 6592/1/2878 6591/1/2876
f 6585/1/2877 6586/1/2879 6593/1/2880 6592/1/2878
f 6586/1/2879 6587/1/2881 6594/1/2882 6593/1/2880
f 6587/1/2881 6588/1/2883 6595/1/2884 6594/1/2882
f 6589/1/2874 6590/1/2873 6597/1/2885 6596/1/2886
f 6590/1/2873 6591/1/2876 6598/1/2887 6597/1/2885
f 6591/1/2876 6592/1/2878 6599/1/2888 6598/1/2887
f 6592/1/2878 6593/1/2880 6600/1/2889 6599/1/2888
f 6593/1/2880 6594/1/2882 6601/1/2890 6600/1/2889
f 6594/1/2882 6595/1/2884 6602/1/2891 6601/1/2890
f 6596/1/2886 6597/1/2885 6604/1/2892 6603/1/2893
f 6597/1/2885 6598/1/2887 6605/1/2894 6604/1/2892
f 6598/1/2887 6599/1/2888 6606/1/2895 6605/1/2894
f 6599/1/2888 6600/1/2889 6607/1/2896 6606/1/2895
f 6600/1/2889 6601/1/2890 6608/1/2897 6607/1/2896
f 6601/1/2890 6602/1/2891 6609/1/2898 6608/1/2897
f 6603/1/2893 6604/1/2892 6611/1/2899 6610/1/2900
f 6604/1/2892 6605/1/2894 6612/1/2901 6611/1/2899
f 6605/1/2894 6606/1/2895 6613/1/2902 6612/1/2901
f 6606/1/2895 6607/1/2896 6614/1/2903 6613/1/2902
f 6607/1/2896 6608/1/2897 6615/1/2904 6614/1/2903
f 6608/1/2897 6609/1/2898 6616/1/2905 6615/1/2904
f 6610/1/2900 6611/1/2899 6618/1/2906 6617/1/2907
f 6611/1/2899 6612/1/2901 6619/1/2908 6618/1/2906
f 6612/1/2901 6613/1/2902 6620/1/2909 6619/1/2908
f 6613/1/2902 6614/1/2903 6621/1/2910 6620/1/2909
f 6614/1/2903 6615/1/2904 6622/1/2911 6621/1/2910
f 6615/1/2904 6616/1/2905 6623/1/2912 6622/1/2911
f 6617/1/2907 6618/1/2906 6625/1/2913 6624/1/2914
f 6618/1/2906 6619/1/2908 6626/1/2915 6625/1/2913
f 6619/1/2908 6620/1/2909 6627/1/2916 6626/1/2915
f 6620/1/2909 6621/1/2910 6628/1/2917 6627/1/2916
f 6621/1/2910 6622/1/2911 6629/1/2918 6628/1/2917
f 6622/1/2911 6623/1/2912 6630/1/2919 6629/1/2918
f 133/1/2920 1886/1/2921 6582/1/2871 1900/1/2922
f 1886/1/2921 1885/1/2923 6583/1/2872 6582/1/2871
f 1885/1/2923 1884/1/2924 6584/1/2875 6583/1/2872
f 1884/1/2924 1883/1/2925 6585/1/2877 6584/1/2875
f 1883/1/2925 1882/1/2926 6586/1/2879 6585/1/2877
f 1882/1/2926 1881/1/2927 6587/1/2881 6586/1/2879
f 1881/1/2927 1880/1/2928 6588/1/2883 6587/1/2881
f 1880/1/2928 118/1/2929 1509/1/2930 6588/1/2883
f 6588/1/2883 1509/1/2930 1510/1/2931 6595/1/2884
f 6595/1/2884 1510/1/2931 1511/1/2932 6602/1/2891
f 6602/1/2891 1511/1/2932 1512/1/2933 6609/1/2898
f 6609/1/2898 1512/1/2933 1513/1/2934 6616/1/2905
f 6616/1/2905 1513/1/2934 1514/1/2935 6623/1/2912
f 6623/1/2912 1514/1/2935 1515/1/2936 6630/1/2919
f 6630/1/2919 1515/1/2936 105/1/2937 1480/1/2938
f 6629/1/2918 6630/1/2919 1480/1/2938 1479/1/2939
f 6628/1/2917 6629/1/2918 1479/1/2939 1478/1/2940
f 6627/1/2916 6628/1/2917 1478/1/2940 1477/1/2941
f 6626/1/2915 6627/1/2916 1477/1/2941 1476/1/2942
f 6625/1/2913 6626/1/2915 1476/1/2942 1475/1/2943
f 6624/1/2914 6625/1/2913 1475/1/2943 1474/1/2944
f 1894/1/2945 6624/1/2914 1474/1/2944 132/1/2946
f 1895/1/2947 6617/1/2907 6624/1/2914 1894/1/2945
f 1896/1/2948 6610/1/2900 6617/1/2907 1895/1/2947
f 1897/1/2949 6603/1/2893 6610/1/2900 1896/1/2948
f 1898/1/2950 6596/1/2886 6603/1/2893 1897/1/2949
f 1899/1/2951 6589/1/2874 6596/1/2886 1898/1/2950
f 1900/1/2922 6582/1/2871 6589/1/2874 1899/1/2951
f 6631/1/2952 6632/1/2953 6639/1/2954 6638/1/2955
f 6632/1/2953 6633/1/2956 6640/1/2957 6639/1/2954
f 6633/1/2956 6634/1/2958 6641/1/2959 6640/1/2957
f 6634/1/2958 6635/1/2960 6642/1/2961 6641/1/2959
f 6635/1/2960 6636/1/2962 6643/1/2963 6642/1/2961
f 6636/1/2962 6637/1/2964 6644/1/2965 6643/1/2963
f 6638/1/2955 6639/1/2954 6646/1/2966 6645/1/2967
f 6639/1/2954 6640/1/2957 6647/1/2968 6646/1/2966
f 6640/1/2957 6641/1/2959 6648/1/2969 6647/1/2968
f 6641/1/2959 6642/1/2961 6649/1/2970 6648/1/2969
f 6642/1/2961 6643/1/2963 6650/1/2971 6649/1/2970
f 6643/1/2963 6644/1/2965 6651/1/2972 6650/1/2971
f 6645/1/2967 6646/1/2966 6653/1/2973 6652/1/2974
f 6646/1/2966 6647/1/2968 6654/1/2975 6653/1/2973
f 6647/1/2968 6648/1/2969 6655/1/2976 6654/1/2975
f 6648/1/2969 6649/1/2970 6656/1/2977 6655/1/2976
f 6649/1/2970 6650/1/2971 6657/1/2978 6656/1/2977
f 6650/1/2971 6651/1/2972 6658/1/2979 6657/1/2978
f 6652/1/2974 6653/1/2973 6660/1/2980 6659/1/2981
f 6653/1/2973 6654/1/2975 6661/1/2982 6660/1/2980
f 6654/1/2975 6655/1/2976 6662/1/2983 6661/1/2982
f 6655/1/2976 6656/1/2977 6663/1/2984 6662/1/2983
f 6656/1/2977 6657/1/2978 6664/1/2985 6663/1/2984
f 6657/1/2978 6658/1/2979 6665/1/2986 6664/1/2985
f 6659/1/2981 6660/1/2980 6667/1/2987 6666/1/2988
f 6660/1/2980 6661/1/2982 6668/1/2989 6667/1/2987
f 6661/1/2982 6662/1/2983 6669/1/2990 6668/1/2989
f 6662/1/2983 6663/1/2984 6670/1/2991 6669/1/2990
f 6663/1/2984 6664/1/2985 6671/1/2992 6670/1/2991
f 6664/1/2985 6665/1/2986 6672/1/2993 6671/1/2992
f 6666/1/2988 6667/1/2987 6674/1/2994 6673/1/2995
f 6667/1/2987 6668/1/2989 6675/1/2996 6674/1/2994
f 6668/1/2989 6669/1/2990 6676/1/2997 6675/1/2996
f 6669/1/2990 6670/1/2991 6677/1/2998 6676/1/2997
f 6670/1/2991 6671/1/2992 6678/1/2999 6677/1/2998
f 6671/1/2992 6672/1/2993 6679/1/3000 6678/1/2999
f 115/1/2793 1495/1/2791 6631/1/2952 1795/1/3001
f 1495/1/2791 1496/1/2790 6632/1/2953 6631/1/2952
f 1496/1/2790 1497/1/2789 6633/1/2956 6632/1/2953
f 1497/1/2789 1498/1/2788 6634/1/2958 6633/1/2956
f 1498/1/2788 1499/1/2787 6635/1/2960 6634/1/2958
f 1499/1/2787 1500/1/2786 6636/1/2962 6635/1/2960
f 1500/1/2786 1501/1/2785 6637/1/2964 6636/1/2962
f 1501/1/2785 107/1/2784 1439/1/3002 6637/1/2964
f 6637/1/2964 1439/1/3002 1440/1/3003 6644/1/2965
f 6644/1/2965 1440/1/3003 1441/1/3004 6651/1/2972
f 6651/1/2972 1441/1/3004 1442/1/3005 6658/1/2979
f 6658/1/2979 1442/1/3005 1443/1/3006 6665/1/2986
f 6665/1/2986 1443/1/3006 1444/1/3007 6672/1/2993
f 6672/1/2993 1444/1/3007 1445/1/3008 6679/1/3000
f 6679/1/3000 1445/1/3008 108/1/3009 1522/1/3010
f 6678/1/2999 6679/1/3000 1522/1/3010 1521/1/3011
f 6677/1/2998 6678/1/2999 1521/1/3011 1520/1/3012
f 6676/1/2997 6677/1/2998 1520/1/3012 1519/1/3013
f 6675/1/2996 6676/1/2997 1519/1/3013 1518/1/3014
f 6674/1/2994 6675/1/2996 1518/1/3014 1517/1/3015
f 6673/1/2995 6674/1/2994 1517/1/3015 1516/1/3016
f 1789/1/3017 6673/1/2995 1516/1/3016 120/1/3018
f 1790/1/3019 6666/1/2988 6673/1/2995 1789/1/3017
f 1791/1/3020 6659/1/2981 6666/1/2988 1790/1/3019
f 1792/1/3021 6652/1/2974 6659/1/2981 1791/1/3020
f 1793/1/3022 6645/1/2967 6652/1/2974 1792/1/3021
f 1794/1/3023 6638/1/2955 6645/1/2967 1793/1/3022
f 1795/1/3001 6631/1/2952 6638/1/2955 1794/1/3023
f 6680/1/3024 6681/1/3025 6688/1/3026 6687/1/3027
f 6681/1/3025 6682/1/3028 6689/1/3029 6688/1/3026
f 6682/1/3028 6683/1/3030 6690/1/3031 6689/1/3029
f 6683/1/3030 6684/1/3032 6691/1/3033 6690/1/3031
f 6684/1/3032 6685/1/3034 6692/1/3035 6691/1/3033
f 6685/1/3034 6686/1/3036 6693/1/3037 6692/1/3035
f 6687/1/3027 6688/1/3026 6695/1/3038 6694/1/3039
f 6688/1/3026 6689/1/3029 6696/1/3040 6695/1/3038
f 6689/1/3029 6690/1/3031 6697/1/3041 6696/1/3040
f 6690/1/3031 6691/1/3033 6698/1/3042 6697/1/3041
f 6691/1/3033 6692/1/3035 6699/1/3043 6698/1/3042
f 6692/1/3035 6693/1/3037 6700/1/3044 6699/1/3043
f 6694/1/3039 6695/1/3038 6702/1/3045 6701/1/3046
f 6695/1/3038 6696/1/3040 6703/1/3047 6702/1/3045
f 6696/1/3040 6697/1/3041 6704/1/3048 6703/1/3047
f 6697/1/3041 6698/1/3042 6705/1/3049 6704/1/3048
f 6698/1/3042 6699/1/3043 6706/1/3050 6705/1/3049
f 6699/1/3043 6700/1/3044 6707/1/3051 6706/1/3050
f 6701/1/3046 6702/1/3045 6709/1/3052 6708/1/3053
f 6702/1/3045 6703/1/3047 6710/1/3054 6709/1/3052
f 6703/1/3047 6704/1/3048 6711/1/3055 6710/1/3054
f 6704/1/3048 6705/1/3049 6712/1/3056 6711/1/3055
f 6705/1/3049 6706/1/3050 6713/1/3057 6712/1/3056
f 6706/1/3050 6707/1/3051 6714/1/3058 6713/1/3057
f 6708/1/3053 6709/1/3052 6716/1/3059 6715/1/3060
f 6709/1/3052 6710/1/3054 6717/1/3061 6716/1/3059
f 6710/1/3054 6711/1/3055 6718/1/3062 6717/1/3061
f 6711/1/3055 6712/1/3056 6719/1/3063 6718/1/3062
f 6712/1/3056 6713/1/3057 6720/1/3064 6719/1/3063
f 6713/1/3057 6714/1/3058 6721/1/3065 6720/1/3064
f 6715/1/3060 6716/1/3059 6723/1/3066 6722/1/3067
f 6716/1/3059 6717/1/3061 6724/1/3068 6723/1/3066
f 6717/1/3061 6718/1/3062 6725/1/3069 6724/1/3068
f 6718/1/3062 6719/1/3063 6726/1/3070 6725/1/3069
f 6719/1/3063 6720/1/3064 6727/1/3071 6726/1/3070
f 6720/1/3064 6721/1/3065 6728/1/3072 6727/1/3071
f 117/1/2865 1502/1/2863 6680/1/3024 1788/1/3073
f 1502/1/2863 1503/1/2862 6681/1/3025 6680/1/3024
f 1503/1/2862 1504/1/2861 6682/1/3028 6681/1/3025
f 1504/1/2861 1505/1/2860 6683/1/3030 6682/1/3028
f 1505/1/2860 1506/1/2859 6684/1/3032 6683/1/3030
f 1506/1/2859 1507/1/2858 6685/1/3034 6684/1/3032
f 1507/1/2858 1508/1/2857 6686/1/3036 6685/1/3034
f 1508/1/2857 98/1/2856 1390/1/3074 6686/1/3036
f 6686/1/3036 1390/1/3074 1391/1/3075 6693/1/3037
f 6693/1/3037 1391/1/3075 1392/1/3076 6700/1/3044
f 6700/1/3044 1392/1/3076 1393/1/3077 6707/1/3051
f 6707/1/3051 1393/1/3077 1394/1/3078 6714/1/3058
f 6714/1/3058 1394/1/3078 1395/1/3079 6721/1/3065
f 6721/1/3065 1395/1/3079 1396/1/3080 6728/1/3072
f 6728/1/3072 1396/1/3080 95/1/3081 1529/1/3082
f 6727/1/3071 6728/1/3072 1529/1/3082 1528/1/3083
f 6726/1/3070 6727/1/3071 1528/1/3083 1527/1/3084
f 6725/1/3069 6726/1/3070 1527/1/3084 1526/1/3085
f 6724/1/3068 6725/1/3069 1526/1/3085 1525/1/3086
f 6723/1/3066 6724/1/3068 1525/1/3086 1524/1/3087
f 6722/1/3067 6723/1/3066 1524/1/3087 1523/1/3088
f 1782/1/3089 6722/1/3067 1523/1/3088 121/1/3090
f 1783/1/3091 6715/1/3060 6722/1/3067 1782/1/3089
f 1784/1/3092 6708/1/3053 6715/1/3060 1783/1/3091
f 1785/1/3093 6701/1/3046 6708/1/3053 1784/1/3092
f 1786/1/3094 6694/1/3039 6701/1/3046 1785/1/3093
f 1787/1/3095 6687/1/3027 6694/1/3039 1786/1/3094
f 1788/1/3073 6680/1/3024 6687/1/3027 1787/1/3095
f 6729/1/3096 6730/1/3097 6737/1/3098 6736/1/3099
f 6730/1/3097 6731/1/3100 6738/1/3101 6737/1/3098
f 6731/1/3100 6732/1/3102 6739/1/3103 6738/1/3101
f 6732/1/3102 6733/1/3104 6740/1/3105 6739/1/3103
f 6733/1/3104 6734/1/3106 6741/1/3107 6740/1/3105
f 6734/1/3106 6735/1/3108 6742/1/3109 6741/1/3107
f 6736/1/3099 6737/1/3098 6744/1/3110 6743/1/3111
f 6737/1/3098 6738/1/3101 6745/1/3112 6744/1/3110
f 6738/1/3101 6739/1/3103 6746/1/3113 6745/1/3112
f 6739/1/3103 6740/1/3105 6747/1/3114 6746/1/3113
f 6740/1/3105 6741/1/3107 6748/1/3115 6747/1/3114
f 6741/1/3107 6742/1/3109 6749/1/3116 6748/1/3115
f 6743/1/3111 6744/1/3110 6751/1/3117 6750/1/3118
f 6744/1/3110 6745/1/3112 6752/1/3119 6751/1/3117
f 6745/1/3112 6746/1/3113 6753/1/3120 6752/1/3119
f 6746/1/3113 6747/1/3114 6754/1/3121 6753/1/3120
f 6747/1/3114 6748/1/3115 6755/1/3122 6754/1/3121
f 6748/1/3115 6749/1/3116 6756/1/3123 6755/1/3122
f 6750/1/3118 6751/1/3117 6758/1/3124 6757/1/3125
f 6751/1/3117 6752/1/3119 6759/1/3126 6758/1/3124
f 6752/1/3119 6753/1/3120 6760/1/3127 6759/1/3126
f 6753/1/3120 6754/1/3121 6761/1/3128 6760/1/3127
f 6754/1/3121 6755/1/3122 6762/1/3129 6761/1/3128
f 6755/1/3122 6756/1/3123 6763/1/3130 6762/1/3129
f 6757/1/3125 6758/1/3124 6765/1/3131 6764/1/3132
f 6758/1/3124 6759/1/3126 6766/1/3133 6765/1/3131
f 6759/1/3126 6760/1/3127 6767/1/3134 6766/1/3133
f 6760/1/3127 6761/1/3128 6768/1/3135 6767/1/3134
f 6761/1/3128 6762/1/3129 6769/1/3136 6768/1/3135
f 6762/1/3129 6763/1/3130 6770/1/3137 6769/1/3136
f 6764/1/3132 6765/1/3131 6772/1/3138 6771/1/3139
f 6765/1/3131 6766/1/3133 6773/1/3140 6772/1/3138
f 6766/1/3133 6767/1/3134 6774/1/3141 6773/1/3140
f 6767/1/3134 6768/1/3135 6775/1/3142 6774/1/3141
f 6768/1/3135 6769/1/3136 6776/1/3143 6775/1/3142
f 6769/1/3136 6770/1/3137 6777/1/3144 6776/1/3143
f 120/1/3018 1516/1/3016 6729/1/3096 1781/1/3145
f 1516/1/3016 1517/1/3015 6730/1/3097 6729/1/3096
f 1517/1/3015 1518/1/3014 6731/1/3100 6730/1/3097
f 1518/1/3014 1519/1/3013 6732/1/3102 6731/1/3100
f 1519/1/3013 1520/1/3012 6733/1/3104 6732/1/3102
f 1520/1/3012 1521/1/3011 6734/1/3106 6733/1/3104
f 1521/1/3011 1522/1/3010 6735/1/3108 6734/1/3106
f 1522/1/3010 108/1/3009 1446/1/3146 6735/1/3108
f 6735/1/3108 1446/1/3146 1447/1/3147 6742/1/3109
f 6742/1/3109 1447/1/3147 1448/1/3148 6749/1/3116
f 6749/1/3116 1448/1/3148 1449/1/3149 6756/1/3123
f 6756/1/3123 1449/1/3149 1450/1/3150 6763/1/3130
f 6763/1/3130 1450/1/3150 1451/1/3151 6770/1/3137
f 6770/1/3137 1451/1/3151 1452/1/3152 6777/1/3144
f 6777/1/3144 1452/1/3152 105/1/2937 1515/1/2936
f 6776/1/3143 6777/1/3144 1515/1/2936 1514/1/2935
f 6775/1/3142 6776/1/3143 1514/1/2935 1513/1/2934
f 6774/1/3141 6775/1/3142 1513/1/2934 1512/1/2933
f 6773/1/3140 6774/1/3141 1512/1/2933 1511/1/2932
f 6772/1/3138 6773/1/3140 1511/1/2932 1510/1/2931
f 6771/1/3139 6772/1/3138 1510/1/2931 1509/1/2930
f 1775/1/3153 6771/1/3139 1509/1/2930 118/1/2929
f 1776/1/3154 6764/1/3132 6771/1/3139 1775/1/3153
f 1777/1/3155 6757/1/3125 6764/1/3132 1776/1/3154
f 1778/1/3156 6750/1/3118 6757/1/3125 1777/1/3155
f 1779/1/3157 6743/1/3111 6750/1/3118 1778/1/3156
f 1780/1/3158 6736/1/3099 6743/1/3111 1779/1/3157
f 1781/1/3145 6729/1/3096 6736/1/3099 1780/1/3158
f 6778/1/3159 6779/1/3160 6786/1/3161 6785/1/3162
f 6779/1/3160 6780/1/3163 6787/1/3164 6786/1/3161
f 6780/1/3163 6781/1/3165 6788/1/3166 6787/1/3164
f 6781/1/3165 6782/1/3167 6789/1/3168 6788/1/3166
f 6782/1/3167 6783/1/3169 6790/1/3170 6789/1/3168
f 6783/1/3169 6784/1/3171 6791/1/3172 6790/1/3170
f 6785/1/3162 6786/1/3161 6793/1/3173 6792/1/3174
f 6786/1/3161 6787/1/3164 6794/1/3175 6793/1/3173
f 6787/1/3164 6788/1/3166 6795/1/3176 6794/1/3175
f 6788/1/3166 6789/1/3168 6796/1/3177 6795/1/3176
f 6789/1/3168 6790/1/3170 6797/1/3178 6796/1/3177
f 6790/1/3170 6791/1/3172 6798/1/3179 6797/1/3178
f 6792/1/3174 6793/1/3173 6800/1/3180 6799/1/3181
f 6793/1/3173 6794/1/3175 6801/1/3182 6800/1/3180
f 6794/1/3175 6795/1/3176 6802/1/3183 6801/1/3182
f 6795/1/3176 6796/1/3177 6803/1/3184 6802/1/3183
f 6796/1/3177 6797/1/3178 6804/1/3185 6803/1/3184
f 6797/1/3178 6798/1/3179 6805/1/3186 6804/1/3185
f 6799/1/3181 6800/1/3180 6807/1/3187 6806/1/3188
f 6800/1/3180 6801/1/3182 6808/1/3189 6807/1/3187
f 6801/1/3182 6802/1/3183 6809/1/3190 6808/1/3189
f 6802/1/3183 6803/1/3184 6810/1/3191 6809/1/3190
f 6803/1/3184 6804/1/3185 6811/1/3192 6810/1/3191
f 6804/1/3185 6805/1/3186 6812/1/3193 6811/1/3192
f 6806/1/3188 6807/1/3187 6814/1/3194 6813/1/3195
f 6807/1/3187 6808/1/3189 6815/1/3196 6814/1/3194
f 6808/1/3189 6809/1/3190 6816/1/3197 6815/1/3196
f 6809/1/3190 6810/1/3191 6817/1/3198 6816/1/3197
f 6810/1/3191 6811/1/3192 6818/1/3199 6817/1/3198
f 6811/1/3192 6812/1/3193 6819/1/3200 6818/1/3199
f 6813/1/3195 6814/1/3194 6821/1/3201 6820/1/3202
f 6814/1/3194 6815/1/3196 6822/1/3203 6821/1/3201
f 6815/1/3196 6816/1/3197 6823/1/3204 6822/1/3203
f 6816/1/3197 6817/1/3198 6824/1/3205 6823/1/3204
f 6817/1/3198 6818/1/3199 6825/1/3206 6824/1/3205
f 6818/1/3199 6819/1/3200 6826/1/3207 6825/1/3206
f 123/1/3208 1774/1/3209 6778/1/3159 1676/1/3210
f 1774/1/3209 1773/1/3211 6779/1/3160 6778/1/3159
f 1773/1/3211 1772/1/3212 6780/1/3163 6779/1/3160
f 1772/1/3212 1771/1/3213 6781/1/3165 6780/1/3163
f 1771/1/3213 1770/1/3214 6782/1/3167 6781/1/3165
f 1770/1/3214 1769/1/3215 6783/1/3169 6782/1/3167
f 1769/1/3215 1768/1/3216 6784/1/3171 6783/1/3169
f 1768/1/3216 122/1/3217 1530/1/3218 6784/1/3171
f 6784/1/3171 1530/1/3218 1531/1/3219 6791/1/3172
f 6791/1/3172 1531/1/3219 1532/1/3220 6798/1/3179
f 6798/1/3179 1532/1/3220 1533/1/3221 6805/1/3186
f 6805/1/3186 1533/1/3221 1534/1/3222 6812/1/3193
f 6812/1/3193 1534/1/3222 1535/1/3223 6819/1/3200
f 6819/1/3200 1535/1/3223 1536/1/3224 6826/1/3207
f 6826/1/3207 1536/1/3224 101/1/3225 1403/1/3226
f 6825/1/3206 6826/1/3207 1403/1/3226 1402/1/3227
f 6824/1/3205 6825/1/3206 1402/1/3227 1401/1/3228
f 6823/1/3204 6824/1/3205 1401/1/3228 1400/1/3229
f 6822/1/3203 6823/1/3204 1400/1/3229 1399/1/3230
f 6821/1/3201 6822/1/3203 1399/1/3230 1398/1/3231
f 6820/1/3202 6821/1/3201 1398/1/3231 1397/1/3232
f 1670/1/3233 6820/1/3202 1397/1/3232 99/1/3234
f 1671/1/3235 6813/1/3195 6820/1/3202 1670/1/3233
f 1672/1/3236 6806/1/3188 6813/1/3195 1671/1/3235
f 1673/1/3237 6799/1/3181 6806/1/3188 1672/1/3236
f 1674/1/3238 6792/1/3174 6799/1/3181 1673/1/3237
f 1675/1/3239 6785/1/3162 6792/1/3174 1674/1/3238
f 1676/1/3210 6778/1/3159 6785/1/3162 1675/1/3239
f 6827/1/3240 6828/1/3241 6835/1/3242 6834/1/3243
f 6828/1/3241 6829/1/3244 6836/1/3245 6835/1/3242
f 6829/1/3244 6830/1/3246 6837/1/3247 6836/1/3245
f 6830/1/3246 6831/1/3248 6838/1/3249 6837/1/3247
f 6831/1/3248 6832/1/3250 6839/1/3251 6838/1/3249
f 6832/1/3250 6833/1/3252 6840/1/3253 6839/1/3251
f 6834/1/3243 6835/1/3242 6842/1/3254 6841/1/3255
f 6835/1/3242 6836/1/3245 6843/1/3256 6842/1/3254
f 6836/1/3245 6837/1/3247 6844/1/3257 6843/1/3256
f 6837/1/3247 6838/1/3249 6845/1/3258 6844/1/3257
f 6838/1/3249 6839/1/3251 6846/1/3259 6845/1/3258
f 6839/1/3251 6840/1/3253 6847/1/3260 6846/1/3259
f 6841/1/3255 6842/1/3254 6849/1/3261 6848/1/3262
f 6842/1/3254 6843/1/3256 6850/1/3263 6849/1/3261
f 6843/1/3256 6844/1/3257 6851/1/3264 6850/1/3263
f 6844/1/3257 6845/1/3258 6852/1/3265 6851/1/3264
f 6845/1/3258 6846/1/3259 6853/1/3266 6852/1/3265
f 6846/1/3259 6847/1/3260 6854/1/3267 6853/1/3266
f 6848/1/3262 6849/1/3261 6856/1/3268 6855/1/3269
f 6849/1/3261 6850/1/3263 6857/1/3270 6856/1/3268
f 6850/1/3263 6851/1/3264 6858/1/3271 6857/1/3270
f 6851/1/3264 6852/1/3265 6859/1/3272 6858/1/3271
f 6852/1/3265 6853/1/3266 6860/1/3273 6859/1/3272
f 6853/1/3266 6854/1/3267 6861/1/3274 6860/1/3273
f 6855/1/3269 6856/1/3268 6863/1/3275 6862/1/3276
f 6856/1/3268 6857/1/3270 6864/1/3277 6863/1/3275
f 6857/1/3270 6858/1/3271 6865/1/3278 6864/1/3277
f 6858/1/3271 6859/1/3272 6866/1/3279 6865/1/3278
f 6859/1/3272 6860/1/3273 6867/1/3280 6866/1/3279
f 6860/1/3273 6861/1/3274 6868/1/3281 6867/1/3280
f 6862/1/3276 6863/1/3275 6870/1/3282 6869/1/3283
f 6863/1/3275 6864/1/3277 6871/1/3284 6870/1/3282
f 6864/1/3277 6865/1/3278 6872/1/3285 6871/1/3284
f 6865/1/3278 6866/1/3279 6873/1/3286 6872/1/3285
f 6866/1/3279 6867/1/3280 6874/1/3287 6873/1/3286
f 6867/1/3280 6868/1/3281 6875/1/3288 6874/1/3287
f 124/1/3289 1767/1/3290 6827/1/3240 1690/1/3291
f 1767/1/3290 1766/1/3292 6828/1/3241 6827/1/3240
f 1766/1/3292 1765/1/3293 6829/1/3244 6828/1/3241
f 1765/1/3293 1764/1/3294 6830/1/3246 6829/1/3244
f 1764/1/3294 1763/1/3295 6831/1/3248 6830/1/3246
f 1763/1/3295 1762/1/3296 6832/1/3250 6831/1/3248
f 1762/1/3296 1761/1/3297 6833/1/3252 6832/1/3250
f 1761/1/3297 123/1/3208 1676/1/3210 6833/1/3252
f 6833/1/3252 1676/1/3210 1675/1/3239 6840/1/3253
f 6840/1/3253 1675/1/3239 1674/1/3238 6847/1/3260
f 6847/1/3260 1674/1/3238 1673/1/3237 6854/1/3267
f 6854/1/3267 1673/1/3237 1672/1/3236 6861/1/3274
f 6861/1/3274 1672/1/3236 1671/1/3235 6868/1/3281
f 6868/1/3281 1671/1/3235 1670/1/3233 6875/1/3288
f 6875/1/3288 1670/1/3233 99/1/3234 1459/1/3298
f 6874/1/3287 6875/1/3288 1459/1/3298 1458/1/3299
f 6873/1/3286 6874/1/3287 1458/1/3299 1457/1/3300
f 6872/1/3285 6873/1/3286 1457/1/3300 1456/1/3301
f 6871/1/3284 6872/1/3285 1456/1/3301 1455/1/3302
f 6870/1/3282 6871/1/3284 1455/1/3302 1454/1/3303
f 6869/1/3283 6870/1/3282 1454/1/3303 1453/1/3304
f 1684/1/3305 6869/1/3283 1453/1/3304 94/1/3306
f 1685/1/3307 6862/1/3276 6869/1/3283 1684/1/3305
f 1686/1/3308 6855/1/3269 6862/1/3276 1685/1/3307
f 1687/1/3309 6848/1/3262 6855/1/3269 1686/1/3308
f 1688/1/3310 6841/1/3255 6848/1/3262 1687/1/3309
f 1689/1/3311 6834/1/3243 6841/1/3255 1688/1/3310
f 1690/1/3291 6827/1/3240 6834/1/3243 1689/1/3311
f 6876/1/3312 6877/1/3313 6884/1/3314 6883/1/3315
f 6877/1/3313 6878/1/3316 6885/1/3317 6884/1/3314
f 6878/1/3316 6879/1/3318 6886/1/3319 6885/1/3317
f 6879/1/3318 6880/1/3320 6887/1/3321 6886/1/3319
f 6880/1/3320 6881/1/3322 6888/1/3323 6887/1/3321
f 6881/1/3322 6882/1/3324 6889/1/3325 6888/1/3323
f 6883/1/3315 6884/1/3314 6891/1/3326 6890/1/3327
f 6884/1/3314 6885/1/3317 6892/1/3328 6891/1/3326
f 6885/1/3317 6886/1/3319 6893/1/3329 6892/1/3328
f 6886/1/3319 6887/1/3321 6894/1/3330 6893/1/3329
f 6887/1/3321 6888/1/3323 6895/1/3331 6894/1/3330
f 6888/1/3323 6889/1/3325 6896/1/3332 6895/1/3331
f 6890/1/3327 6891/1/3326 6898/1/3333 6897/1/3334
f 6891/1/3326 6892/1/3328 6899/1/3335 6898/1/3333
f 6892/1/3328 6893/1/3329 6900/1/3336 6899/1/3335
f 6893/1/3329 6894/1/3330 6901/1/3337 6900/1/3336
f 6894/1/3330 6895/1/3331 6902/1/3338 6901/1/3337
f 6895/1/3331 6896/1/3332 6903/1/3339 6902/1/3338
f 6897/1/3334 6898/1/3333 6905/1/3340 6904/1/3341
f 6898/1/3333 6899/1/3335 6906/1/3342 6905/1/3340
f 6899/1/3335 6900/1/3336 6907/1/3343 6906/1/3342
f 6900/1/3336 6901/1/3337 6908/1/3344 6907/1/3343
f 6901/1/3337 6902/1/3338 6909/1/3345 6908/1/3344
f 6902/1/3338 6903/1/3339 6910/1/3346 6909/1/3345
f 6904/1/3341 6905/1/3340 6912/1/3347 6911/1/3348
f 6905/1/3340 6906/1/3342 6913/1/3349 6912/1/3347
f 6906/1/3342 6907/1/3343 6914/1/3350 6913/1/3349
f 6907/1/3343 6908/1/3344 6915/1/3351 6914/1/3350
f 6908/1/3344 6909/1/3345 6916/1/3352 6915/1/3351
f 6909/1/3345 6910/1/3346 6917/1/3353 6916/1/3352
f 6911/1/3348 6912/1/3347 6919/1/3354 6918/1/3355
f 6912/1/3347 6913/1/3349 6920/1/3356 6919/1/3354
f 6913/1/3349 6914/1/3350 6921/1/3357 6920/1/3356
f 6914/1/3350 6915/1/3351 6922/1/3358 6921/1/3357
f 6915/1/3351 6916/1/3352 6923/1/3359 6922/1/3358
f 6916/1/3352 6917/1/3353 6924/1/3360 6923/1/3359
f 122/1/3217 1760/1/3361 6876/1/3312 1530/1/3218
f 1760/1/3361 1759/1/3362 6877/1/3313 6876/1/3312
f 1759/1/3362 1758/1/3363 6878/1/3316 6877/1/3313
f 1758/1/3363 1757/1/3364 6879/1/3318 6878/1/3316
f 1757/1/3364 1756/1/3365 6880/1/3320 6879/1/3318
f 1756/1/3365 1755/1/3366 6881/1/3322 6880/1/3320
f 1755/1/3366 1754/1/3367 6882/1/3324 6881/1/3322
f 1754/1/3367 125/1/3368 1537/1/3369 6882/1/3324
f 6882/1/3324 1537/1/3369 1538/1/3370 6889/1/3325
f 6889/1/3325 1538/1/3370 1539/1/3371 6896/1/3332
f 6896/1/3332 1539/1/3371 1540/1/3372 6903/1/3339
f 6903/1/3339 1540/1/3372 1541/1/3373 6910/1/3346
f 6910/1/3346 1541/1/3373 1542/1/3374 6917/1/3353
f 6917/1/3353 1542/1/3374 1543/1/3375 6924/1/3360
f 6924/1/3360 1543/1/3375 102/1/3376 1410/1/3377
f 6923/1/3359 6924/1/3360 1410/1/3377 1409/1/3378
f 6922/1/3358 6923/1/3359 1409/1/3378 1408/1/3379
f 6921/1/3357 6922/1/3358 1408/1/3379 1407/1/3380
f 6920/1/3356 6921/1/3357 1407/1/3380 1406/1/3381
f 6919/1/3354 6920/1/3356 1406/1/3381 1405/1/3382
f 6918/1/3355 6919/1/3354 1405/1/3382 1404/1/3383
f 1536/1/3224 6918/1/3355 1404/1/3383 101/1/3225
f 1535/1/3223 6911/1/3348 6918/1/3355 1536/1/3224
f 1534/1/3222 6904/1/3341 6911/1/3348 1535/1/3223
f 1533/1/3221 6897/1/3334 6904/1/3341 1534/1/3222
f 1532/1/3220 6890/1/3327 6897/1/3334 1533/1/3221
f 1531/1/3219 6883/1/3315 6890/1/3327 1532/1/3220
f 1530/1/3218 6876/1/3312 6883/1/3315 1531/1/3219
f 6925/1/3384 6926/1/3385 6933/1/3386 6932/1/3387
f 6926/1/3385 6927/1/3388 6934/1/3389 6933/1/3386
f 6927/1/3388 6928/1/3390 6935/1/3391 6934/1/3389
f 6928/1/3390 6929/1/3392 6936/1/3393 6935/1/3391
f 6929/1/3392 6930/1/3394 6937/1/3395 6936/1/3393
f 6930/1/3394 6931/1/3396 6938/1/3397 6937/1/3395
f 6932/1/3387 6933/1/3386 6940/1/3398 6939/1/3399
f 6933/1/3386 6934/1/3389 6941/1/3400 6940/1/3398
f 6934/1/3389 6935/1/3391 6942/1/3401 6941/1/3400
f 6935/1/3391 6936/1/3393 6943/1/3402 6942/1/3401
f 6936/1/3393 6937/1/3395 6944/1/3403 6943/1/3402
f 6937/1/3395 6938/1/3397 6945/1/3404 6944/1/3403
f 6939/1/3399 6940/1/3398 6947/1/3405 6946/1/3406
f 6940/1/3398 6941/1/3400 6948/1/3407 6947/1/3405
f 6941/1/3400 6942/1/3401 6949/1/3408 6948/1/3407
f 6942/1/3401 6943/1/3402 6950/1/3409 6949/1/3408
f 6943/1/3402 6944/1/3403 6951/1/3410 6950/1/3409
f 6944/1/3403 6945/1/3404 6952/1/3411 6951/1/3410
f 6946/1/3406 6947/1/3405 6954/1/3412 6953/1/3413
f 6947/1/3405 6948/1/3407 6955/1/3414 6954/1/3412
f 6948/1/3407 6949/1/3408 6956/1/3415 6955/1/3414
f 6949/1/3408 6950/1/3409 6957/1/3416 6956/1/3415
f 6950/1/3409 6951/1/3410 6958/1/3417 6957/1/3416
f 6951/1/3410 6952/1/3411 6959/1/3418 6958/1/3417
f 6953/1/3413 6954/1/3412 6961/1/3419 6960/1/3420
f 6954/1/3412 6955/1/3414 6962/1/3421 6961/1/3419
f 6955/1/3414 6956/1/3415 6963/1/3422 6962/1/3421
f 6956/1/3415 6957/1/3416 6964/1/3423 6963/1/3422
f 6957/1/3416 6958/1/3417 6965/1/3424 6964/1/3423
f 6958/1/3417 6959/1/3418 6966/1/3425 6965/1/3424
f 6960/1/3420 6961/1/3419 6968/1/3426 6967/1/3427
f 6961/1/3419 6962/1/3421 6969/1/3428 6968/1/3426
f 6962/1/3421 6963/1/3422 6970/1/3429 6969/1/3428
f 6963/1/3422 6964/1/3423 6971/1/3430 6970/1/3429
f 6964/1/3423 6965/1/3424 6972/1/3431 6971/1/3430
f 6965/1/3424 6966/1/3425 6973/1/3432 6972/1/3431
f 121/1/3090 1523/1/3088 6925/1/3384 1753/1/3433
f 1523/1/3088 1524/1/3087 6926/1/3385 6925/1/3384
f 1524/1/3087 1525/1/3086 6927/1/3388 6926/1/3385
f 1525/1/3086 1526/1/3085 6928/1/3390 6927/1/3388
f 1526/1/3085 1527/1/3084 6929/1/3392 6928/1/3390
f 1527/1/3084 1528/1/3083 6930/1/3394 6929/1/3392
f 1528/1/3083 1529/1/3082 6931/1/3396 6930/1/3394
f 1529/1/3082 95/1/3081 1460/1/3434 6931/1/3396
f 6931/1/3396 1460/1/3434 1461/1/3435 6938/1/3397
f 6938/1/3397 1461/1/3435 1462/1/3436 6945/1/3404
f 6945/1/3404 1462/1/3436 1463/1/3437 6952/1/3411
f 6952/1/3411 1463/1/3437 1464/1/3438 6959/1/3418
f 6959/1/3418 1464/1/3438 1465/1/3439 6966/1/3425
f 6966/1/3425 1465/1/3439 1466/1/3440 6973/1/3432
f 6973/1/3432 1466/1/3440 104/1/3441 1550/1/3442
f 6972/1/3431 6973/1/3432 1550/1/3442 1549/1/3443
f 6971/1/3430 6972/1/3431 1549/1/3443 1548/1/3444
f 6970/1/3429 6971/1/3430 1548/1/3444 1547/1/3445
f 6969/1/3428 6970/1/3429 1547/1/3445 1546/1/3446
f 6968/1/3426 6969/1/3428 1546/1/3446 1545/1/3447
f 6967/1/3427 6968/1/3426 1545/1/3447 1544/1/3448
f 1747/1/3449 6967/1/3427 1544/1/3448 126/1/3450
f 1748/1/3451 6960/1/3420 6967/1/3427 1747/1/3449
f 1749/1/3452 6953/1/3413 6960/1/3420 1748/1/3451
f 1750/1/3453 6946/1/3406 6953/1/3413 1749/1/3452
f 1751/1/3454 6939/1/3399 6946/1/3406 1750/1/3453
f 1752/1/3455 6932/1/3387 6939/1/3399 1751/1/3454
f 1753/1/3433 6925/1/3384 6932/1/3387 1752/1/3455
f 6974/1/3456 6975/1/3457 6982/1/3458 6981/1/3459
f 6975/1/3457 6976/1/3460 6983/1/3461 6982/1/3458
f 6976/1/3460 6977/1/3462 6984/1/3463 6983/1/3461
f 6977/1/3462 6978/1/3464 6985/1/3465 6984/1/3463
f 6978/1/3464 6979/1/3466 6986/1/3467 6985/1/3465
f 6979/1/3466 6980/1/3468 6987/1/3469 6986/1/3467
f 6981/1/3459 6982/1/3458 6989/1/3470 6988/1/3471
f 6982/1/3458 6983/1/3461 6990/1/3472 6989/1/3470
f 6983/1/3461 6984/1/3463 6991/1/3473 6990/1/3472
f 6984/1/3463 6985/1/3465 6992/1/3474 6991/1/3473
f 6985/1/3465 6986/1/3467 6993/1/3475 6992/1/3474
f 6986/1/3467 6987/1/3469 6994/1/3476 6993/1/3475
f 6988/1/3471 6989/1/3470 6996/1/3477 6995/1/3478
f 6989/1/3470 6990/1/3472 6997/1/3479 6996/1/3477
f 6990/1/3472 6991/1/3473 6998/1/3480 6997/1/3479
f 6991/1/3473 6992/1/3474 6999/1/3481 6998/1/3480
f 6992/1/3474 6993/1/3475 7000/1/3482 6999/1/3481
f 6993/1/3475 6994/1/3476 7001/1/3483 7000/1/3482
f 6995/1/3478 6996/1/3477 7003/1/3484 7002/1/3485
f 6996/1/3477 6997/1/3479 7004/1/3486 7003/1/3484
f 6997/1/3479 6998/1/3480 7005/1/3487 7004/1/3486
f 6998/1/3480 6999/1/3481 7006/1/3488 7005/1/3487
f 6999/1/3481 7000/1/3482 7007/1/3489 7006/1/3488
f 7000/1/3482 7001/1/3483 7008/1/3490 7007/1/3489
f 7002/1/3485 7003/1/3484 7010/1/3491 7009/1/3492
f 7003/1/3484 7004/1/3486 7011/1/3493 7010/1/3491
f 7004/1/3486 7005/1/3487 7012/1/3494 7011/1/3493
f 7005/1/3487 7006/1/3488 7013/1/3495 7012/1/3494
f 7006/1/3488 7007/1/3489 7014/1/3496 7013/1/3495
f 7007/1/3489 7008/1/3490 7015/1/3497 7014/1/3496
f 7009/1/3492 7010/1/3491 7017/1/3498 7016/1/3499
f 7010/1/3491 7011/1/3493 7018/1/3500 7017/1/3498
f 7011/1/3493 7012/1/3494 7019/1/3501 7018/1/3500
f 7012/1/3494 7013/1/3495 7020/1/3502 7019/1/3501
f 7013/1/3495 7014/1/3496 7021/1/3503 7020/1/3502
f 7014/1/3496 7015/1/3497 7022/1/3504 7021/1/3503
f 125/1/3368 1746/1/3505 6974/1/3456 1537/1/3369
f 1746/1/3505 1745/1/3506 6975/1/3457 6974/1/3456
f 1745/1/3506 1744/1/3507 6976/1/3460 6975/1/3457
f 1744/1/3507 1743/1/3508 6977/1/3462 6976/1/3460
f 1743/1/3508 1742/1/3509 6978/1/3464 6977/1/3462
f 1742/1/3509 1741/1/3510 6979/1/3466 6978/1/3464
f 1741/1/3510 1740/1/3511 6980/1/3468 6979/1/3466
f 1740/1/3511 127/1/3512 1551/1/3513 6980/1/3468
f 6980/1/3468 1551/1/3513 1552/1/3514 6987/1/3469
f 6987/1/3469 1552/1/3514 1553/1/3515 6994/1/3476
f 6994/1/3476 1553/1/3515 1554/1/3516 7001/1/3483
f 7001/1/3483 1554/1/3516 1555/1/3517 7008/1/3490
f 7008/1/3490 1555/1/3517 1556/1/3518 7015/1/3497
f 7015/1/3497 1556/1/3518 1557/1/3519 7022/1/3504
f 7022/1/3504 1557/1/3519 103/1/3520 1417/1/3521
f 7021/1/3503 7022/1/3504 1417/1/3521 1416/1/3522
f 7020/1/3502 7021/1/3503 1416/1/3522 1415/1/3523
f 7019/1/3501 7020/1/3502 1415/1/3523 1414/1/3524
f 7018/1/3500 7019/1/3501 1414/1/3524 1413/1/3525
f 7017/1/3498 7018/1/3500 1413/1/3525 1412/1/3526
f 7016/1/3499 7017/1/3498 1412/1/3526 1411/1/3527
f 1543/1/3375 7016/1/3499 1411/1/3527 102/1/3376
f 1542/1/3374 7009/1/3492 7016/1/3499 1543/1/3375
f 1541/1/3373 7002/1/3485 7009/1/3492 1542/1/3374
f 1540/1/3372 6995/1/3478 7002/1/3485 1541/1/3373
f 1539/1/3371 6988/1/3471 6995/1/3478 1540/1/3372
f 1538/1/3370 6981/1/3459 6988/1/3471 1539/1/3371
f 1537/1/3369 6974/1/3456 6981/1/3459 1538/1/3370
f 7023/1/3528 7024/1/3529 7031/1/3530 7030/1/3531
f 7024/1/3529 7025/1/3532 7032/1/3533 7031/1/3530
f 7025/1/3532 7026/1/3534 7033/1/3535 7032/1/3533
f 7026/1/3534 7027/1/3536 7034/1/3537 7033/1/3535
f 7027/1/3536 7028/1/3538 7035/1/3539 7034/1/3537
f 7028/1/3538 7029/1/3540 7036/1/3541 7035/1/3539
f 7030/1/3531 7031/1/3530 7038/1/3542 7037/1/3543
f 7031/1/3530 7032/1/3533 7039/1/3544 7038/1/3542
f 7032/1/3533 7033/1/3535 7040/1/3545 7039/1/3544
f 7033/1/3535 7034/1/3537 7041/1/3546 7040/1/3545
f 7034/1/3537 7035/1/3539 7042/1/3547 7041/1/3546
f 7035/1/3539 7036/1/3541 7043/1/3548 7042/1/3547
f 7037/1/3543 7038/1/3542 7045/1/3549 7044/1/3550
f 7038/1/3542 7039/1/3544 7046/1/3551 7045/1/3549
f 7039/1/3544 7040/1/3545 7047/1/3552 7046/1/3551
f 7040/1/3545 7041/1/3546 7048/1/3553 7047/1/3552
f 7041/1/3546 7042/1/3547 7049/1/3554 7048/1/3553
f 7042/1/3547 7043/1/3548 7050/1/3555 7049/1/3554
f 7044/1/3550 7045/1/3549 7052/1/3556 7051/1/3557
f 7045/1/3549 7046/1/3551 7053/1/3558 7052/1/3556
f 7046/1/3551 7047/1/3552 7054/1/3559 7053/1/3558
f 7047/1/3552 7048/1/3553 7055/1/3560 7054/1/3559
f 7048/1/3553 7049/1/3554 7056/1/3561 7055/1/3560
f 7049/1/3554 7050/1/3555 7057/1/3562 7056/1/3561
f 7051/1/3557 7052/1/3556 7059/1/3563 7058/1/3564
f 7052/1/3556 7053/1/3558 7060/1/3565 7059/1/3563
f 7053/1/3558 7054/1/3559 7061/1/3566 7060/1/3565
f 7054/1/3559 7055/1/3560 7062/1/3567 7061/1/3566
f 7055/1/3560 7056/1/3561 7063/1/3568 7062/1/3567
f 7056/1/3561 7057/1/3562 7064/1/3569 7063/1/3568
f 7058/1/3564 7059/1/3563 7066/1/3570 7065/1/3571
f 7059/1/3563 7060/1/3565 7067/1/3572 7066/1/3570
f 7060/1/3565 7061/1/3566 7068/1/3573 7067/1/3572
f 7061/1/3566 7062/1/3567 7069/1/3574 7068/1/3573
f 7062/1/3567 7063/1/3568 7070/1/3575 7069/1/3574
f 7063/1/3568 7064/1/3569 7071/1/3576 7070/1/3575
f 127/1/3512 1739/1/3577 7023/1/3528 1551/1/3513
f 1739/1/3577 1738/1/3578 7024/1/3529 7023/1/3528
f 1738/1/3578 1737/1/3579 7025/1/3532 7024/1/3529
f 1737/1/3579 1736/1/3580 7026/1/3534 7025/1/3532
f 1736/1/3580 1735/1/3581 7027/1/3536 7026/1/3534
f 1735/1/3581 1734/1/3582 7028/1/3538 7027/1/3536
f 1734/1/3582 1733/1/3583 7029/1/3540 7028/1/3538
f 1733/1/3583 113/1/2712 1488/1/2710 7029/1/3540
f 7029/1/3540 1488/1/2710 1489/1/2709 7036/1/3541
f 7036/1/3541 1489/1/2709 1490/1/2708 7043/1/3548
f 7043/1/3548 1490/1/2708 1491/1/2707 7050/1/3555
f 7050/1/3555 1491/1/2707 1492/1/2706 7057/1/3562
f 7057/1/3562 1492/1/2706 1493/1/2705 7064/1/3569
f 7064/1/3569 1493/1/2705 1494/1/2704 7071/1/3576
f 7071/1/3576 1494/1/2704 100/1/2703 1424/1/3584
f 7070/1/3575 7071/1/3576 1424/1/3584 1423/1/3585
f 7069/1/3574 7070/1/3575 1423/1/3585 1422/1/3586
f 7068/1/3573 7069/1/3574 1422/1/3586 1421/1/3587
f 7067/1/3572 7068/1/3573 1421/1/3587 1420/1/3588
f 7066/1/3570 7067/1/3572 1420/1/3588 1419/1/3589
f 7065/1/3571 7066/1/3570 1419/1/3589 1418/1/3590
f 1557/1/3519 7065/1/3571 1418/1/3590 103/1/3520
f 1556/1/3518 7058/1/3564 7065/1/3571 1557/1/3519
f 1555/1/3517 7051/1/3557 7058/1/3564 1556/1/3518
f 1554/1/3516 7044/1/3550 7051/1/3557 1555/1/3517
f 1553/1/3515 7037/1/3543 7044/1/3550 1554/1/3516
f 1552/1/3514 7030/1/3531 7037/1/3543 1553/1/3515
f 1551/1/3513 7023/1/3528 7030/1/3531 1552/1/3514
f 7072/1/3591 7073/1/3592 7080/1/3593 7079/1/3594
f 7073/1/3592 7074/1/3595 7081/1/3596 7080/1/3593
f 7074/1/3595 7075/1/3597 7082/1/3598 7081/1/3596
f 7075/1/3597 7076/1/3599 7083/1/3600 7082/1/3598
f 7076/1/3599 7077/1/3601 7084/1/3602 7083/1/3600
f 7077/1/3601 7078/1/3603 7085/1/3604 7084/1/3602
f 7079/1/3594 7080/1/3593 7087/1/3605 7086/1/3606
f 7080/1/3593 7081/1/3596 7088/1/3607 7087/1/3605
f 7081/1/3596 7082/1/3598 7089/1/3608 7088/1/3607
f 7082/1/3598 7083/1/3600 7090/1/3609 7089/1/3608
f 7083/1/3600 7084/1/3602 7091/1/3610 7090/1/3609
f 7084/1/3602 7085/1/3604 7092/1/3611 7091/1/3610
f 7086/1/3606 7087/1/3605 7094/1/3612 7093/1/3613
f 7087/1/3605 7088/1/3607 7095/1/3614 7094/1/3612
f 7088/1/3607 7089/1/3608 7096/1/3615 7095/1/3614
f 7089/1/3608 7090/1/3609 7097/1/3616 7096/1/3615
f 7090/1/3609 7091/1/3610 7098/1/3617 7097/1/3616
f 7091/1/3610 7092/1/3611 7099/1/3618 7098/1/3617
f 7093/1/3613 7094/1/3612 7101/1/3619 7100/1/3620
f 7094/1/3612 7095/1/3614 7102/1/3621 7101/1/3619
f 7095/1/3614 7096/1/3615 7103/1/3622 7102/1/3621
f 7096/1/3615 7097/1/3616 7104/1/3623 7103/1/3622
f 7097/1/3616 7098/1/3617 7105/1/3624 7104/1/3623
f 7098/1/3617 7099/1/3618 7106/1/3625 7105/1/3624
f 7100/1/3620 7101/1/3619 7108/1/3626 7107/1/3627
f 7101/1/3619 7102/1/3621 7109/1/3628 7108/1/3626
f 7102/1/3621 7103/1/3622 7110/1/3629 7109/1/3628
f 7103/1/3622 7104/1/3623 7111/1/3630 7110/1/3629
f 7104/1/3623 7105/1/3624 7112/1/3631 7111/1/3630
f 7105/1/3624 7106/1/3625 7113/1/3632 7112/1/3631
f 7107/1/3627 7108/1/3626 7115/1/3633 7114/1/3634
f 7108/1/3626 7109/1/3628 7116/1/3635 7115/1/3633
f 7109/1/3628 7110/1/3629 7117/1/3636 7116/1/3635
f 7110/1/3629 7111/1/3630 7118/1/3637 7117/1/3636
f 7111/1/3630 7112/1/3631 7119/1/3638 7118/1/3637
f 7112/1/3631 7113/1/3632 7120/1/3639 7119/1/3638
f 124/1/3289 1690/1/3291 7072/1/3591 1732/1/3640
f 1690/1/3291 1689/1/3311 7073/1/3592 7072/1/3591
f 1689/1/3311 1688/1/3310 7074/1/3595 7073/1/3592
f 1688/1/3310 1687/1/3309 7075/1/3597 7074/1/3595
f 1687/1/3309 1686/1/3308 7076/1/3599 7075/1/3597
f 1686/1/3308 1685/1/3307 7077/1/3601 7076/1/3599
f 1685/1/3307 1684/1/3305 7078/1/3603 7077/1/3601
f 1684/1/3305 94/1/3306 1369/1/3641 7078/1/3603
f 7078/1/3603 1369/1/3641 1370/1/3642 7085/1/3604
f 7085/1/3604 1370/1/3642 1371/1/3643 7092/1/3611
f 7092/1/3611 1371/1/3643 1372/1/3644 7099/1/3618
f 7099/1/3618 1372/1/3644 1373/1/3645 7106/1/3625
f 7106/1/3625 1373/1/3645 1374/1/3646 7113/1/3632
f 7113/1/3632 1374/1/3646 1375/1/3647 7120/1/3639
f 7120/1/3639 1375/1/3647 96/1/2614 1565/1/2613
f 7119/1/3638 7120/1/3639 1565/1/2613 1566/1/2612
f 7118/1/3637 7119/1/3638 1566/1/2612 1567/1/2611
f 7117/1/3636 7118/1/3637 1567/1/2611 1568/1/2610
f 7116/1/3635 7117/1/3636 1568/1/2610 1569/1/2609
f 7115/1/3633 7116/1/3635 1569/1/2609 1570/1/2608
f 7114/1/3634 7115/1/3633 1570/1/2608 1571/1/2606
f 1726/1/3648 7114/1/3634 1571/1/2606 112/1/2605
f 1727/1/3649 7107/1/3627 7114/1/3634 1726/1/3648
f 1728/1/3650 7100/1/3620 7107/1/3627 1727/1/3649
f 1729/1/3651 7093/1/3613 7100/1/3620 1728/1/3650
f 1730/1/3652 7086/1/3606 7093/1/3613 1729/1/3651
f 1731/1/3653 7079/1/3594 7086/1/3606 1730/1/3652
f 1732/1/3640 7072/1/3591 7079/1/3594 1731/1/3653
f 7121/1/3654 7122/1/3655 7129/1/3656 7128/1/3657
f 7122/1/3655 7123/1/3658 7130/1/3659 7129/1/3656
f 7123/1/3658 7124/1/3660 7131/1/3661 7130/1/3659
f 7124/1/3660 7125/1/3662 7132/1/3663 7131/1/3661
f 7125/1/3662 7126/1/3664 7133/1/3665 7132/1/3663
f 7126/1/3664 7127/1/3666 7134/1/3667 7133/1/3665
f 7128/1/3657 7129/1/3656 7136/1/3668 7135/1/3669
f 7129/1/3656 7130/1/3659 7137/1/3670 7136/1/3668
f 7130/1/3659 7131/1/3661 7138/1/3671 7137/1/3670
f 7131/1/3661 7132/1/3663 7139/1/3672 7138/1/3671
f 7132/1/3663 7133/1/3665 7140/1/3673 7139/1/3672
f 7133/1/3665 7134/1/3667 7141/1/3674 7140/1/3673
f 7135/1/3669 7136/1/3668 7143/1/3675 7142/1/3676
f 7136/1/3668 7137/1/3670 7144/1/3677 7143/1/3675
f 7137/1/3670 7138/1/3671 7145/1/3678 7144/1/3677
f 7138/1/3671 7139/1/3672 7146/1/3679 7145/1/3678
f 7139/1/3672 7140/1/3673 7147/1/3680 7146/1/3679
f 7140/1/3673 7141/1/3674 7148/1/3681 7147/1/3680
f 7142/1/3676 7143/1/3675 7150/1/3682 7149/1/3683
f 7143/1/3675 7144/1/3677 7151/1/3684 7150/1/3682
f 7144/1/3677 7145/1/3678 7152/1/3685 7151/1/3684
f 7145/1/3678 7146/1/3679 7153/1/3686 7152/1/3685
f 7146/1/3679 7147/1/3680 7154/1/3687 7153/1/3686
f 7147/1/3680 7148/1/3681 7155/1/3688 7154/1/3687
f 7149/1/3683 7150/1/3682 7157/1/3689 7156/1/3690
f 7150/1/3682 7151/1/3684 7158/1/3691 7157/1/3689
f 7151/1/3684 7152/1/3685 7159/1/3692 7158/1/3691
f 7152/1/3685 7153/1/3686 7160/1/3693 7159/1/3692
f 7153/1/3686 7154/1/3687 7161/1/3694 7160/1/3693
f 7154/1/3687 7155/1/3688 7162/1/3695 7161/1/3694
f 7156/1/3690 7157/1/3689 7164/1/3696 7163/1/3697
f 7157/1/3689 7158/1/3691 7165/1/3698 7164/1/3696
f 7158/1/3691 7159/1/3692 7166/1/3699 7165/1/3698
f 7159/1/3692 7160/1/3693 7167/1/3700 7166/1/3699
f 7160/1/3693 7161/1/3694 7168/1/3701 7167/1/3700
f 7161/1/3694 7162/1/3695 7169/1/3702 7168/1/3701
f 114/1/3703 1844/1/3704 7121/1/3654 1592/1/3705
f 1844/1/3704 1843/1/3706 7122/1/3655 7121/1/3654
f 1843/1/3706 1842/1/3707 7123/1/3658 7122/1/3655
f 1842/1/3707 1841/1/3708 7124/1/3660 7123/1/3658
f 1841/1/3708 1840/1/3709 7125/1/3662 7124/1/3660
f 1840/1/3709 1839/1/3710 7126/1/3664 7125/1/3662
f 1839/1/3710 1838/1/3711 7127/1/3666 7126/1/3664
f 1838/1/3711 119/1/3712 1641/1/3713 7127/1/3666
f 7127/1/3666 1641/1/3713 1640/1/3714 7134/1/3667
f 7134/1/3667 1640/1/3714 1639/1/3715 7141/1/3674
f 7141/1/3674 1639/1/3715 1638/1/3716 7148/1/3681
f 7148/1/3681 1638/1/3716 1637/1/3717 7155/1/3688
f 7155/1/3688 1637/1/3717 1636/1/3718 7162/1/3695
f 7162/1/3695 1636/1/3718 1635/1/3719 7169/1/3702
f 7169/1/3702 1635/1/3719 110/1/3720 1837/1/3721
f 7168/1/3701 7169/1/3702 1837/1/3721 1836/1/3722
f 7167/1/3700 7168/1/3701 1836/1/3722 1835/1/3723
f 7166/1/3699 7167/1/3700 1835/1/3723 1834/1/3724
f 7165/1/3698 7166/1/3699 1834/1/3724 1833/1/3725
f 7164/1/3696 7165/1/3698 1833/1/3725 1832/1/3726
f 7163/1/3697 7164/1/3696 1832/1/3726 1831/1/3727
f 1586/1/3728 7163/1/3697 1831/1/3727 109/1/3729
f 1587/1/3730 7156/1/3690 7163/1/3697 1586/1/3728
f 1588/1/3731 7149/1/3683 7156/1/3690 1587/1/3730
f 1589/1/3732 7142/1/3676 7149/1/3683 1588/1/3731
f 1590/1/3733 7135/1/3669 7142/1/3676 1589/1/3732
f 1591/1/3734 7128/1/3657 7135/1/3669 1590/1/3733
f 1592/1/3705 7121/1/3654 7128/1/3657 1591/1/3734
f 7170/1/3735 7171/1/3736 7178/1/3737 7177/1/3738
f 7171/1/3736 7172/1/3739 7179/1/3740 7178/1/3737
f 7172/1/3739 7173/1/3741 7180/1/3742 7179/1/3740
f 7173/1/3741 7174/1/3743 7181/1/3744 7180/1/3742
f 7174/1/3743 7175/1/3745 7182/1/3746 7181/1/3744
f 7175/1/3745 7176/1/3747 7183/1/3748 7182/1/3746
f 7177/1/3738 7178/1/3737 7185/1/3749 7184/1/3750
f 7178/1/3737 7179/1/3740 7186/1/3751 7185/1/3749
f 7179/1/3740 7180/1/3742 7187/1/3752 7186/1/3751
f 7180/1/3742 7181/1/3744 7188/1/3753 7187/1/3752
f 7181/1/3744 7182/1/3746 7189/1/3754 7188/1/3753
f 7182/1/3746 7183/1/3748 7190/1/3755 7189/1/3754
f 7184/1/3750 7185/1/3749 7192/1/3756 7191/1/3757
f 7185/1/3749 7186/1/3751 7193/1/3758 7192/1/3756
f 7186/1/3751 7187/1/3752 7194/1/3759 7193/1/3758
f 7187/1/3752 7188/1/3753 7195/1/3760 7194/1/3759
f 7188/1/3753 7189/1/3754 7196/1/3761 7195/1/3760
f 7189/1/3754 7190/1/3755 7197/1/3762 7196/1/3761
f 7191/1/3757 7192/1/3756 7199/1/3763 7198/1/3764
f 7192/1/3756 7193/1/3758 7200/1/3765 7199/1/3763
f 7193/1/3758 7194/1/3759 7201/1/3766 7200/1/3765
f 7194/1/3759 7195/1/3760 7202/1/3767 7201/1/3766
f 7195/1/3760 7196/1/3761 7203/1/3768 7202/1/3767
f 7196/1/3761 7197/1/3762 7204/1/3769 7203/1/3768
f 7198/1/3764 7199/1/3763 7206/1/3770 7205/1/3771
f 7199/1/3763 7200/1/3765 7207/1/3772 7206/1/3770
f 7200/1/3765 7201/1/3766 7208/1/3773 7207/1/3772
f 7201/1/3766 7202/1/3767 7209/1/3774 7208/1/3773
f 7202/1/3767 7203/1/3768 7210/1/3775 7209/1/3774
f 7203/1/3768 7204/1/3769 7211/1/3776 7210/1/3775
f 7205/1/3771 7206/1/3770 7213/1/3777 7212/1/3778
f 7206/1/3770 7207/1/3772 7214/1/3779 7213/1/3777
f 7207/1/3772 7208/1/3773 7215/1/3780 7214/1/3779
f 7208/1/3773 7209/1/3774 7216/1/3781 7215/1/3780
f 7209/1/3774 7210/1/3775 7217/1/3782 7216/1/3781
f 7210/1/3775 7211/1/3776 7218/1/3783 7217/1/3782
f 126/1/3450 1544/1/3448 7170/1/3735 1725/1/3784
f 1544/1/3448 1545/1/3447 7171/1/3736 7170/1/3735
f 1545/1/3447 1546/1/3446 7172/1/3739 7171/1/3736
f 1546/1/3446 1547/1/3445 7173/1/3741 7172/1/3739
f 1547/1/3445 1548/1/3444 7174/1/3743 7173/1/3741
f 1548/1/3444 1549/1/3443 7175/1/3745 7174/1/3743
f 1549/1/3443 1550/1/3442 7176/1/3747 7175/1/3745
f 1550/1/3442 104/1/3441 1425/1/3785 7176/1/3747
f 7176/1/3747 1425/1/3785 1426/1/3786 7183/1/3748
f 7183/1/3748 1426/1/3786 1427/1/3787 7190/1/3755
f 7190/1/3755 1427/1/3787 1428/1/3788 7197/1/3762
f 7197/1/3762 1428/1/3788 1429/1/3789 7204/1/3769
f 7204/1/3769 1429/1/3789 1430/1/3790 7211/1/3776
f 7211/1/3776 1430/1/3790 1431/1/3791 7218/1/3783
f 7218/1/3783 1431/1/3791 106/1/2776 1607/1/2775
f 7217/1/3782 7218/1/3783 1607/1/2775 1608/1/2774
f 7216/1/3781 7217/1/3782 1608/1/2774 1609/1/2773
f 7215/1/3780 7216/1/3781 1609/1/2773 1610/1/2772
f 7214/1/3779 7215/1/3780 1610/1/2772 1611/1/2771
f 7213/1/3777 7214/1/3779 1611/1/2771 1612/1/2770
f 7212/1/3778 7213/1/3777 1612/1/2770 1613/1/2768
f 1719/1/3792 7212/1/3778 1613/1/2768 116/1/2767
f 1720/1/3793 7205/1/3771 7212/1/3778 1719/1/3792
f 1721/1/3794 7198/1/3764 7205/1/3771 1720/1/3793
f 1722/1/3795 7191/1/3757 7198/1/3764 1721/1/3794
f 1723/1/3796 7184/1/3750 7191/1/3757 1722/1/3795
f 1724/1/3797 7177/1/3738 7184/1/3750 1723/1/3796
f 1725/1/3784 7170/1/3735 7177/1/3738 1724/1/3797
f 7219/1/1243 7220/1/1244 7227/1/1244 7226/1/1243
f 7220/1/1244 7221/1/1245 7228/1/1245 7227/1/1244
f 7221/1/1245 7222/1/1246 7229/1/1246 7228/1/1245
f 7222/1/1246 7223/1/1247 7230/1/1247 7229/1/1246
f 7223/1/1247 7224/1/1248 7231/1/1248 7230/1/1247
f 7224/1/1248 7225/1/1249 7232/1/1249 7231/1/1248
f 7226/1/1243 7227/1/1244 7234/1/1244 7233/1/1243
f 7227/1/1244 7228/1/1245 7235/1/1245 7234/1/1244
f 7228/1/1245 7229/1/1246 7236/1/1246 7235/1/1245
f 7229/1/1246 7230/1/1247 7237/1/1247 7236/1/1246
f 7230/1/1247 7231/1/1248 7238/1/1248 7237/1/1247
f 7231/1/1248 7232/1/1249 7239/1/1249 7238/1/1248
f 7233/1/1243 7234/1/1244 7241/1/1244 7240/1/1243
f 7234/1/1244 7235/1/1245 7242/1/1245 7241/1/1244
f 7235/1/1245 7236/1/1246 7243/1/1246 7242/1/1245
f 7236/1/1246 7237/1/1247 7244/1/1247 7243/1/1246
f 7237/1/1247 7238/1/1248 7245/1/1248 7244/1/1247
f 7238/1/1248 7239/1/1249 7246/1/1249 7245/1/1248
f 7240/1/1243 7241/1/1244 7248/1/1244 7247/1/1243
f 7241/1/1244 7242/1/1245 7249/1/1245 7248/1/1244
f 7242/1/1245 7243/1/1246 7250/1/1246 7249/1/1245
f 7243/1/1246 7244/1/1247 7251/1/1247 7250/1/1246
f 7244/1/1247 7245/1/1248 7252/1/1248 7251/1/1247
f 7245/1/1248 7246/1/1249 7253/1/1249 7252/1/1248
f 7247/1/1243 7248/1/1244 7255/1/1244 7254/1/1243
f 7248/1/1244 7249/1/1245 7256/1/1245 7255/1/1244
f 7249/1/1245 7250/1/1246 7257/1/1246 7256/1/1245
f 7250/1/1246 7251/1/1247 7258/1/1247 7257/1/1246
f 7251/1/1247 7252/1/1248 7259/1/1248 7258/1/1247
f 7252/1/1248 7253/1/1249 7260/1/1249 7259/1/1248
f 7254/1/1243 7255/1/1244 7262/1/1244 7261/1/1243
f 7255/1/1244 7256/1/1245 7263/1/1245 7262/1/1244
f 7256/1/1245 7257/1/1246 7264/1/1246 7263/1/1245
f 7257/1/1246 7258/1/1247 7265/1/1247 7264/1/1246
f 7258/1/1247 7259/1/1248 7266/1/1248 7265/1/1247
f 7259/1/1248 7260/1/1249 7267/1/1249 7266/1/1248
f 79/1/1250 178/1/1243 7219/1/1243 1578/1/1250
f 178/1/1243 177/1/1244 7220/1/1244 7219/1/1243
f 177/1/1244 176/1/1245 7221/1/1245 7220/1/1244
f 176/1/1245 175/1/1246 7222/1/1246 7221/1/1245
f 175/1/1246 174/1/1247 7223/1/1247 7222/1/1246
f 174/1/1247 173/1/1248 7224/1/1248 7223/1/1247
f 173/1/1248 172/1/1249 7225/1/1249 7224/1/1248
f 172/1/1249 77/1/1251 1697/1/1251 7225/1/1249
f 7225/1/1249 1697/1/1251 1696/1/1251 7232/1/1249
f 7232/1/1249 1696/1/1251 1695/1/1251 7239/1/1249
f 7239/1/1249 1695/1/1251 1694/1/1251 7246/1/1249
f 7246/1/1249 1694/1/1251 1693/1/1251 7253/1/1249
f 7253/1/1249 1693/1/1251 1692/1/1251 7260/1/1249
f 7260/1/1249 1692/1/1251 1691/1/1251 7267/1/1249
f 7267/1/1249 1691/1/1251 124/1/3289 1732/1/3640
f 7266/1/1248 7267/1/1249 1732/1/3640 1731/1/3653
f 7265/1/1247 7266/1/1248 1731/1/3653 1730/1/3652
f 7264/1/1246 7265/1/1247 1730/1/3652 1729/1/3651
f 7263/1/1245 7264/1/1246 1729/1/3651 1728/1/3650
f 7262/1/1244 7263/1/1245 1728/1/3650 1727/1/3649
f 7261/1/1243 7262/1/1244 1727/1/3649 1726/1/3648
f 1572/1/1250 7261/1/1243 1726/1/3648 112/1/2605
f 1573/1/1250 7254/1/1243 7261/1/1243 1572/1/1250
f 1574/1/1250 7247/1/1243 7254/1/1243 1573/1/1250
f 1575/1/1250 7240/1/1243 7247/1/1243 1574/1/1250
f 1576/1/1250 7233/1/1243 7240/1/1243 1575/1/1250
f 1577/1/1250 7226/1/1243 7233/1/1243 1576/1/1250
f 1578/1/1250 7219/1/1243 7226/1/1243 1577/1/1250
f 7268/1/1252 7269/1/1253 7276/1/1253 7275/1/1252
f 7269/1/1253 7270/1/1255 7277/1/1255 7276/1/1253
f 7270/1/1255 7271/1/1256 7278/1/1256 7277/1/1255
f 7271/1/1256 7272/1/1257 7279/1/1257 7278/1/1256
f 7272/1/1257 7273/1/1258 7280/1/1258 7279/1/1257
f 7273/1/1258 7274/1/1259 7281/1/1259 7280/1/1258
f 7275/1/1252 7276/1/1253 7283/1/1253 7282/1/1252
f 7276/1/1253 7277/1/1255 7284/1/1255 7283/1/1253
f 7277/1/1255 7278/1/1256 7285/1/1256 7284/1/1255
f 7278/1/1256 7279/1/1257 7286/1/1257 7285/1/1256
f 7279/1/1257 7280/1/1258 7287/1/1258 7286/1/1257
f 7280/1/1258 7281/1/1259 7288/1/1259 7287/1/1258
f 7282/1/1252 7283/1/1253 7290/1/1253 7289/1/1254
f 7283/1/1253 7284/1/1255 7291/1/1255 7290/1/1253
f 7284/1/1255 7285/1/1256 7292/1/1256 7291/1/1255
f 7285/1/1256 7286/1/1257 7293/1/1257 7292/1/1256
f 7286/1/1257 7287/1/1258 7294/1/1258 7293/1/1257
f 7287/1/1258 7288/1/1259 7295/1/1259 7294/1/1258
f 7289/1/1254 7290/1/1253 7297/1/1253 7296/1/1252
f 7290/1/1253 7291/1/1255 7298/1/1255 7297/1/1253
f 7291/1/1255 7292/1/1256 7299/1/1256 7298/1/1255
f 7292/1/1256 7293/1/1257 7300/1/1257 7299/1/1256
f 7293/1/1257 7294/1/1258 7301/1/1258 7300/1/1257
f 7294/1/1258 7295/1/1259 7302/1/1259 7301/1/1258
f 7296/1/1252 7297/1/1253 7304/1/1253 7303/1/1252
f 7297/1/1253 7298/1/1255 7305/1/1255 7304/1/1253
f 7298/1/1255 7299/1/1256 7306/1/1256 7305/1/1255
f 7299/1/1256 7300/1/1257 7307/1/1257 7306/1/1256
f 7300/1/1257 7301/1/1258 7308/1/1258 7307/1/1257
f 7301/1/1258 7302/1/1259 7309/1/1259 7308/1/1258
f 7303/1/1252 7304/1/1253 7311/1/1253 7310/1/1252
f 7304/1/1253 7305/1/1255 7312/1/1255 7311/1/1253
f 7305/1/1255 7306/1/1256 7313/1/1256 7312/1/1255
f 7306/1/1256 7307/1/1257 7314/1/1257 7313/1/1256
f 7307/1/1257 7308/1/1258 7315/1/1258 7314/1/1257
f 7308/1/1258 7309/1/1259 7316/1/1259 7315/1/1258
f 83/1/1260 276/1/1252 7268/1/1252 1579/1/1260
f 276/1/1252 275/1/1253 7269/1/1253 7268/1/1252
f 275/1/1253 274/1/1255 7270/1/1255 7269/1/1253
f 274/1/1255 273/1/1256 7271/1/1256 7270/1/1255
f 273/1/1256 272/1/1257 7272/1/1257 7271/1/1256
f 272/1/1257 271/1/1258 7273/1/1258 7272/1/1257
f 271/1/1258 270/1/1259 7274/1/1259 7273/1/1258
f 270/1/1259 128/1/1261 1859/1/1261 7274/1/1259
f 7274/1/1259 1859/1/1261 1860/1/1261 7281/1/1259
f 7281/1/1259 1860/1/1261 1861/1/1261 7288/1/1259
f 7288/1/1259 1861/1/1261 1862/1/1261 7295/1/1259
f 7295/1/1259 1862/1/1261 1863/1/1261 7302/1/1259
f 7302/1/1259 1863/1/1261 1864/1/1261 7309/1/1259
f 7309/1/1259 1864/1/1261 1865/1/1261 7316/1/1259
f 7316/1/1259 1865/1/1261 130/1/2686 1858/1/2688
f 7315/1/1258 7316/1/1259 1858/1/2688 1857/1/2717
f 7314/1/1257 7315/1/1258 1857/1/2717 1856/1/2716
f 7313/1/1256 7314/1/1257 1856/1/2716 1855/1/2715
f 7312/1/1255 7313/1/1256 1855/1/2715 1854/1/2714
f 7311/1/1253 7312/1/1255 1854/1/2714 1853/1/2713
f 7310/1/1252 7311/1/1253 1853/1/2713 1852/1/2711
f 1585/1/1260 7310/1/1252 1852/1/2711 113/1/2712
f 1584/1/1260 7303/1/1252 7310/1/1252 1585/1/1260
f 1583/1/1260 7296/1/1252 7303/1/1252 1584/1/1260
f 1582/1/1260 7289/1/1254 7296/1/1252 1583/1/1260
f 1581/1/1260 7282/1/1252 7289/1/1254 1582/1/1260
f 1580/1/1260 7275/1/1252 7282/1/1252 1581/1/1260
f 1579/1/1260 7268/1/1252 7275/1/1252 1580/1/1260
f 7317/1/1262 7318/1/1264 7325/1/1264 7324/1/1262
f 7318/1/1264 7319/1/1265 7326/1/1265 7325/1/1264
f 7319/1/1265 7320/1/1266 7327/1/1266 7326/1/1265
f 7320/1/1266 7321/1/1267 7328/1/1267 7327/1/1266
f 7321/1/1267 7322/1/1268 7329/1/1268 7328/1/1267
f 7322/1/1268 7323/1/1269 7330/1/1269 7329/1/1268
f 7324/1/1262 7325/1/1264 7332/1/1264 7331/1/1262
f 7325/1/1264 7326/1/1265 7333/1/1265 7332/1/1264
f 7326/1/1265 7327/1/1266 7334/1/1266 7333/1/1265
f 7327/1/1266 7328/1/1267 7335/1/1267 7334/1/1266
f 7328/1/1267 7329/1/1268 7336/1/1268 7335/1/1267
f 7329/1/1268 7330/1/1269 7337/1/1269 7336/1/1268
f 7331/1/1262 7332/1/1264 7339/1/1264 7338/1/1262
f 7332/1/1264 7333/1/1265 7340/1/1265 7339/1/1264
f 7333/1/1265 7334/1/1266 7341/1/1266 7340/1/1265
f 7334/1/1266 7335/1/1267 7342/1/1267 7341/1/1266
f 7335/1/1267 7336/1/1268 7343/1/1268 7342/1/1267
f 7336/1/1268 7337/1/1269 7344/1/1269 7343/1/1268
f 7338/1/1262 7339/1/1264 7346/1/1263 7345/1/1262
f 7339/1/1264 7340/1/1265 7347/1/1265 7346/1/1263
f 7340/1/1265 7341/1/1266 7348/1/1266 7347/1/1265
f 7341/1/1266 7342/1/1267 7349/1/1267 7348/1/1266
f 7342/1/1267 7343/1/1268 7350/1/1268 7349/1/1267
f 7343/1/1268 7344/1/1269 7351/1/1269 7350/1/1268
f 7345/1/1262 7346/1/1263 7353/1/1263 7352/1/1262
f 7346/1/1263 7347/1/1265 7354/1/1265 7353/1/1263
f 7347/1/1265 7348/1/1266 7355/1/1266 7354/1/1265
f 7348/1/1266 7349/1/1267 7356/1/1267 7355/1/1266
f 7349/1/1267 7350/1/1268 7357/1/1268 7356/1/1267
f 7350/1/1268 7351/1/1269 7358/1/1269 7357/1/1268
f 7352/1/1262 7353/1/1263 7360/1/1263 7359/1/1262
f 7353/1/1263 7354/1/1265 7361/1/1265 7360/1/1263
f 7354/1/1265 7355/1/1266 7362/1/1266 7361/1/1265
f 7355/1/1266 7356/1/1267 7363/1/1267 7362/1/1266
f 7356/1/1267 7357/1/1268 7364/1/1268 7363/1/1267
f 7357/1/1268 7358/1/1269 7365/1/1269 7364/1/1268
f 86/1/1270 221/1/1262 7317/1/1262 1712/1/1270
f 221/1/1262 222/1/1264 7318/1/1264 7317/1/1262
f 222/1/1264 223/1/1265 7319/1/1265 7318/1/1264
f 223/1/1265 224/1/1266 7320/1/1266 7319/1/1265
f 224/1/1266 225/1/1267 7321/1/1267 7320/1/1266
f 225/1/1267 226/1/1268 7322/1/1268 7321/1/1267
f 226/1/1268 227/1/1269 7323/1/1269 7322/1/1268
f 227/1/1269 83/1/1260 1579/1/1260 7323/1/1269
f 7323/1/1269 1579/1/1260 1580/1/1260 7330/1/1269
f 7330/1/1269 1580/1/1260 1581/1/1260 7337/1/1269
f 7337/1/1269 1581/1/1260 1582/1/1260 7344/1/1269
f 7344/1/1269 1582/1/1260 1583/1/1260 7351/1/1269
f 7351/1/1269 1583/1/1260 1584/1/1260 7358/1/1269
f 7358/1/1269 1584/1/1260 1585/1/1260 7365/1/1269
f 7365/1/1269 1585/1/1260 113/1/2712 1733/1/3583
f 7364/1/1268 7365/1/1269 1733/1/3583 1734/1/3582
f 7363/1/1267 7364/1/1268 1734/1/3582 1735/1/3581
f 7362/1/1266 7363/1/1267 1735/1/3581 1736/1/3580
f 7361/1/1265 7362/1/1266 1736/1/3580 1737/1/3579
f 7360/1/1263 7361/1/1265 1737/1/3579 1738/1/3578
f 7359/1/1262 7360/1/1263 1738/1/3578 1739/1/3577
f 1718/1/1270 7359/1/1262 1739/1/3577 127/1/3512
f 1717/1/1270 7352/1/1262 7359/1/1262 1718/1/1270
f 1716/1/1270 7345/1/1262 7352/1/1262 1717/1/1270
f 1715/1/1270 7338/1/1262 7345/1/1262 1716/1/1270
f 1714/1/1270 7331/1/1262 7338/1/1262 1715/1/1270
f 1713/1/1270 7324/1/1262 7331/1/1262 1714/1/1270
f 1712/1/1270 7317/1/1262 7324/1/1262 1713/1/1270
f 7366/1/1271 7367/1/1272 7374/1/1272 7373/1/1271
f 7367/1/1272 7368/1/1273 7375/1/1273 7374/1/1272
f 7368/1/1273 7369/1/1274 7376/1/1274 7375/1/1273
f 7369/1/1274 7370/1/1275 7377/1/1275 7376/1/1274
f 7370/1/1275 7371/1/1277 7378/1/1277 7377/1/1275
f 7371/1/1277 7372/1/1278 7379/1/1278 7378/1/1277
f 7373/1/1271 7374/1/1272 7381/1/1272 7380/1/1271
f 7374/1/1272 7375/1/1273 7382/1/1273 7381/1/1272
f 7375/1/1273 7376/1/1274 7383/1/1274 7382/1/1273
f 7376/1/1274 7377/1/1275 7384/1/1275 7383/1/1274
f 7377/1/1275 7378/1/1277 7385/1/1276 7384/1/1275
f 7378/1/1277 7379/1/1278 7386/1/1278 7385/1/1276
f 7380/1/1271 7381/1/1272 7388/1/1272 7387/1/1271
f 7381/1/1272 7382/1/1273 7389/1/1273 7388/1/1272
f 7382/1/1273 7383/1/1274 7390/1/1274 7389/1/1273
f 7383/1/1274 7384/1/1275 7391/1/1275 7390/1/1274
f 7384/1/1275 7385/1/1276 7392/1/1276 7391/1/1275
f 7385/1/1276 7386/1/1278 7393/1/1278 7392/1/1276
f 7387/1/1271 7388/1/1272 7395/1/1272 7394/1/1271
f 7388/1/1272 7389/1/1273 7396/1/1273 7395/1/1272
f 7389/1/1273 7390/1/1274 7397/1/1274 7396/1/1273
f 7390/1/1274 7391/1/1275 7398/1/1275 7397/1/1274
f 7391/1/1275 7392/1/1276 7399/1/1276 7398/1/1275
f 7392/1/1276 7393/1/1278 7400/1/1278 7399/1/1276
f 7394/1/1271 7395/1/1272 7402/1/1272 7401/1/1271
f 7395/1/1272 7396/1/1273 7403/1/1273 7402/1/1272
f 7396/1/1273 7397/1/1274 7404/1/1274 7403/1/1273
f 7397/1/1274 7398/1/1275 7405/1/1275 7404/1/1274
f 7398/1/1275 7399/1/1276 7406/1/1276 7405/1/1275
f 7399/1/1276 7400/1/1278 7407/1/1278 7406/1/1276
f 7401/1/1271 7402/1/1272 7409/1/1272 7408/1/1271
f 7402/1/1272 7403/1/1273 7410/1/1273 7409/1/1272
f 7403/1/1273 7404/1/1274 7411/1/1274 7410/1/1273
f 7404/1/1274 7405/1/1275 7412/1/1275 7411/1/1274
f 7405/1/1275 7406/1/1276 7413/1/1276 7412/1/1275
f 7406/1/1276 7407/1/1278 7414/1/1278 7413/1/1276
f 85/1/1279 214/1/1271 7366/1/1271 1698/1/1279
f 214/1/1271 215/1/1272 7367/1/1272 7366/1/1271
f 215/1/1272 216/1/1282 7368/1/1273 7367/1/1272
f 216/1/1282 217/1/1274 7369/1/1274 7368/1/1273
f 217/1/1274 218/1/1281 7370/1/1275 7369/1/1274
f 218/1/1281 219/1/1277 7371/1/1277 7370/1/1275
f 219/1/1277 220/1/1278 7372/1/1278 7371/1/1277
f 220/1/1278 86/1/1270 1712/1/1270 7372/1/1278
f 7372/1/1278 1712/1/1270 1713/1/1270 7379/1/1278
f 7379/1/1278 1713/1/1270 1714/1/1270 7386/1/1278
f 7386/1/1278 1714/1/1270 1715/1/1270 7393/1/1278
f 7393/1/1278 1715/1/1270 1716/1/1270 7400/1/1278
f 7400/1/1278 1716/1/1270 1717/1/1270 7407/1/1278
f 7407/1/1278 1717/1/1270 1718/1/1270 7414/1/1278
f 7414/1/1278 1718/1/1270 127/1/3512 1740/1/3511
f 7413/1/1276 7414/1/1278 1740/1/3511 1741/1/3510
f 7412/1/1275 7413/1/1276 1741/1/3510 1742/1/3509
f 7411/1/1274 7412/1/1275 1742/1/3509 1743/1/3508
f 7410/1/1273 7411/1/1274 1743/1/3508 1744/1/3507
f 7409/1/1272 7410/1/1273 1744/1/3507 1745/1/3506
f 7408/1/1271 7409/1/1272 1745/1/3506 1746/1/3505
f 1704/1/1279 7408/1/1271 1746/1/3505 125/1/3368
f 1703/1/1279 7401/1/1271 7408/1/1271 1704/1/1279
f 1702/1/1279 7394/1/1271 7401/1/1271 1703/1/1279
f 1701/1/1279 7387/1/1271 7394/1/1271 1702/1/1279
f 1700/1/1279 7380/1/1271 7387/1/1271 1701/1/1279
f 1699/1/1280 7373/1/1271 7380/1/1271 1700/1/1279
f 1698/1/1279 7366/1/1271 7373/1/1271 1699/1/1280
f 7415/1/1283 7416/1/1284 7423/1/1284 7422/1/1283
f 7416/1/1284 7417/1/1285 7424/1/1285 7423/1/1284
f 7417/1/1285 7418/1/1286 7425/1/1286 7424/1/1285
f 7418/1/1286 7419/1/1287 7426/1/1287 7425/1/1286
f 7419/1/1287 7420/1/1288 7427/1/1288 7426/1/1287
f 7420/1/1288 7421/1/1289 7428/1/1289 7427/1/1288
f 7422/1/1283 7423/1/1284 7430/1/1284 7429/1/1283
f 7423/1/1284 7424/1/1285 7431/1/1285 7430/1/1284
f 7424/1/1285 7425/1/1286 7432/1/1286 7431/1/1285
f 7425/1/1286 7426/1/1287 7433/1/1287 7432/1/1286
f 7426/1/1287 7427/1/1288 7434/1/1288 7433/1/1287
f 7427/1/1288 7428/1/1289 7435/1/1289 7434/1/1288
f 7429/1/1283 7430/1/1284 7437/1/1284 7436/1/1283
f 7430/1/1284 7431/1/1285 7438/1/1285 7437/1/1284
f 7431/1/1285 7432/1/1286 7439/1/1286 7438/1/1285
f 7432/1/1286 7433/1/1287 7440/1/1287 7439/1/1286
f 7433/1/1287 7434/1/1288 7441/1/1288 7440/1/1287
f 7434/1/1288 7435/1/1289 7442/1/1289 7441/1/1288
f 7436/1/1283 7437/1/1284 7444/1/1284 7443/1/1283
f 7437/1/1284 7438/1/1285 7445/1/1285 7444/1/1284
f 7438/1/1285 7439/1/1286 7446/1/1286 7445/1/1285
f 7439/1/1286 7440/1/1287 7447/1/1287 7446/1/1286
f 7440/1/1287 7441/1/1288 7448/1/1288 7447/1/1287
f 7441/1/1288 7442/1/1289 7449/1/1289 7448/1/1288
f 7443/1/1283 7444/1/1284 7451/1/1284 7450/1/1283
f 7444/1/1284 7445/1/1285 7452/1/1285 7451/1/1284
f 7445/1/1285 7446/1/1286 7453/1/1286 7452/1/1285
f 7446/1/1286 7447/1/1287 7454/1/1287 7453/1/1286
f 7447/1/1287 7448/1/1288 7455/1/1288 7454/1/1287
f 7448/1/1288 7449/1/1289 7456/1/1289 7455/1/1288
f 7450/1/1283 7451/1/1284 7458/1/1284 7457/1/1283
f 7451/1/1284 7452/1/1285 7459/1/1285 7458/1/1284
f 7452/1/1285 7453/1/1286 7460/1/1286 7459/1/1285
f 7453/1/1286 7454/1/1287 7461/1/1287 7460/1/1286
f 7454/1/1287 7455/1/1288 7462/1/1288 7461/1/1287
f 7455/1/1288 7456/1/1289 7463/1/1289 7462/1/1288
f 87/1/1290 269/1/1283 7415/1/1283 1705/1/1290
f 269/1/1283 268/1/1284 7416/1/1284 7415/1/1283
f 268/1/1284 267/1/1285 7417/1/1285 7416/1/1284
f 267/1/1285 266/1/1286 7418/1/1286 7417/1/1285
f 266/1/1286 265/1/1287 7419/1/1287 7418/1/1286
f 265/1/1287 264/1/1288 7420/1/1288 7419/1/1287
f 264/1/1288 263/1/1289 7421/1/1289 7420/1/1288
f 263/1/1289 78/1/1291 1656/1/1291 7421/1/1289
f 7421/1/1289 1656/1/1291 1657/1/1291 7428/1/1289
f 7428/1/1289 1657/1/1291 1658/1/1291 7435/1/1289
f 7435/1/1289 1658/1/1291 1659/1/1291 7442/1/1289
f 7442/1/1289 1659/1/1291 1660/1/1291 7449/1/1289
f 7449/1/1289 1660/1/1291 1661/1/1291 7456/1/1289
f 7456/1/1289 1661/1/1291 1662/1/1291 7463/1/1289
f 7463/1/1289 1662/1/1291 121/1/3090 1753/1/3433
f 7462/1/1288 7463/1/1289 1753/1/3433 1752/1/3455
f 7461/1/1287 7462/1/1288 1752/1/3455 1751/1/3454
f 7460/1/1286 7461/1/1287 1751/1/3454 1750/1/3453
f 7459/1/1285 7460/1/1286 1750/1/3453 1749/1/3452
f 7458/1/1284 7459/1/1285 1749/1/3452 1748/1/3451
f 7457/1/1283 7458/1/1284 1748/1/3451 1747/1/3449
f 1711/1/1290 7457/1/1283 1747/1/3449 126/1/3450
f 1710/1/1290 7450/1/1283 7457/1/1283 1711/1/1290
f 1709/1/1290 7443/1/1283 7450/1/1283 1710/1/1290
f 1708/1/1290 7436/1/1283 7443/1/1283 1709/1/1290
f 1707/1/1290 7429/1/1283 7436/1/1283 1708/1/1290
f 1706/1/1290 7422/1/1283 7429/1/1283 1707/1/1290
f 1705/1/1290 7415/1/1283 7422/1/1283 1706/1/1290
f 7464/1/1292 7465/1/1293 7472/1/1293 7471/1/1292
f 7465/1/1293 7466/1/1294 7473/1/1294 7472/1/1293
f 7466/1/1294 7467/1/1296 7474/1/1296 7473/1/1294
f 7467/1/1296 7468/1/1298 7475/1/1298 7474/1/1296
f 7468/1/1298 7469/1/1299 7476/1/1299 7475/1/1298
f 7469/1/1299 7470/1/1301 7477/1/1301 7476/1/1299
f 7471/1/1292 7472/1/1293 7479/1/1293 7478/1/1292
f 7472/1/1293 7473/1/1294 7480/1/1294 7479/1/1293
f 7473/1/1294 7474/1/1296 7481/1/1296 7480/1/1294
f 7474/1/1296 7475/1/1298 7482/1/1298 7481/1/1296
f 7475/1/1298 7476/1/1299 7483/1/1299 7482/1/1298
f 7476/1/1299 7477/1/1301 7484/1/1301 7483/1/1299
f 7478/1/1292 7479/1/1293 7486/1/1293 7485/1/1292
f 7479/1/1293 7480/1/1294 7487/1/1294 7486/1/1293
f 7480/1/1294 7481/1/1296 7488/1/1296 7487/1/1294
f 7481/1/1296 7482/1/1298 7489/1/1298 7488/1/1296
f 7482/1/1298 7483/1/1299 7490/1/1299 7489/1/1298
f 7483/1/1299 7484/1/1301 7491/1/1301 7490/1/1299
f 7485/1/1292 7486/1/1293 7493/1/1293 7492/1/1292
f 7486/1/1293 7487/1/1294 7494/1/1295 7493/1/1293
f 7487/1/1294 7488/1/1296 7495/1/1297 7494/1/1295
f 7488/1/1296 7489/1/1298 7496/1/1298 7495/1/1297
f 7489/1/1298 7490/1/1299 7497/1/1300 7496/1/1298
f 7490/1/1299 7491/1/1301 7498/1/1301 7497/1/1300
f 7492/1/1292 7493/1/1293 7500/1/1293 7499/1/1292
f 7493/1/1293 7494/1/1295 7501/1/1295 7500/1/1293
f 7494/1/1295 7495/1/1297 7502/1/1297 7501/1/1295
f 7495/1/1297 7496/1/1298 7503/1/1298 7502/1/1297
f 7496/1/1298 7497/1/1300 7504/1/1300 7503/1/1298
f 7497/1/1300 7498/1/1301 7505/1/1301 7504/1/1300
f 7499/1/1292 7500/1/1293 7507/1/1293 7506/1/1292
f 7500/1/1293 7501/1/1295 7508/1/1294 7507/1/1293
f 7501/1/1295 7502/1/1297 7509/1/1297 7508/1/1294
f 7502/1/1297 7503/1/1298 7510/1/1298 7509/1/1297
f 7503/1/1298 7504/1/1300 7511/1/1300 7510/1/1298
f 7504/1/1300 7505/1/1301 7512/1/1301 7511/1/1300
f 84/1/1302 207/1/1292 7464/1/1292 1663/1/1302
f 207/1/1292 208/1/1293 7465/1/1293 7464/1/1292
f 208/1/1293 209/1/1294 7466/1/1294 7465/1/1293
f 209/1/1294 210/1/1296 7467/1/1296 7466/1/1294
f 210/1/1296 211/1/1298 7468/1/1298 7467/1/1296
f 211/1/1298 212/1/1299 7469/1/1299 7468/1/1298
f 212/1/1299 213/1/1301 7470/1/1301 7469/1/1299
f 213/1/1301 85/1/1279 1698/1/1279 7470/1/1301
f 7470/1/1301 1698/1/1279 1699/1/1280 7477/1/1301
f 7477/1/1301 1699/1/1280 1700/1/1279 7484/1/1301
f 7484/1/1301 1700/1/1279 1701/1/1279 7491/1/1301
f 7491/1/1301 1701/1/1279 1702/1/1279 7498/1/1301
f 7498/1/1301 1702/1/1279 1703/1/1279 7505/1/1301
f 7505/1/1301 1703/1/1279 1704/1/1279 7512/1/1301
f 7512/1/1301 1704/1/1279 125/1/3368 1754/1/3367
f 7511/1/1300 7512/1/1301 1754/1/3367 1755/1/3366
f 7510/1/1298 7511/1/1300 1755/1/3366 1756/1/3365
f 7509/1/1297 7510/1/1298 1756/1/3365 1757/1/3364
f 7508/1/1294 7509/1/1297 1757/1/3364 1758/1/3363
f 7507/1/1293 7508/1/1294 1758/1/3363 1759/1/3362
f 7506/1/1292 7507/1/1293 1759/1/3362 1760/1/3361
f 1669/1/1302 7506/1/1292 1760/1/3361 122/1/3217
f 1668/1/1302 7499/1/1292 7506/1/1292 1669/1/1302
f 1667/1/1302 7492/1/1292 7499/1/1292 1668/1/1302
f 1666/1/1302 7485/1/1292 7492/1/1292 1667/1/1302
f 1665/1/1302 7478/1/1292 7485/1/1292 1666/1/1302
f 1664/1/1302 7471/1/1292 7478/1/1292 1665/1/1302
f 1663/1/1302 7464/1/1292 7471/1/1292 1664/1/1302
f 7513/1/1303 7514/1/1304 7521/1/1304 7520/1/1303
f 7514/1/1304 7515/1/1305 7522/1/1305 7521/1/1304
f 7515/1/1305 7516/1/1306 7523/1/1306 7522/1/1305
f 7516/1/1306 7517/1/1307 7524/1/1307 7523/1/1306
f 7517/1/1307 7518/1/1308 7525/1/1308 7524/1/1307
f 7518/1/1308 7519/1/1309 7526/1/1309 7525/1/1308
f 7520/1/1303 7521/1/1304 7528/1/1304 7527/1/1303
f 7521/1/1304 7522/1/1305 7529/1/1305 7528/1/1304
f 7522/1/1305 7523/1/1306 7530/1/1306 7529/1/1305
f 7523/1/1306 7524/1/1307 7531/1/1307 7530/1/1306
f 7524/1/1307 7525/1/1308 7532/1/1308 7531/1/1307
f 7525/1/1308 7526/1/1309 7533/1/1309 7532/1/1308
f 7527/1/1303 7528/1/1304 7535/1/1304 7534/1/1303
f 7528/1/1304 7529/1/1305 7536/1/1305 7535/1/1304
f 7529/1/1305 7530/1/1306 7537/1/1306 7536/1/1305
f 7530/1/1306 7531/1/1307 7538/1/1307 7537/1/1306
f 7531/1/1307 7532/1/1308 7539/1/1308 7538/1/1307
f 7532/1/1308 7533/1/1309 7540/1/1309 7539/1/1308
f 7534/1/1303 7535/1/1304 7542/1/1304 7541/1/1303
f 7535/1/1304 7536/1/1305 7543/1/1305 7542/1/1304
f 7536/1/1305 7537/1/1306 7544/1/1306 7543/1/1305
f 7537/1/1306 7538/1/1307 7545/1/1307 7544/1/1306
f 7538/1/1307 7539/1/1308 7546/1/1308 7545/1/1307
f 7539/1/1308 7540/1/1309 7547/1/1309 7546/1/1308
f 7541/1/1303 7542/1/1304 7549/1/1304 7548/1/1303
f 7542/1/1304 7543/1/1305 7550/1/1305 7549/1/1304
f 7543/1/1305 7544/1/1306 7551/1/1306 7550/1/1305
f 7544/1/1306 7545/1/1307 7552/1/1307 7551/1/1306
f 7545/1/1307 7546/1/1308 7553/1/1308 7552/1/1307
f 7546/1/1308 7547/1/1309 7554/1/1309 7553/1/1308
f 7548/1/1303 7549/1/1304 7556/1/1304 7555/1/1303
f 7549/1/1304 7550/1/1305 7557/1/1305 7556/1/1304
f 7550/1/1305 7551/1/1306 7558/1/1306 7557/1/1305
f 7551/1/1306 7552/1/1307 7559/1/1307 7558/1/1306
f 7552/1/1307 7553/1/1308 7560/1/1308 7559/1/1307
f 7553/1/1308 7554/1/1309 7561/1/1309 7560/1/1308
f 77/1/1251 256/1/1303 7513/1/1303 1697/1/1251
f 256/1/1303 257/1/1304 7514/1/1304 7513/1/1303
f 257/1/1304 258/1/1305 7515/1/1305 7514/1/1304
f 258/1/1305 259/1/1306 7516/1/1306 7515/1/1305
f 259/1/1306 260/1/1307 7517/1/1307 7516/1/1306
f 260/1/1307 261/1/1308 7518/1/1308 7517/1/1307
f 261/1/1308 262/1/1309 7519/1/1309 7518/1/1308
f 262/1/1309 82/1/1310 1683/1/1310 7519/1/1309
f 7519/1/1309 1683/1/1310 1682/1/1310 7526/1/1309
f 7526/1/1309 1682/1/1310 1681/1/1310 7533/1/1309
f 7533/1/1309 1681/1/1310 1680/1/1310 7540/1/1309
f 7540/1/1309 1680/1/1310 1679/1/1310 7547/1/1309
f 7547/1/1309 1679/1/1310 1678/1/1310 7554/1/1309
f 7554/1/1309 1678/1/1310 1677/1/1310 7561/1/1309
f 7561/1/1309 1677/1/1310 123/1/3208 1761/1/3297
f 7560/1/1308 7561/1/1309 1761/1/3297 1762/1/3296
f 7559/1/1307 7560/1/1308 1762/1/3296 1763/1/3295
f 7558/1/1306 7559/1/1307 1763/1/3295 1764/1/3294
f 7557/1/1305 7558/1/1306 1764/1/3294 1765/1/3293
f 7556/1/1304 7557/1/1305 1765/1/3293 1766/1/3292
f 7555/1/1303 7556/1/1304 1766/1/3292 1767/1/3290
f 1691/1/1251 7555/1/1303 1767/1/3290 124/1/3289
f 1692/1/1251 7548/1/1303 7555/1/1303 1691/1/1251
f 1693/1/1251 7541/1/1303 7548/1/1303 1692/1/1251
f 1694/1/1251 7534/1/1303 7541/1/1303 1693/1/1251
f 1695/1/1251 7527/1/1303 7534/1/1303 1694/1/1251
f 1696/1/1251 7520/1/1303 7527/1/1303 1695/1/1251
f 1697/1/1251 7513/1/1303 7520/1/1303 1696/1/1251
f 7562/1/1311 7563/1/1312 7570/1/1312 7569/1/1311
f 7563/1/1312 7564/1/1313 7571/1/1313 7570/1/1312
f 7564/1/1313 7565/1/1314 7572/1/1314 7571/1/1313
f 7565/1/1314 7566/1/1315 7573/1/1315 7572/1/1314
f 7566/1/1315 7567/1/1316 7574/1/1316 7573/1/1315
f 7567/1/1316 7568/1/1317 7575/1/1317 7574/1/1316
f 7569/1/1311 7570/1/1312 7577/1/1312 7576/1/1311
f 7570/1/1312 7571/1/1313 7578/1/1313 7577/1/1312
f 7571/1/1313 7572/1/1314 7579/1/1314 7578/1/1313
f 7572/1/1314 7573/1/1315 7580/1/1315 7579/1/1314
f 7573/1/1315 7574/1/1316 7581/1/1316 7580/1/1315
f 7574/1/1316 7575/1/1317 7582/1/1317 7581/1/1316
f 7576/1/1311 7577/1/1312 7584/1/1312 7583/1/1311
f 7577/1/1312 7578/1/1313 7585/1/1313 7584/1/1312
f 7578/1/1313 7579/1/1314 7586/1/1314 7585/1/1313
f 7579/1/1314 7580/1/1315 7587/1/1315 7586/1/1314
f 7580/1/1315 7581/1/1316 7588/1/1316 7587/1/1315
f 7581/1/1316 7582/1/1317 7589/1/1317 7588/1/1316
f 7583/1/1311 7584/1/1312 7591/1/1312 7590/1/1311
f 7584/1/1312 7585/1/1313 7592/1/1313 7591/1/1312
f 7585/1/1313 7586/1/1314 7593/1/1314 7592/1/1313
f 7586/1/1314 7587/1/1315 7594/1/1315 7593/1/1314
f 7587/1/1315 7588/1/1316 7595/1/1316 7594/1/1315
f 7588/1/1316 7589/1/1317 7596/1/1317 7595/1/1316
f 7590/1/1311 7591/1/1312 7598/1/1312 7597/1/1311
f 7591/1/1312 7592/1/1313 7599/1/1313 7598/1/1312
f 7592/1/1313 7593/1/1314 7600/1/1314 7599/1/1313
f 7593/1/1314 7594/1/1315 7601/1/1315 7600/1/1314
f 7594/1/1315 7595/1/1316 7602/1/1316 7601/1/1315
f 7595/1/1316 7596/1/1317 7603/1/1317 7602/1/1316
f 7597/1/1311 7598/1/1312 7605/1/1312 7604/1/1311
f 7598/1/1312 7599/1/1313 7606/1/1313 7605/1/1312
f 7599/1/1313 7600/1/1314 7607/1/1314 7606/1/1313
f 7600/1/1314 7601/1/1315 7608/1/1315 7607/1/1314
f 7601/1/1315 7602/1/1316 7609/1/1316 7608/1/1315
f 7602/1/1316 7603/1/1317 7610/1/1317 7609/1/1316
f 82/1/1310 200/1/1311 7562/1/1311 1683/1/1310
f 200/1/1311 201/1/1312 7563/1/1312 7562/1/1311
f 201/1/1312 202/1/1313 7564/1/1313 7563/1/1312
f 202/1/1313 203/1/1314 7565/1/1314 7564/1/1313
f 203/1/1314 204/1/1315 7566/1/1315 7565/1/1314
f 204/1/1315 205/1/1316 7567/1/1316 7566/1/1315
f 205/1/1316 206/1/1317 7568/1/1317 7567/1/1316
f 206/1/1317 84/1/1302 1663/1/1302 7568/1/1317
f 7568/1/1317 1663/1/1302 1664/1/1302 7575/1/1317
f 7575/1/1317 1664/1/1302 1665/1/1302 7582/1/1317
f 7582/1/1317 1665/1/1302 1666/1/1302 7589/1/1317
f 7589/1/1317 1666/1/1302 1667/1/1302 7596/1/1317
f 7596/1/1317 1667/1/1302 1668/1/1302 7603/1/1317
f 7603/1/1317 1668/1/1302 1669/1/1302 7610/1/1317
f 7610/1/1317 1669/1/1302 122/1/3217 1768/1/3216
f 7609/1/1316 7610/1/1317 1768/1/3216 1769/1/3215
f 7608/1/1315 7609/1/1316 1769/1/3215 1770/1/3214
f 7607/1/1314 7608/1/1315 1770/1/3214 1771/1/3213
f 7606/1/1313 7607/1/1314 1771/1/3213 1772/1/3212
f 7605/1/1312 7606/1/1313 1772/1/3212 1773/1/3211
f 7604/1/1311 7605/1/1312 1773/1/3211 1774/1/3209
f 1677/1/1310 7604/1/1311 1774/1/3209 123/1/3208
f 1678/1/1310 7597/1/1311 7604/1/1311 1677/1/1310
f 1679/1/1310 7590/1/1311 7597/1/1311 1678/1/1310
f 1680/1/1310 7583/1/1311 7590/1/1311 1679/1/1310
f 1681/1/1310 7576/1/1311 7583/1/1311 1680/1/1310
f 1682/1/1310 7569/1/1311 7576/1/1311 1681/1/1310
f 1683/1/1310 7562/1/1311 7569/1/1311 1682/1/1310
f 7611/1/1318 7612/1/1319 7619/1/1319 7618/1/1318
f 7612/1/1319 7613/1/1320 7620/1/1320 7619/1/1319
f 7613/1/1320 7614/1/1321 7621/1/1321 7620/1/1320
f 7614/1/1321 7615/1/1322 7622/1/1322 7621/1/1321
f 7615/1/1322 7616/1/1323 7623/1/1324 7622/1/1322
f 7616/1/1323 7617/1/1325 7624/1/1325 7623/1/1324
f 7618/1/1318 7619/1/1319 7626/1/1319 7625/1/1318
f 7619/1/1319 7620/1/1320 7627/1/1320 7626/1/1319
f 7620/1/1320 7621/1/1321 7628/1/1321 7627/1/1320
f 7621/1/1321 7622/1/1322 7629/1/1322 7628/1/1321
f 7622/1/1322 7623/1/1324 7630/1/1323 7629/1/1322
f 7623/1/1324 7624/1/1325 7631/1/1325 7630/1/1323
f 7625/1/1318 7626/1/1319 7633/1/1319 7632/1/1318
f 7626/1/1319 7627/1/1320 7634/1/1320 7633/1/1319
f 7627/1/1320 7628/1/1321 7635/1/1321 7634/1/1320
f 7628/1/1321 7629/1/1322 7636/1/1322 7635/1/1321
f 7629/1/1322 7630/1/1323 7637/1/1324 7636/1/1322
f 7630/1/1323 7631/1/1325 7638/1/1325 7637/1/1324
f 7632/1/1318 7633/1/1319 7640/1/1319 7639/1/1318
f 7633/1/1319 7634/1/1320 7641/1/1320 7640/1/1319
f 7634/1/1320 7635/1/1321 7642/1/1321 7641/1/1320
f 7635/1/1321 7636/1/1322 7643/1/1322 7642/1/1321
f 7636/1/1322 7637/1/1324 7644/1/1323 7643/1/1322
f 7637/1/1324 7638/1/1325 7645/1/1325 7644/1/1323
f 7639/1/1318 7640/1/1319 7647/1/1319 7646/1/1318
f 7640/1/1319 7641/1/1320 7648/1/1320 7647/1/1319
f 7641/1/1320 7642/1/1321 7649/1/1321 7648/1/1320
f 7642/1/1321 7643/1/1322 7650/1/1322 7649/1/1321
f 7643/1/1322 7644/1/1323 7651/1/1323 7650/1/1322
f 7644/1/1323 7645/1/1325 7652/1/1325 7651/1/1323
f 7646/1/1318 7647/1/1319 7654/1/1319 7653/1/1318
f 7647/1/1319 7648/1/1320 7655/1/1320 7654/1/1319
f 7648/1/1320 7649/1/1321 7656/1/1321 7655/1/1320
f 7649/1/1321 7650/1/1322 7657/1/1322 7656/1/1321
f 7650/1/1322 7651/1/1323 7658/1/1323 7657/1/1322
f 7651/1/1323 7652/1/1325 7659/1/1325 7658/1/1323
f 88/1/1326 255/1/1318 7611/1/1318 1628/1/1326
f 255/1/1318 254/1/1319 7612/1/1319 7611/1/1318
f 254/1/1319 253/1/1320 7613/1/1320 7612/1/1319
f 253/1/1320 252/1/1321 7614/1/1321 7613/1/1320
f 252/1/1321 251/1/1322 7615/1/1322 7614/1/1321
f 251/1/1322 250/1/1323 7616/1/1323 7615/1/1322
f 250/1/1323 249/1/1325 7617/1/1325 7616/1/1323
f 249/1/1325 91/1/1327 1649/1/1327 7617/1/1325
f 7617/1/1325 1649/1/1327 1650/1/1327 7624/1/1325
f 7624/1/1325 1650/1/1327 1651/1/1327 7631/1/1325
f 7631/1/1325 1651/1/1327 1652/1/1327 7638/1/1325
f 7638/1/1325 1652/1/1327 1653/1/1327 7645/1/1325
f 7645/1/1325 1653/1/1327 1654/1/1327 7652/1/1325
f 7652/1/1325 1654/1/1327 1655/1/1327 7659/1/1325
f 7659/1/1325 1655/1/1327 120/1/3018 1781/1/3145
f 7658/1/1323 7659/1/1325 1781/1/3145 1780/1/3158
f 7657/1/1322 7658/1/1323 1780/1/3158 1779/1/3157
f 7656/1/1321 7657/1/1322 1779/1/3157 1778/1/3156
f 7655/1/1320 7656/1/1321 1778/1/3156 1777/1/3155
f 7654/1/1319 7655/1/1320 1777/1/3155 1776/1/3154
f 7653/1/1318 7654/1/1319 1776/1/3154 1775/1/3153
f 1634/1/1326 7653/1/1318 1775/1/3153 118/1/2929
f 1633/1/1326 7646/1/1318 7653/1/1318 1634/1/1326
f 1632/1/1326 7639/1/1318 7646/1/1318 1633/1/1326
f 1631/1/1326 7632/1/1318 7639/1/1318 1632/1/1326
f 1630/1/1326 7625/1/1318 7632/1/1318 1631/1/1326
f 1629/1/1326 7618/1/1318 7625/1/1318 1630/1/1326
f 1628/1/1326 7611/1/1318 7618/1/1318 1629/1/1326
f 7660/1/1328 7661/1/1329 7668/1/1329 7667/1/1328
f 7661/1/1329 7662/1/1330 7669/1/1330 7668/1/1329
f 7662/1/1330 7663/1/1331 7670/1/1331 7669/1/1330
f 7663/1/1331 7664/1/1332 7671/1/1332 7670/1/1331
f 7664/1/1332 7665/1/1333 7672/1/1333 7671/1/1332
f 7665/1/1333 7666/1/1334 7673/1/1334 7672/1/1333
f 7667/1/1328 7668/1/1329 7675/1/1329 7674/1/1328
f 7668/1/1329 7669/1/1330 7676/1/1330 7675/1/1329
f 7669/1/1330 7670/1/1331 7677/1/1331 7676/1/1330
f 7670/1/1331 7671/1/1332 7678/1/1332 7677/1/1331
f 7671/1/1332 7672/1/1333 7679/1/1333 7678/1/1332
f 7672/1/1333 7673/1/1334 7680/1/1334 7679/1/1333
f 7674/1/1328 7675/1/1329 7682/1/1329 7681/1/1328
f 7675/1/1329 7676/1/1330 7683/1/1330 7682/1/1329
f 7676/1/1330 7677/1/1331 7684/1/1331 7683/1/1330
f 7677/1/1331 7678/1/1332 7685/1/1332 7684/1/1331
f 7678/1/1332 7679/1/1333 7686/1/1333 7685/1/1332
f 7679/1/1333 7680/1/1334 7687/1/1334 7686/1/1333
f 7681/1/1328 7682/1/1329 7689/1/1329 7688/1/1328
f 7682/1/1329 7683/1/1330 7690/1/1330 7689/1/1329
f 7683/1/1330 7684/1/1331 7691/1/1331 7690/1/1330
f 7684/1/1331 7685/1/1332 7692/1/1332 7691/1/1331
f 7685/1/1332 7686/1/1333 7693/1/1333 7692/1/1332
f 7686/1/1333 7687/1/1334 7694/1/1334 7693/1/1333
f 7688/1/1328 7689/1/1329 7696/1/1329 7695/1/1328
f 7689/1/1329 7690/1/1330 7697/1/1330 7696/1/1329
f 7690/1/1330 7691/1/1331 7698/1/1331 7697/1/1330
f 7691/1/1331 7692/1/1332 7699/1/1332 7698/1/1331
f 7692/1/1332 7693/1/1333 7700/1/1333 7699/1/1332
f 7693/1/1333 7694/1/1334 7701/1/1334 7700/1/1333
f 7695/1/1328 7696/1/1329 7703/1/1329 7702/1/1328
f 7696/1/1329 7697/1/1330 7704/1/1330 7703/1/1329
f 7697/1/1330 7698/1/1331 7705/1/1331 7704/1/1330
f 7698/1/1331 7699/1/1332 7706/1/1332 7705/1/1331
f 7699/1/1332 7700/1/1333 7707/1/1333 7706/1/1332
f 7700/1/1333 7701/1/1334 7708/1/1334 7707/1/1333
f 78/1/1291 199/1/1328 7660/1/1328 1656/1/1291
f 199/1/1328 198/1/1329 7661/1/1329 7660/1/1328
f 198/1/1329 197/1/1330 7662/1/1330 7661/1/1329
f 197/1/1330 196/1/1331 7663/1/1331 7662/1/1330
f 196/1/1331 195/1/1332 7664/1/1332 7663/1/1331
f 195/1/1332 194/1/1333 7665/1/1333 7664/1/1332
f 194/1/1333 193/1/1334 7666/1/1334 7665/1/1333
f 193/1/1334 81/1/1335 1621/1/1335 7666/1/1334
f 7666/1/1334 1621/1/1335 1622/1/1335 7673/1/1334
f 7673/1/1334 1622/1/1335 1623/1/1335 7680/1/1334
f 7680/1/1334 1623/1/1335 1624/1/1335 7687/1/1334
f 7687/1/1334 1624/1/1335 1625/1/1335 7694/1/1334
f 7694/1/1334 1625/1/1335 1626/1/1335 7701/1/1334
f 7701/1/1334 1626/1/1335 1627/1/1335 7708/1/1334
f 7708/1/1334 1627/1/1335 117/1/2865 1788/1/3073
f 7707/1/1333 7708/1/1334 1788/1/3073 1787/1/3095
f 7706/1/1332 7707/1/1333 1787/1/3095 1786/1/3094
f 7705/1/1331 7706/1/1332 1786/1/3094 1785/1/3093
f 7704/1/1330 7705/1/1331 1785/1/3093 1784/1/3092
f 7703/1/1329 7704/1/1330 1784/1/3092 1783/1/3091
f 7702/1/1328 7703/1/1329 1783/1/3091 1782/1/3089
f 1662/1/1291 7702/1/1328 1782/1/3089 121/1/3090
f 1661/1/1291 7695/1/1328 7702/1/1328 1662/1/1291
f 1660/1/1291 7688/1/1328 7695/1/1328 1661/1/1291
f 1659/1/1291 7681/1/1328 7688/1/1328 1660/1/1291
f 1658/1/1291 7674/1/1328 7681/1/1328 1659/1/1291
f 1657/1/1291 7667/1/1328 7674/1/1328 1658/1/1291
f 1656/1/1291 7660/1/1328 7667/1/1328 1657/1/1291
f 7709/1/1337 7710/1/1338 7717/1/1338 7716/1/1337
f 7710/1/1338 7711/1/3798 7718/1/1340 7717/1/1338
f 7711/1/3798 7712/1/1341 7719/1/1341 7718/1/1340
f 7712/1/1341 7713/1/1252 7720/1/1252 7719/1/1341
f 7713/1/1252 7714/1/1342 7721/1/1342 7720/1/1252
f 7714/1/1342 7715/1/1343 7722/1/1343 7721/1/1342
f 7716/1/1337 7717/1/1338 7724/1/1339 7723/1/1337
f 7717/1/1338 7718/1/1340 7725/1/1340 7724/1/1339
f 7718/1/1340 7719/1/1341 7726/1/1341 7725/1/1340
f 7719/1/1341 7720/1/1252 7727/1/1252 7726/1/1341
f 7720/1/1252 7721/1/1342 7728/1/1342 7727/1/1252
f 7721/1/1342 7722/1/1343 7729/1/1343 7728/1/1342
f 7723/1/1337 7724/1/1339 7731/1/1339 7730/1/1337
f 7724/1/1339 7725/1/1340 7732/1/1340 7731/1/1339
f 7725/1/1340 7726/1/1341 7733/1/1341 7732/1/1340
f 7726/1/1341 7727/1/1252 7734/1/1252 7733/1/1341
f 7727/1/1252 7728/1/1342 7735/1/1342 7734/1/1252
f 7728/1/1342 7729/1/1343 7736/1/1343 7735/1/1342
f 7730/1/1337 7731/1/1339 7738/1/1339 7737/1/1337
f 7731/1/1339 7732/1/1340 7739/1/1340 7738/1/1339
f 7732/1/1340 7733/1/1341 7740/1/1341 7739/1/1340
f 7733/1/1341 7734/1/1252 7741/1/1252 7740/1/1341
f 7734/1/1252 7735/1/1342 7742/1/1342 7741/1/1252
f 7735/1/1342 7736/1/1343 7743/1/1343 7742/1/1342
f 7737/1/1337 7738/1/1339 7745/1/1338 7744/1/1337
f 7738/1/1339 7739/1/1340 7746/1/1340 7745/1/1338
f 7739/1/1340 7740/1/1341 7747/1/1341 7746/1/1340
f 7740/1/1341 7741/1/1252 7748/1/1252 7747/1/1341
f 7741/1/1252 7742/1/1342 7749/1/1342 7748/1/1252
f 7742/1/1342 7743/1/1343 7750/1/1343 7749/1/1342
f 7744/1/1337 7745/1/1338 7752/1/1339 7751/1/1337
f 7745/1/1338 7746/1/1340 7753/1/1340 7752/1/1339
f 7746/1/1340 7747/1/1341 7754/1/1341 7753/1/1340
f 7747/1/1341 7748/1/1252 7755/1/1252 7754/1/1341
f 7748/1/1252 7749/1/1342 7756/1/1342 7755/1/1252
f 7749/1/1342 7750/1/1343 7757/1/1343 7756/1/1342
f 91/1/1327 248/1/1337 7709/1/1337 1649/1/1327
f 248/1/1337 247/1/1338 7710/1/1338 7709/1/1337
f 247/1/1338 246/1/1340 7711/1/3798 7710/1/1338
f 246/1/1340 245/1/1341 7712/1/1341 7711/1/3798
f 245/1/1341 244/1/1252 7713/1/1252 7712/1/1341
f 244/1/1252 243/1/1342 7714/1/1342 7713/1/1252
f 243/1/1342 242/1/1343 7715/1/1343 7714/1/1342
f 242/1/1343 90/1/1345 1600/1/1345 7715/1/1343
f 7715/1/1343 1600/1/1345 1601/1/1344 7722/1/1343
f 7722/1/1343 1601/1/1344 1602/1/1344 7729/1/1343
f 7729/1/1343 1602/1/1344 1603/1/1345 7736/1/1343
f 7736/1/1343 1603/1/1345 1604/1/1345 7743/1/1343
f 7743/1/1343 1604/1/1345 1605/1/1344 7750/1/1343
f 7750/1/1343 1605/1/1344 1606/1/1344 7757/1/1343
f 7757/1/1343 1606/1/1344 115/1/2793 1795/1/3001
f 7756/1/1342 7757/1/1343 1795/1/3001 1794/1/3023
f 7755/1/1252 7756/1/1342 1794/1/3023 1793/1/3022
f 7754/1/1341 7755/1/1252 1793/1/3022 1792/1/3021
f 7753/1/1340 7754/1/1341 1792/1/3021 1791/1/3020
f 7752/1/1339 7753/1/1340 1791/1/3020 1790/1/3019
f 7751/1/1337 7752/1/1339 1790/1/3019 1789/1/3017
f 1655/1/1327 7751/1/1337 1789/1/3017 120/1/3018
f 1654/1/1327 7744/1/1337 7751/1/1337 1655/1/1327
f 1653/1/1327 7737/1/1337 7744/1/1337 1654/1/1327
f 1652/1/1327 7730/1/1337 7737/1/1337 1653/1/1327
f 1651/1/1327 7723/1/1337 7730/1/1337 1652/1/1327
f 1650/1/1327 7716/1/1337 7723/1/1337 1651/1/1327
f 1649/1/1327 7709/1/1337 7716/1/1337 1650/1/1327
f 7758/1/1346 7759/1/1347 7766/1/1347 7765/1/1346
f 7759/1/1347 7760/1/1348 7767/1/1348 7766/1/1347
f 7760/1/1348 7761/1/1349 7768/1/1349 7767/1/1348
f 7761/1/1349 7762/1/1350 7769/1/1350 7768/1/1349
f 7762/1/1350 7763/1/1351 7770/1/1351 7769/1/1350
f 7763/1/1351 7764/1/1352 7771/1/1352 7770/1/1351
f 7765/1/1346 7766/1/1347 7773/1/1347 7772/1/1346
f 7766/1/1347 7767/1/1348 7774/1/1348 7773/1/1347
f 7767/1/1348 7768/1/1349 7775/1/1349 7774/1/1348
f 7768/1/1349 7769/1/1350 7776/1/1350 7775/1/1349
f 7769/1/1350 7770/1/1351 7777/1/1351 7776/1/1350
f 7770/1/1351 7771/1/1352 7778/1/1352 7777/1/1351
f 7772/1/1346 7773/1/1347 7780/1/1347 7779/1/1346
f 7773/1/1347 7774/1/1348 7781/1/1348 7780/1/1347
f 7774/1/1348 7775/1/1349 7782/1/1349 7781/1/1348
f 7775/1/1349 7776/1/1350 7783/1/1350 7782/1/1349
f 7776/1/1350 7777/1/1351 7784/1/1351 7783/1/1350
f 7777/1/1351 7778/1/1352 7785/1/1352 7784/1/1351
f 7779/1/1346 7780/1/1347 7787/1/1347 7786/1/1346
f 7780/1/1347 7781/1/1348 7788/1/1348 7787/1/1347
f 7781/1/1348 7782/1/1349 7789/1/1349 7788/1/1348
f 7782/1/1349 7783/1/1350 7790/1/1350 7789/1/1349
f 7783/1/1350 7784/1/1351 7791/1/1351 7790/1/1350
f 7784/1/1351 7785/1/1352 7792/1/1352 7791/1/1351
f 7786/1/1346 7787/1/1347 7794/1/1347 7793/1/1346
f 7787/1/1347 7788/1/1348 7795/1/1348 7794/1/1347
f 7788/1/1348 7789/1/1349 7796/1/1349 7795/1/1348
f 7789/1/1349 7790/1/1350 7797/1/1350 7796/1/1349
f 7790/1/1350 7791/1/1351 7798/1/1351 7797/1/1350
f 7791/1/1351 7792/1/1352 7799/1/1352 7798/1/1351
f 7793/1/1346 7794/1/1347 7801/1/1347 7800/1/1346
f 7794/1/1347 7795/1/1348 7802/1/1348 7801/1/1347
f 7795/1/1348 7796/1/1349 7803/1/1349 7802/1/1348
f 7796/1/1349 7797/1/1350 7804/1/1350 7803/1/1349
f 7797/1/1350 7798/1/1351 7805/1/1351 7804/1/1350
f 7798/1/1351 7799/1/1352 7806/1/1352 7805/1/1351
f 93/1/1353 802/1/1346 7758/1/1346 1648/1/1353
f 802/1/1346 803/1/1347 7759/1/1347 7758/1/1346
f 803/1/1347 804/1/1348 7760/1/1348 7759/1/1347
f 804/1/1348 805/1/1349 7761/1/1349 7760/1/1348
f 805/1/1349 806/1/1350 7762/1/1350 7761/1/1349
f 806/1/1350 807/1/1351 7763/1/1351 7762/1/1350
f 807/1/1351 808/1/1352 7764/1/1352 7763/1/1351
f 808/1/1352 131/1/1360 1893/1/1360 7764/1/1352
f 7764/1/1352 1893/1/1360 1892/1/1361 7771/1/1352
f 7771/1/1352 1892/1/1361 1891/1/1360 7778/1/1352
f 7778/1/1352 1891/1/1360 1890/1/1360 7785/1/1352
f 7785/1/1352 1890/1/1360 1889/1/1360 7792/1/1352
f 7792/1/1352 1889/1/1360 1888/1/1361 7799/1/1352
f 7799/1/1352 1888/1/1361 1887/1/1360 7806/1/1352
f 7806/1/1352 1887/1/1360 133/1/2920 1796/1/2921
f 7805/1/1351 7806/1/1352 1796/1/2921 1797/1/3799
f 7804/1/1350 7805/1/1351 1797/1/3799 1798/1/3800
f 7803/1/1349 7804/1/1350 1798/1/3800 1799/1/3801
f 7802/1/1348 7803/1/1349 1799/1/3801 1800/1/3802
f 7801/1/1347 7802/1/1348 1800/1/3802 1801/1/3803
f 7800/1/1346 7801/1/1347 1801/1/3803 1802/1/3804
f 1642/1/1353 7800/1/1346 1802/1/3804 119/1/3712
f 1643/1/1353 7793/1/1346 7800/1/1346 1642/1/1353
f 1644/1/1353 7786/1/1346 7793/1/1346 1643/1/1353
f 1645/1/1353 7779/1/1346 7786/1/1346 1644/1/1353
f 1646/1/1353 7772/1/1346 7779/1/1346 1645/1/1353
f 1647/1/1353 7765/1/1346 7772/1/1346 1646/1/1353
f 1648/1/1353 7758/1/1346 7765/1/1346 1647/1/1353
f 7807/1/1362 7808/1/1364 7815/1/1363 7814/1/1362
f 7808/1/1364 7809/1/1365 7816/1/1365 7815/1/1363
f 7809/1/1365 7810/1/1366 7817/1/1366 7816/1/1365
f 7810/1/1366 7811/1/1368 7818/1/1368 7817/1/1366
f 7811/1/1368 7812/1/1370 7819/1/1370 7818/1/1368
f 7812/1/1370 7813/1/1371 7820/1/1371 7819/1/1370
f 7814/1/1362 7815/1/1363 7822/1/1363 7821/1/1362
f 7815/1/1363 7816/1/1365 7823/1/1365 7822/1/1363
f 7816/1/1365 7817/1/1366 7824/1/1367 7823/1/1365
f 7817/1/1366 7818/1/1368 7825/1/1368 7824/1/1367
f 7818/1/1368 7819/1/1370 7826/1/1370 7825/1/1368
f 7819/1/1370 7820/1/1371 7827/1/1371 7826/1/1370
f 7821/1/1362 7822/1/1363 7829/1/1363 7828/1/1362
f 7822/1/1363 7823/1/1365 7830/1/1365 7829/1/1363
f 7823/1/1365 7824/1/1367 7831/1/1367 7830/1/1365
f 7824/1/1367 7825/1/1368 7832/1/1368 7831/1/1367
f 7825/1/1368 7826/1/1370 7833/1/1370 7832/1/1368
f 7826/1/1370 7827/1/1371 7834/1/1371 7833/1/1370
f 7828/1/1362 7829/1/1363 7836/1/1364 7835/1/1362
f 7829/1/1363 7830/1/1365 7837/1/1365 7836/1/1364
f 7830/1/1365 7831/1/1367 7838/1/1366 7837/1/1365
f 7831/1/1367 7832/1/1368 7839/1/1369 7838/1/1366
f 7832/1/1368 7833/1/1370 7840/1/1370 7839/1/1369
f 7833/1/1370 7834/1/1371 7841/1/1371 7840/1/1370
f 7835/1/1362 7836/1/1364 7843/1/1364 7842/1/1362
f 7836/1/1364 7837/1/1365 7844/1/1365 7843/1/1364
f 7837/1/1365 7838/1/1366 7845/1/1366 7844/1/1365
f 7838/1/1366 7839/1/1369 7846/1/1368 7845/1/1366
f 7839/1/1369 7840/1/1370 7847/1/1370 7846/1/1368
f 7840/1/1370 7841/1/1371 7848/1/1371 7847/1/1370
f 7842/1/1362 7843/1/1364 7850/1/1364 7849/1/1362
f 7843/1/1364 7844/1/1365 7851/1/1365 7850/1/1364
f 7844/1/1365 7845/1/1366 7852/1/1366 7851/1/1365
f 7845/1/1366 7846/1/1368 7853/1/1368 7852/1/1366
f 7846/1/1368 7847/1/1370 7854/1/1370 7853/1/1368
f 7847/1/1370 7848/1/1371 7855/1/1371 7854/1/1370
f 90/1/1345 241/1/1362 7807/1/1362 1600/1/1345
f 241/1/1362 240/1/1364 7808/1/1364 7807/1/1362
f 240/1/1364 239/1/1365 7809/1/1365 7808/1/1364
f 239/1/1365 238/1/1373 7810/1/1366 7809/1/1365
f 238/1/1373 237/1/1368 7811/1/1368 7810/1/1366
f 237/1/1368 236/1/1370 7812/1/1370 7811/1/1368
f 236/1/1370 235/1/1371 7813/1/1371 7812/1/1370
f 235/1/1371 89/1/1372 1620/1/1372 7813/1/1371
f 7813/1/1371 1620/1/1372 1619/1/1372 7820/1/1371
f 7820/1/1371 1619/1/1372 1618/1/1372 7827/1/1371
f 7827/1/1371 1618/1/1372 1617/1/1372 7834/1/1371
f 7834/1/1371 1617/1/1372 1616/1/1372 7841/1/1371
f 7841/1/1371 1616/1/1372 1615/1/1372 7848/1/1371
f 7848/1/1371 1615/1/1372 1614/1/1372 7855/1/1371
f 7855/1/1371 1614/1/1372 116/1/2767 1816/1/2769
f 7854/1/1370 7855/1/1371 1816/1/2769 1815/1/2798
f 7853/1/1368 7854/1/1370 1815/1/2798 1814/1/2797
f 7852/1/1366 7853/1/1368 1814/1/2797 1813/1/2796
f 7851/1/1365 7852/1/1366 1813/1/2796 1812/1/2795
f 7850/1/1364 7851/1/1365 1812/1/2795 1811/1/2794
f 7849/1/1362 7850/1/1364 1811/1/2794 1810/1/2792
f 1606/1/1344 7849/1/1362 1810/1/2792 115/1/2793
f 1605/1/1344 7842/1/1362 7849/1/1362 1606/1/1344
f 1604/1/1345 7835/1/1362 7842/1/1362 1605/1/1344
f 1603/1/1345 7828/1/1362 7835/1/1362 1604/1/1345
f 1602/1/1344 7821/1/1362 7828/1/1362 1603/1/1345
f 1601/1/1344 7814/1/1362 7821/1/1362 1602/1/1344
f 1600/1/1345 7807/1/1362 7814/1/1362 1601/1/1344
f 7856/1/1374 7857/1/1374 7864/1/1375 7863/1/1375
f 7857/1/1374 7858/1/1374 7865/1/1375 7864/1/1375
f 7858/1/1374 7859/1/1374 7866/1/1375 7865/1/1375
f 7859/1/1374 7860/1/1374 7867/1/1375 7866/1/1375
f 7860/1/1374 7861/1/1374 7868/1/1375 7867/1/1375
f 7861/1/1374 7862/1/1374 7869/1/1375 7868/1/1375
f 7863/1/1375 7864/1/1375 7871/1/1376 7870/1/1376
f 7864/1/1375 7865/1/1375 7872/1/1376 7871/1/1376
f 7865/1/1375 7866/1/1375 7873/1/1376 7872/1/1376
f 7866/1/1375 7867/1/1375 7874/1/1376 7873/1/1376
f 7867/1/1375 7868/1/1375 7875/1/1376 7874/1/1376
f 7868/1/1375 7869/1/1375 7876/1/1376 7875/1/1376
f 7870/1/1376 7871/1/1376 7878/1/1377 7877/1/1377
f 7871/1/1376 7872/1/1376 7879/1/1377 7878/1/1377
f 7872/1/1376 7873/1/1376 7880/1/1377 7879/1/1377
f 7873/1/1376 7874/1/1376 7881/1/1377 7880/1/1377
f 7874/1/1376 7875/1/1376 7882/1/1377 7881/1/1377
f 7875/1/1376 7876/1/1376 7883/1/1377 7882/1/1377
f 7877/1/1377 7878/1/1377 7885/1/1378 7884/1/1378
f 7878/1/1377 7879/1/1377 7886/1/1378 7885/1/1378
f 7879/1/1377 7880/1/1377 7887/1/1378 7886/1/1378
f 7880/1/1377 7881/1/1377 7888/1/1378 7887/1/1378
f 7881/1/1377 7882/1/1377 7889/1/1378 7888/1/1378
f 7882/1/1377 7883/1/1377 7890/1/1378 7889/1/1378
f 7884/1/1378 7885/1/1378 7892/1/1379 7891/1/1379
f 7885/1/1378 7886/1/1378 7893/1/1379 7892/1/1379
f 7886/1/1378 7887/1/1378 7894/1/1379 7893/1/1379
f 7887/1/1378 7888/1/1378 7895/1/1379 7894/1/1379
f 7888/1/1378 7889/1/1378 7896/1/1379 7895/1/1379
f 7889/1/1378 7890/1/1378 7897/1/1379 7896/1/1379
f 7891/1/1379 7892/1/1379 7899/1/1259 7898/1/1259
f 7892/1/1379 7893/1/1379 7900/1/1259 7899/1/1259
f 7893/1/1379 7894/1/1379 7901/1/1259 7900/1/1259
f 7894/1/1379 7895/1/1379 7902/1/1259 7901/1/1259
f 7895/1/1379 7896/1/1379 7903/1/1259 7902/1/1259
f 7896/1/1379 7897/1/1379 7904/1/1259 7903/1/1259
f 92/1/1380 1599/1/1380 7856/1/1374 767/1/1374
f 1599/1/1380 1598/1/1380 7857/1/1374 7856/1/1374
f 1598/1/1380 1597/1/1380 7858/1/1374 7857/1/1374
f 1597/1/1380 1596/1/1380 7859/1/1374 7858/1/1374
f 1596/1/1380 1595/1/1380 7860/1/1374 7859/1/1374
f 1595/1/1380 1594/1/1380 7861/1/1374 7860/1/1374
f 1594/1/1380 1593/1/1380 7862/1/1374 7861/1/1374
f 1593/1/1380 114/1/3703 1823/1/3805 7862/1/1374
f 7862/1/1374 1823/1/3805 1822/1/3806 7869/1/1375
f 7869/1/1375 1822/1/3806 1821/1/3807 7876/1/1376
f 7876/1/1376 1821/1/3807 1820/1/3808 7883/1/1377
f 7883/1/1377 1820/1/3808 1819/1/3809 7890/1/1378
f 7890/1/1378 1819/1/3809 1818/1/3810 7897/1/1379
f 7897/1/1379 1818/1/3810 1817/1/2688 7904/1/1259
f 7904/1/1259 1817/1/2688 130/1/2686 1865/1/1261
f 7903/1/1259 7904/1/1259 1865/1/1261 1864/1/1261
f 7902/1/1259 7903/1/1259 1864/1/1261 1863/1/1261
f 7901/1/1259 7902/1/1259 1863/1/1261 1862/1/1261
f 7900/1/1259 7901/1/1259 1862/1/1261 1861/1/1261
f 7899/1/1259 7900/1/1259 1861/1/1261 1860/1/1261
f 7898/1/1259 7899/1/1259 1860/1/1261 1859/1/1261
f 773/1/1259 7898/1/1259 1859/1/1261 128/1/1261
f 772/1/1379 7891/1/1379 7898/1/1259 773/1/1259
f 771/1/1378 7884/1/1378 7891/1/1379 772/1/1379
f 770/1/1377 7877/1/1377 7884/1/1378 771/1/1378
f 769/1/1376 7870/1/1376 7877/1/1377 770/1/1377
f 768/1/1375 7863/1/1375 7870/1/1376 769/1/1376
f 767/1/1374 7856/1/1374 7863/1/1375 768/1/1375
f 7905/1/1352 7906/1/1352 7913/1/1387 7912/1/1387
f 7906/1/1352 7907/1/1352 7914/1/1387 7913/1/1387
f 7907/1/1352 7908/1/1352 7915/1/1387 7914/1/1387
f 7908/1/1352 7909/1/1352 7916/1/1387 7915/1/1387
f 7909/1/1352 7910/1/1352 7917/1/1387 7916/1/1387
f 7910/1/1352 7911/1/1352 7918/1/1387 7917/1/1387
f 7912/1/1387 7913/1/1387 7920/1/1388 7919/1/1388
f 7913/1/1387 7914/1/1387 7921/1/1388 7920/1/1388
f 7914/1/1387 7915/1/1387 7922/1/1388 7921/1/1388
f 7915/1/1387 7916/1/1387 7923/1/1388 7922/1/1388
f 7916/1/1387 7917/1/1387 7924/1/1388 7923/1/1388
f 7917/1/1387 7918/1/1387 7925/1/1388 7924/1/1388
f 7919/1/1388 7920/1/1388 7927/1/1389 7926/1/1389
f 7920/1/1388 7921/1/1388 7928/1/1389 7927/1/1389
f 7921/1/1388 7922/1/1388 7929/1/1389 7928/1/1389
f 7922/1/1388 7923/1/1388 7930/1/1389 7929/1/1389
f 7923/1/1388 7924/1/1388 7931/1/1389 7930/1/1389
f 7924/1/1388 7925/1/1388 7932/1/1389 7931/1/1389
f 7926/1/1389 7927/1/1389 7934/1/1390 7933/1/1390
f 7927/1/1389 7928/1/1389 7935/1/1390 7934/1/1390
f 7928/1/1389 7929/1/1389 7936/1/1390 7935/1/1390
f 7929/1/1389 7930/1/1389 7937/1/1390 7936/1/1390
f 7930/1/1389 7931/1/1389 7938/1/1390 7937/1/1390
f 7931/1/1389 7932/1/1389 7939/1/1390 7938/1/1390
f 7933/1/1390 7934/1/1390 7941/1/1391 7940/1/1391
f 7934/1/1390 7935/1/1390 7942/1/1391 7941/1/1391
f 7935/1/1390 7936/1/1390 7943/1/1391 7942/1/1391
f 7936/1/1390 7937/1/1390 7944/1/1391 7943/1/1391
f 7937/1/1390 7938/1/1390 7945/1/1391 7944/1/1391
f 7938/1/1390 7939/1/1390 7946/1/1391 7945/1/1391
f 7940/1/1391 7941/1/1391 7948/1/1282 7947/1/1282
f 7941/1/1391 7942/1/1391 7949/1/1282 7948/1/1282
f 7942/1/1391 7943/1/1391 7950/1/1273 7949/1/1282
f 7943/1/1391 7944/1/1391 7951/1/1282 7950/1/1273
f 7944/1/1391 7945/1/1391 7952/1/1282 7951/1/1282
f 7945/1/1391 7946/1/1391 7953/1/1282 7952/1/1282
f 133/1/2920 1887/1/1360 7905/1/1352 1886/1/2921
f 1887/1/1360 1888/1/1361 7906/1/1352 7905/1/1352
f 1888/1/1361 1889/1/1360 7907/1/1352 7906/1/1352
f 1889/1/1360 1890/1/1360 7908/1/1352 7907/1/1352
f 1890/1/1360 1891/1/1360 7909/1/1352 7908/1/1352
f 1891/1/1360 1892/1/1361 7910/1/1352 7909/1/1352
f 1892/1/1361 1893/1/1360 7911/1/1352 7910/1/1352
f 1893/1/1360 131/1/1360 277/1/1352 7911/1/1352
f 7911/1/1352 277/1/1352 278/1/1387 7918/1/1387
f 7918/1/1387 278/1/1387 279/1/1388 7925/1/1388
f 7925/1/1388 279/1/1388 280/1/1389 7932/1/1389
f 7932/1/1389 280/1/1389 281/1/1390 7939/1/1390
f 7939/1/1390 281/1/1390 282/1/1391 7946/1/1391
f 7946/1/1391 282/1/1391 283/1/1282 7953/1/1282
f 7953/1/1282 283/1/1282 88/1/1326 1628/1/1326
f 7952/1/1282 7953/1/1282 1628/1/1326 1629/1/1326
f 7951/1/1282 7952/1/1282 1629/1/1326 1630/1/1326
f 7950/1/1273 7951/1/1282 1630/1/1326 1631/1/1326
f 7949/1/1282 7950/1/1273 1631/1/1326 1632/1/1326
f 7948/1/1282 7949/1/1282 1632/1/1326 1633/1/1326
f 7947/1/1282 7948/1/1282 1633/1/1326 1634/1/1326
f 1880/1/2928 7947/1/1282 1634/1/1326 118/1/2929
f 1881/1/2927 7940/1/1391 7947/1/1282 1880/1/2928
f 1882/1/2926 7933/1/1390 7940/1/1391 1881/1/2927
f 1883/1/2925 7926/1/1389 7933/1/1390 1882/1/2926
f 1884/1/2924 7919/1/1388 7926/1/1389 1883/1/2925
f 1885/1/2923 7912/1/1387 7919/1/1388 1884/1/2924
f 1886/1/2921 7905/1/1352 7912/1/1387 1885/1/2923
f 7954/1/1393 7955/1/1394 7962/1/1394 7961/1/1393
f 7955/1/1394 7956/1/1395 7963/1/1395 7962/1/1394
f 7956/1/1395 7957/1/1397 7964/1/1397 7963/1/1395
f 7957/1/1397 7958/1/1401 7965/1/1401 7964/1/1397
f 7958/1/1401 7959/1/1399 7966/1/1399 7965/1/1401
f 7959/1/1399 7960/1/1400 7967/1/1400 7966/1/1399
f 7961/1/1393 7962/1/1394 7969/1/1394 7968/1/1393
f 7962/1/1394 7963/1/1395 7970/1/1395 7969/1/1394
f 7963/1/1395 7964/1/1397 7971/1/1397 7970/1/1395
f 7964/1/1397 7965/1/1401 7972/1/1398 7971/1/1397
f 7965/1/1401 7966/1/1399 7973/1/1399 7972/1/1398
f 7966/1/1399 7967/1/1400 7974/1/1400 7973/1/1399
f 7968/1/1393 7969/1/1394 7976/1/1394 7975/1/1393
f 7969/1/1394 7970/1/1395 7977/1/1396 7976/1/1394
f 7970/1/1395 7971/1/1397 7978/1/1397 7977/1/1396
f 7971/1/1397 7972/1/1398 7979/1/1398 7978/1/1397
f 7972/1/1398 7973/1/1399 7980/1/1399 7979/1/1398
f 7973/1/1399 7974/1/1400 7981/1/1400 7980/1/1399
f 7975/1/1393 7976/1/1394 7983/1/1394 7982/1/1393
f 7976/1/1394 7977/1/1396 7984/1/1396 7983/1/1394
f 7977/1/1396 7978/1/1397 7985/1/1397 7984/1/1396
f 7978/1/1397 7979/1/1398 7986/1/1398 7985/1/1397
f 7979/1/1398 7980/1/1399 7987/1/1399 7986/1/1398
f 7980/1/1399 7981/1/1400 7988/1/1400 7987/1/1399
f 7982/1/1393 7983/1/1394 7990/1/1394 7989/1/1393
f 7983/1/1394 7984/1/1396 7991/1/1396 7990/1/1394
f 7984/1/1396 7985/1/1397 7992/1/1397 7991/1/1396
f 7985/1/1397 7986/1/1398 7993/1/1401 7992/1/1397
f 7986/1/1398 7987/1/1399 7994/1/1399 7993/1/1401
f 7987/1/1399 7988/1/1400 7995/1/1400 7994/1/1399
f 7989/1/1393 7990/1/1394 7997/1/1394 7996/1/1393
f 7990/1/1394 7991/1/1396 7998/1/1395 7997/1/1394
f 7991/1/1396 7992/1/1397 7999/1/1397 7998/1/1395
f 7992/1/1397 7993/1/1401 8000/1/1401 7999/1/1397
f 7993/1/1401 7994/1/1399 8001/1/1399 8000/1/1401
f 7994/1/1399 7995/1/1400 8002/1/1400 8001/1/1399
f 92/1/1380 746/1/1392 7954/1/1393 1599/1/1380
f 746/1/1392 747/1/1394 7955/1/1394 7954/1/1393
f 747/1/1394 748/1/1395 7956/1/1395 7955/1/1394
f 748/1/1395 749/1/1397 7957/1/1397 7956/1/1395
f 749/1/1397 750/1/1401 7958/1/1401 7957/1/1397
f 750/1/1401 751/1/1399 7959/1/1399 7958/1/1401
f 751/1/1399 752/1/1400 7960/1/1400 7959/1/1399
f 752/1/1400 93/1/1353 1648/1/1353 7960/1/1400
f 7960/1/1400 1648/1/1353 1647/1/1353 7967/1/1400
f 7967/1/1400 1647/1/1353 1646/1/1353 7974/1/1400
f 7974/1/1400 1646/1/1353 1645/1/1353 7981/1/1400
f 7981/1/1400 1645/1/1353 1644/1/1353 7988/1/1400
f 7988/1/1400 1644/1/1353 1643/1/1353 7995/1/1400
f 7995/1/1400 1643/1/1353 1642/1/1353 8002/1/1400
f 8002/1/1400 1642/1/1353 119/1/3712 1838/1/3711
f 8001/1/1399 8002/1/1400 1838/1/3711 1839/1/3710
f 8000/1/1401 8001/1/1399 1839/1/3710 1840/1/3709
f 7999/1/1397 8000/1/1401 1840/1/3709 1841/1/3708
f 7998/1/1395 7999/1/1397 1841/1/3708 1842/1/3707
f 7997/1/1394 7998/1/1395 1842/1/3707 1843/1/3706
f 7996/1/1393 7997/1/1394 1843/1/3706 1844/1/3704
f 1593/1/1380 7996/1/1393 1844/1/3704 114/1/3703
f 1594/1/1380 7989/1/1393 7996/1/1393 1593/1/1380
f 1595/1/1380 7982/1/1393 7989/1/1393 1594/1/1380
f 1596/1/1380 7975/1/1393 7982/1/1393 1595/1/1380
f 1597/1/1380 7968/1/1393 7975/1/1393 1596/1/1380
f 1598/1/1380 7961/1/1393 7968/1/1393 1597/1/1380
f 1599/1/1380 7954/1/1393 7961/1/1393 1598/1/1380
f 8003/1/1402 8004/1/1403 8011/1/1403 8010/1/1402
f 8004/1/1403 8005/1/1404 8012/1/1404 8011/1/1403
f 8005/1/1404 8006/1/1405 8013/1/1405 8012/1/1404
f 8006/1/1405 8007/1/1406 8014/1/1406 8013/1/1405
f 8007/1/1406 8008/1/1408 8015/1/1408 8014/1/1406
f 8008/1/1408 8009/1/1410 8016/1/1410 8015/1/1408
f 8010/1/1402 8011/1/1403 8018/1/1403 8017/1/1402
f 8011/1/1403 8012/1/1404 8019/1/1404 8018/1/1403
f 8012/1/1404 8013/1/1405 8020/1/1405 8019/1/1404
f 8013/1/1405 8014/1/1406 8021/1/1406 8020/1/1405
f 8014/1/1406 8015/1/1408 8022/1/1408 8021/1/1406
f 8015/1/1408 8016/1/1410 8023/1/1410 8022/1/1408
f 8017/1/1402 8018/1/1403 8025/1/1403 8024/1/1402
f 8018/1/1403 8019/1/1404 8026/1/1404 8025/1/1403
f 8019/1/1404 8020/1/1405 8027/1/1405 8026/1/1404
f 8020/1/1405 8021/1/1406 8028/1/1407 8027/1/1405
f 8021/1/1406 8022/1/1408 8029/1/1408 8028/1/1407
f 8022/1/1408 8023/1/1410 8030/1/1410 8029/1/1408
f 8024/1/1402 8025/1/1403 8032/1/1403 8031/1/1402
f 8025/1/1403 8026/1/1404 8033/1/1404 8032/1/1403
f 8026/1/1404 8027/1/1405 8034/1/1405 8033/1/1404
f 8027/1/1405 8028/1/1407 8035/1/1406 8034/1/1405
f 8028/1/1407 8029/1/1408 8036/1/1408 8035/1/1406
f 8029/1/1408 8030/1/1410 8037/1/1410 8036/1/1408
f 8031/1/1402 8032/1/1403 8039/1/1403 8038/1/1402
f 8032/1/1403 8033/1/1404 8040/1/1404 8039/1/1403
f 8033/1/1404 8034/1/1405 8041/1/1405 8040/1/1404
f 8034/1/1405 8035/1/1406 8042/1/1406 8041/1/1405
f 8035/1/1406 8036/1/1408 8043/1/1408 8042/1/1406
f 8036/1/1408 8037/1/1410 8044/1/1410 8043/1/1408
f 8038/1/1402 8039/1/1403 8046/1/1403 8045/1/1402
f 8039/1/1403 8040/1/1404 8047/1/1404 8046/1/1403
f 8040/1/1404 8041/1/1405 8048/1/1405 8047/1/1404
f 8041/1/1405 8042/1/1406 8049/1/1406 8048/1/1405
f 8042/1/1406 8043/1/1408 8050/1/1408 8049/1/1406
f 8043/1/1408 8044/1/1410 8051/1/1410 8050/1/1408
f 80/1/1411 185/1/1402 8003/1/1402 1558/1/1411
f 185/1/1402 184/1/1403 8004/1/1403 8003/1/1402
f 184/1/1403 183/1/1404 8005/1/1404 8004/1/1403
f 183/1/1404 182/1/1405 8006/1/1405 8005/1/1404
f 182/1/1405 181/1/1406 8007/1/1406 8006/1/1405
f 181/1/1406 180/1/1408 8008/1/1408 8007/1/1406
f 180/1/1408 179/1/1410 8009/1/1410 8008/1/1408
f 179/1/1410 79/1/1250 1578/1/1250 8009/1/1410
f 8009/1/1410 1578/1/1250 1577/1/1250 8016/1/1410
f 8016/1/1410 1577/1/1250 1576/1/1250 8023/1/1410
f 8023/1/1410 1576/1/1250 1575/1/1250 8030/1/1410
f 8030/1/1410 1575/1/1250 1574/1/1250 8037/1/1410
f 8037/1/1410 1574/1/1250 1573/1/1250 8044/1/1410
f 8044/1/1410 1573/1/1250 1572/1/1250 8051/1/1410
f 8051/1/1410 1572/1/1250 112/1/2605 1830/1/2607
f 8050/1/1408 8051/1/1410 1830/1/2607 1829/1/2636
f 8049/1/1406 8050/1/1408 1829/1/2636 1828/1/2635
f 8048/1/1405 8049/1/1406 1828/1/2635 1827/1/2634
f 8047/1/1404 8048/1/1405 1827/1/2634 1826/1/2633
f 8046/1/1403 8047/1/1404 1826/1/2633 1825/1/2632
f 8045/1/1402 8046/1/1403 1825/1/2632 1824/1/2630
f 1564/1/1411 8045/1/1402 1824/1/2630 111/1/2631
f 1563/1/1411 8038/1/1402 8045/1/1402 1564/1/1411
f 1562/1/1411 8031/1/1402 8038/1/1402 1563/1/1411
f 1561/1/1411 8024/1/1402 8031/1/1402 1562/1/1411
f 1560/1/1411 8017/1/1402 8024/1/1402 1561/1/1411
f 1559/1/1411 8010/1/1402 8017/1/1402 1560/1/1411
f 1558/1/1411 8003/1/1402 8010/1/1402 1559/1/1411
f 8052/1/3811 8053/1/3812 8060/1/3813 8059/1/3814
f 8053/1/3812 8054/1/3815 8061/1/3816 8060/1/3813
f 8054/1/3815 8055/1/3817 8062/1/3818 8061/1/3816
f 8055/1/3817 8056/1/3819 8063/1/3820 8062/1/3818
f 8056/1/3819 8057/1/3821 8064/1/3822 8063/1/3820
f 8057/1/3821 8058/1/3823 8065/1/3824 8064/1/3822
f 8059/1/3814 8060/1/3813 8067/1/3825 8066/1/3826
f 8060/1/3813 8061/1/3816 8068/1/3827 8067/1/3825
f 8061/1/3816 8062/1/3818 8069/1/3828 8068/1/3827
f 8062/1/3818 8063/1/3820 8070/1/3829 8069/1/3828
f 8063/1/3820 8064/1/3822 8071/1/3830 8070/1/3829
f 8064/1/3822 8065/1/3824 8072/1/3831 8071/1/3830
f 8066/1/3826 8067/1/3825 8074/1/3832 8073/1/3833
f 8067/1/3825 8068/1/3827 8075/1/3834 8074/1/3832
f 8068/1/3827 8069/1/3828 8076/1/3835 8075/1/3834
f 8069/1/3828 8070/1/3829 8077/1/3836 8076/1/3835
f 8070/1/3829 8071/1/3830 8078/1/3837 8077/1/3836
f 8071/1/3830 8072/1/3831 8079/1/3838 8078/1/3837
f 8073/1/3833 8074/1/3832 8081/1/3839 8080/1/3840
f 8074/1/3832 8075/1/3834 8082/1/3841 8081/1/3839
f 8075/1/3834 8076/1/3835 8083/1/3842 8082/1/3841
f 8076/1/3835 8077/1/3836 8084/1/3843 8083/1/3842
f 8077/1/3836 8078/1/3837 8085/1/3844 8084/1/3843
f 8078/1/3837 8079/1/3838 8086/1/3845 8085/1/3844
f 8080/1/3840 8081/1/3839 8088/1/3846 8087/1/3847
f 8081/1/3839 8082/1/3841 8089/1/3848 8088/1/3846
f 8082/1/3841 8083/1/3842 8090/1/2644 8089/1/3848
f 8083/1/3842 8084/1/3843 8091/1/3849 8090/1/2644
f 8084/1/3843 8085/1/3844 8092/1/2648 8091/1/3849
f 8085/1/3844 8086/1/3845 8093/1/2650 8092/1/2648
f 8087/1/3847 8088/1/3846 8095/1/2638 8094/1/2637
f 8088/1/3846 8089/1/3848 8096/1/3850 8095/1/2638
f 8089/1/3848 8090/1/2644 8097/1/2643 8096/1/3850
f 8090/1/2644 8091/1/3849 8098/1/2645 8097/1/2643
f 8091/1/3849 8092/1/2648 8099/1/2647 8098/1/2645
f 8092/1/2648 8093/1/2650 8100/1/2694 8099/1/2647
f 114/1/3703 1592/1/3705 8052/1/3811 1823/1/3805
f 1592/1/3705 1591/1/3734 8053/1/3812 8052/1/3811
f 1591/1/3734 1590/1/3733 8054/1/3815 8053/1/3812
f 1590/1/3733 1589/1/3732 8055/1/3817 8054/1/3815
f 1589/1/3732 1588/1/3731 8056/1/3819 8055/1/3817
f 1588/1/3731 1587/1/3730 8057/1/3821 8056/1/3819
f 1587/1/3730 1586/1/3728 8058/1/3823 8057/1/3821
f 1586/1/3728 109/1/3729 1845/1/3851 8058/1/3823
f 8058/1/3823 1845/1/3851 1846/1/3852 8065/1/3824
f 8065/1/3824 1846/1/3852 1847/1/3853 8072/1/3831
f 8072/1/3831 1847/1/3853 1848/1/3854 8079/1/3838
f 8079/1/3838 1848/1/3854 1849/1/3855 8086/1/3845
f 8086/1/3845 1849/1/3855 1850/1/2697 8093/1/2650
f 8093/1/2650 1850/1/2697 1851/1/2696 8100/1/2694
f 8100/1/2694 1851/1/2696 129/1/2695 1872/1/2694
f 8099/1/2647 8100/1/2694 1872/1/2694 1871/1/2693
f 8098/1/2645 8099/1/2647 1871/1/2693 1870/1/2692
f 8097/1/2643 8098/1/2645 1870/1/2692 1869/1/2691
f 8096/1/3850 8097/1/2643 1869/1/2691 1868/1/2690
f 8095/1/2638 8096/1/3850 1868/1/2690 1867/1/2689
f 8094/1/2637 8095/1/2638 1867/1/2689 1866/1/2687
f 1817/1/2688 8094/1/2637 1866/1/2687 130/1/2686
f 1818/1/3810 8087/1/3847 8094/1/2637 1817/1/2688
f 1819/1/3809 8080/1/3840 8087/1/3847 1818/1/3810
f 1820/1/3808 8073/1/3833 8080/1/3840 1819/1/3809
f 1821/1/3807 8066/1/3826 8073/1/3833 1820/1/3808
f 1822/1/3806 8059/1/3814 8066/1/3826 1821/1/3807
f 1823/1/3805 8052/1/3811 8059/1/3814 1822/1/3806
f 8101/1/1457 8102/1/1458 8109/1/1458 8108/1/1457
f 8102/1/1458 8103/1/1459 8110/1/1459 8109/1/1458
f 8103/1/1459 8104/1/1460 8111/1/1460 8110/1/1459
f 8104/1/1460 8105/1/1461 8112/1/1461 8111/1/1460
f 8105/1/1461 8106/1/1462 8113/1/1462 8112/1/1461
f 8106/1/1462 8107/1/1463 8114/1/1463 8113/1/1462
f 8108/1/1457 8109/1/1458 8116/1/1458 8115/1/1457
f 8109/1/1458 8110/1/1459 8117/1/1459 8116/1/1458
f 8110/1/1459 8111/1/1460 8118/1/1460 8117/1/1459
f 8111/1/1460 8112/1/1461 8119/1/1461 8118/1/1460
f 8112/1/1461 8113/1/1462 8120/1/1462 8119/1/1461
f 8113/1/1462 8114/1/1463 8121/1/1463 8120/1/1462
f 8115/1/1457 8116/1/1458 8123/1/1458 8122/1/1457
f 8116/1/1458 8117/1/1459 8124/1/1459 8123/1/1458
f 8117/1/1459 8118/1/1460 8125/1/1460 8124/1/1459
f 8118/1/1460 8119/1/1461 8126/1/1461 8125/1/1460
f 8119/1/1461 8120/1/1462 8127/1/1462 8126/1/1461
f 8120/1/1462 8121/1/1463 8128/1/1463 8127/1/1462
f 8122/1/1457 8123/1/1458 8130/1/1458 8129/1/1457
f 8123/1/1458 8124/1/1459 8131/1/1459 8130/1/1458
f 8124/1/1459 8125/1/1460 8132/1/1460 8131/1/1459
f 8125/1/1460 8126/1/1461 8133/1/1461 8132/1/1460
f 8126/1/1461 8127/1/1462 8134/1/1462 8133/1/1461
f 8127/1/1462 8128/1/1463 8135/1/1463 8134/1/1462
f 8129/1/1457 8130/1/1458 8137/1/1458 8136/1/1457
f 8130/1/1458 8131/1/1459 8138/1/1459 8137/1/1458
f 8131/1/1459 8132/1/1460 8139/1/1460 8138/1/1459
f 8132/1/1460 8133/1/1461 8140/1/1461 8139/1/1460
f 8133/1/1461 8134/1/1462 8141/1/1462 8140/1/1461
f 8134/1/1462 8135/1/1463 8142/1/1463 8141/1/1462
f 8136/1/1457 8137/1/1458 8144/1/1458 8143/1/1457
f 8137/1/1458 8138/1/1459 8145/1/1459 8144/1/1458
f 8138/1/1459 8139/1/1460 8146/1/1460 8145/1/1459
f 8139/1/1460 8140/1/1461 8147/1/1461 8146/1/1460
f 8140/1/1461 8141/1/1462 8148/1/1462 8147/1/1461
f 8141/1/1462 8142/1/1463 8149/1/1463 8148/1/1462
f 81/1/1335 192/1/1457 8101/1/1457 1621/1/1335
f 192/1/1457 191/1/1458 8102/1/1458 8101/1/1457
f 191/1/1458 190/1/1459 8103/1/1459 8102/1/1458
f 190/1/1459 189/1/1460 8104/1/1460 8103/1/1459
f 189/1/1460 188/1/1461 8105/1/1461 8104/1/1460
f 188/1/1461 187/1/1462 8106/1/1462 8105/1/1461
f 187/1/1462 186/1/1463 8107/1/1463 8106/1/1462
f 186/1/1463 80/1/1411 1558/1/1411 8107/1/1463
f 8107/1/1463 1558/1/1411 1559/1/1411 8114/1/1463
f 8114/1/1463 1559/1/1411 1560/1/1411 8121/1/1463
f 8121/1/1463 1560/1/1411 1561/1/1411 8128/1/1463
f 8128/1/1463 1561/1/1411 1562/1/1411 8135/1/1463
f 8135/1/1463 1562/1/1411 1563/1/1411 8142/1/1463
f 8142/1/1463 1563/1/1411 1564/1/1411 8149/1/1463
f 8149/1/1463 1564/1/1411 111/1/2631 1809/1/2848
f 8148/1/1462 8149/1/1463 1809/1/2848 1808/1/2870
f 8147/1/1461 8148/1/1462 1808/1/2870 1807/1/2869
f 8146/1/1460 8147/1/1461 1807/1/2869 1806/1/2868
f 8145/1/1459 8146/1/1460 1806/1/2868 1805/1/2867
f 8144/1/1458 8145/1/1459 1805/1/2867 1804/1/2866
f 8143/1/1457 8144/1/1458 1804/1/2866 1803/1/2864
f 1627/1/1335 8143/1/1457 1803/1/2864 117/1/2865
f 1626/1/1335 8136/1/1457 8143/1/1457 1627/1/1335
f 1625/1/1335 8129/1/1457 8136/1/1457 1626/1/1335
f 1624/1/1335 8122/1/1457 8129/1/1457 1625/1/1335
f 1623/1/1335 8115/1/1457 8122/1/1457 1624/1/1335
f 1622/1/1335 8108/1/1457 8115/1/1457 1623/1/1335
f 1621/1/1335 8101/1/1457 8108/1/1457 1622/1/1335
f 8150/1/3856 8151/1/3857 8158/1/3858 8157/1/3859
f 8151/1/3857 8152/1/3860 8159/1/3861 8158/1/3858
f 8152/1/3860 8153/1/3862 8160/1/3863 8159/1/3861
f 8153/1/3862 8154/1/3864 8161/1/3865 8160/1/3863
f 8154/1/3864 8155/1/3866 8162/1/3867 8161/1/3865
f 8155/1/3866 8156/1/2871 8163/1/2874 8162/1/3867
f 8157/1/3859 8158/1/3858 8165/1/3868 8164/1/3869
f 8158/1/3858 8159/1/3861 8166/1/3870 8165/1/3868
f 8159/1/3861 8160/1/3863 8167/1/3871 8166/1/3870
f 8160/1/3863 8161/1/3865 8168/1/3872 8167/1/3871
f 8161/1/3865 8162/1/3867 8169/1/3873 8168/1/3872
f 8162/1/3867 8163/1/2874 8170/1/3874 8169/1/3873
f 8164/1/3869 8165/1/3868 8172/1/3875 8171/1/3876
f 8165/1/3868 8166/1/3870 8173/1/3877 8172/1/3875
f 8166/1/3870 8167/1/3871 8174/1/3878 8173/1/3877
f 8167/1/3871 8168/1/3872 8175/1/3879 8174/1/3878
f 8168/1/3872 8169/1/3873 8176/1/2892 8175/1/3879
f 8169/1/3873 8170/1/3874 8177/1/2893 8176/1/2892
f 8171/1/3876 8172/1/3875 8179/1/3880 8178/1/3881
f 8172/1/3875 8173/1/3877 8180/1/3882 8179/1/3880
f 8173/1/3877 8174/1/3878 8181/1/3883 8180/1/3882
f 8174/1/3878 8175/1/3879 8182/1/3884 8181/1/3883
f 8175/1/3879 8176/1/2892 8183/1/3885 8182/1/3884
f 8176/1/2892 8177/1/2893 8184/1/2900 8183/1/3885
f 8178/1/3881 8179/1/3880 8186/1/3886 8185/1/3887
f 8179/1/3880 8180/1/3882 8187/1/3888 8186/1/3886
f 8180/1/3882 8181/1/3883 8188/1/3889 8187/1/3888
f 8181/1/3883 8182/1/3884 8189/1/3890 8188/1/3889
f 8182/1/3884 8183/1/3885 8190/1/2906 8189/1/3890
f 8183/1/3885 8184/1/2900 8191/1/2907 8190/1/2906
f 8185/1/3887 8186/1/3886 8193/1/3891 8192/1/3892
f 8186/1/3886 8187/1/3888 8194/1/3893 8193/1/3891
f 8187/1/3888 8188/1/3889 8195/1/3894 8194/1/3893
f 8188/1/3889 8189/1/3890 8196/1/3895 8195/1/3894
f 8189/1/3890 8190/1/2906 8197/1/2913 8196/1/3895
f 8190/1/2906 8191/1/2907 8198/1/2945 8197/1/2913
f 119/1/3712 1802/1/3804 8150/1/3856 1641/1/3713
f 1802/1/3804 1801/1/3803 8151/1/3857 8150/1/3856
f 1801/1/3803 1800/1/3802 8152/1/3860 8151/1/3857
f 1800/1/3802 1799/1/3801 8153/1/3862 8152/1/3860
f 1799/1/3801 1798/1/3800 8154/1/3864 8153/1/3862
f 1798/1/3800 1797/1/3799 8155/1/3866 8154/1/3864
f 1797/1/3799 1796/1/2921 8156/1/2871 8155/1/3866
f 1796/1/2921 133/1/2920 1900/1/2922 8156/1/2871
f 8156/1/2871 1900/1/2922 1899/1/2951 8163/1/2874
f 8163/1/2874 1899/1/2951 1898/1/2950 8170/1/3874
f 8170/1/3874 1898/1/2950 1897/1/2949 8177/1/2893
f 8177/1/2893 1897/1/2949 1896/1/2948 8184/1/2900
f 8184/1/2900 1896/1/2948 1895/1/2947 8191/1/2907
f 8191/1/2907 1895/1/2947 1894/1/2945 8198/1/2945
f 8198/1/2945 1894/1/2945 132/1/2946 1879/1/2944
f 8197/1/2913 8198/1/2945 1879/1/2944 1878/1/2943
f 8196/1/3895 8197/1/2913 1878/1/2943 1877/1/3896
f 8195/1/3894 8196/1/3895 1877/1/3896 1876/1/3897
f 8194/1/3893 8195/1/3894 1876/1/3897 1875/1/3898
f 8193/1/3891 8194/1/3893 1875/1/3898 1874/1/3899
f 8192/1/3892 8193/1/3891 1874/1/3899 1873/1/3900
f 1635/1/3719 8192/1/3892 1873/1/3900 110/1/3720
f 1636/1/3718 8185/1/3887 8192/1/3892 1635/1/3719
f 1637/1/3717 8178/1/3881 8185/1/3887 1636/1/3718
f 1638/1/3716 8171/1/3876 8178/1/3881 1637/1/3717
f 1639/1/3715 8164/1/3869 8171/1/3876 1638/1/3716
f 1640/1/3714 8157/1/3859 8164/1/3869 1639/1/3715
f 1641/1/3713 8150/1/3856 8157/1/3859 1640/1/3714
f 8199/1/3901 8200/1/3902 8207/1/3903 8206/1/3904
f 8200/1/3902 8201/1/3905 8208/1/3906 8207/1/3903
f 8201/1/3905 8202/1/3907 8209/1/3908 8208/1/3906
f 8202/1/3907 8203/1/3909 8210/1/3910 8209/1/3908
f 8203/1/3909 8204/1/3911 8211/1/3911 8210/1/3910
f 8204/1/3911 8205/1/3912 8212/1/3912 8211/1/3911
f 8206/1/3904 8207/1/3903 8214/1/3913 8213/1/3914
f 8207/1/3903 8208/1/3906 8215/1/3915 8214/1/3913
f 8208/1/3906 8209/1/3908 8216/1/3916 8215/1/3915
f 8209/1/3908 8210/1/3910 8217/1/3917 8216/1/3916
f 8210/1/3910 8211/1/3911 8218/1/3911 8217/1/3917
f 8211/1/3911 8212/1/3912 8219/1/3912 8218/1/3911
f 8213/1/3914 8214/1/3913 8221/1/3918 8220/1/3919
f 8214/1/3913 8215/1/3915 8222/1/3920 8221/1/3918
f 8215/1/3915 8216/1/3916 8223/1/3921 8222/1/3920
f 8216/1/3916 8217/1/3917 8224/1/3917 8223/1/3921
f 8217/1/3917 8218/1/3911 8225/1/3911 8224/1/3917
f 8218/1/3911 8219/1/3912 8226/1/3912 8225/1/3911
f 8220/1/3919 8221/1/3918 8228/1/3922 8227/1/3923
f 8221/1/3918 8222/1/3920 8229/1/3924 8228/1/3922
f 8222/1/3920 8223/1/3921 8230/1/3925 8229/1/3924
f 8223/1/3921 8224/1/3917 8231/1/3926 8230/1/3925
f 8224/1/3917 8225/1/3911 8232/1/3911 8231/1/3926
f 8225/1/3911 8226/1/3912 8233/1/3912 8232/1/3911
f 8227/1/3923 8228/1/3922 8235/1/3927 8234/1/3928
f 8228/1/3922 8229/1/3924 8236/1/3929 8235/1/3927
f 8229/1/3924 8230/1/3925 8237/1/3930 8236/1/3929
f 8230/1/3925 8231/1/3926 8238/1/3931 8237/1/3930
f 8231/1/3926 8232/1/3911 8239/1/3911 8238/1/3931
f 8232/1/3911 8233/1/3912 8240/1/3912 8239/1/3911
f 8234/1/3928 8235/1/3927 8242/1/3932 8241/1/3933
f 8235/1/3927 8236/1/3929 8243/1/3934 8242/1/3932
f 8236/1/3929 8237/1/3930 8244/1/3935 8243/1/3934
f 8237/1/3930 8238/1/3931 8245/1/3931 8244/1/3935
f 8238/1/3931 8239/1/3911 8246/1/3936 8245/1/3931
f 8239/1/3911 8240/1/3912 8247/1/3937 8246/1/3936
f 95/1/3081 2047/1/3938 8199/1/3901 1460/1/3434
f 2047/1/3938 2046/1/3939 8200/1/3902 8199/1/3901
f 2046/1/3939 2045/1/3940 8201/1/3905 8200/1/3902
f 2045/1/3940 2044/1/3941 8202/1/3907 8201/1/3905
f 2044/1/3941 2043/1/3942 8203/1/3909 8202/1/3907
f 2043/1/3942 2042/1/3943 8204/1/3911 8203/1/3909
f 2042/1/3943 2041/1/3912 8205/1/3912 8204/1/3911
f 2041/1/3912 135/1/3944 1992/1/3944 8205/1/3912
f 8205/1/3912 1992/1/3944 1993/1/3945 8212/1/3912
f 8212/1/3912 1993/1/3945 1994/1/3945 8219/1/3912
f 8219/1/3912 1994/1/3945 1995/1/3945 8226/1/3912
f 8226/1/3912 1995/1/3945 1996/1/3945 8233/1/3912
f 8233/1/3912 1996/1/3945 1997/1/3945 8240/1/3912
f 8240/1/3912 1997/1/3945 1998/1/3945 8247/1/3937
f 8247/1/3937 1998/1/3945 144/1/3945 2040/1/3937
f 8246/1/3936 8247/1/3937 2040/1/3937 2039/1/3936
f 8245/1/3931 8246/1/3936 2039/1/3936 2038/1/3946
f 8244/1/3935 8245/1/3931 2038/1/3946 2037/1/3947
f 8243/1/3934 8244/1/3935 2037/1/3947 2036/1/3948
f 8242/1/3932 8243/1/3934 2036/1/3948 2035/1/3949
f 8241/1/3933 8242/1/3932 2035/1/3949 2034/1/3950
f 1466/1/3440 8241/1/3933 2034/1/3950 104/1/3441
f 1465/1/3439 8234/1/3928 8241/1/3933 1466/1/3440
f 1464/1/3438 8227/1/3923 8234/1/3928 1465/1/3439
f 1463/1/3437 8220/1/3919 8227/1/3923 1464/1/3438
f 1462/1/3436 8213/1/3914 8220/1/3919 1463/1/3437
f 1461/1/3435 8206/1/3904 8213/1/3914 1462/1/3436
f 1460/1/3434 8199/1/3901 8206/1/3904 1461/1/3435
f 8248/1/3951 8249/1/3952 8256/1/3953 8255/1/3954
f 8249/1/3952 8250/1/3955 8257/1/3956 8256/1/3953
f 8250/1/3955 8251/1/3957 8258/1/3958 8257/1/3956
f 8251/1/3957 8252/1/3959 8259/1/3960 8258/1/3958
f 8252/1/3959 8253/1/3961 8260/1/3962 8259/1/3960
f 8253/1/3961 8254/1/3963 8261/1/3964 8260/1/3962
f 8255/1/3954 8256/1/3953 8263/1/3965 8262/1/3966
f 8256/1/3953 8257/1/3956 8264/1/3967 8263/1/3965
f 8257/1/3956 8258/1/3958 8265/1/3968 8264/1/3967
f 8258/1/3958 8259/1/3960 8266/1/3969 8265/1/3968
f 8259/1/3960 8260/1/3962 8267/1/3970 8266/1/3969
f 8260/1/3962 8261/1/3964 8268/1/3971 8267/1/3970
f 8262/1/3966 8263/1/3965 8270/1/3972 8269/1/3973
f 8263/1/3965 8264/1/3967 8271/1/3974 8270/1/3972
f 8264/1/3967 8265/1/3968 8272/1/3975 8271/1/3974
f 8265/1/3968 8266/1/3969 8273/1/3976 8272/1/3975
f 8266/1/3969 8267/1/3970 8274/1/3977 8273/1/3976
f 8267/1/3970 8268/1/3971 8275/1/3978 8274/1/3977
f 8269/1/3973 8270/1/3972 8277/1/3979 8276/1/3980
f 8270/1/3972 8271/1/3974 8278/1/3981 8277/1/3979
f 8271/1/3974 8272/1/3975 8279/1/3982 8278/1/3981
f 8272/1/3975 8273/1/3976 8280/1/3983 8279/1/3982
f 8273/1/3976 8274/1/3977 8281/1/3984 8280/1/3983
f 8274/1/3977 8275/1/3978 8282/1/3985 8281/1/3984
f 8276/1/3980 8277/1/3979 8284/1/3986 8283/1/3987
f 8277/1/3979 8278/1/3981 8285/1/3988 8284/1/3986
f 8278/1/3981 8279/1/3982 8286/1/3989 8285/1/3988
f 8279/1/3982 8280/1/3983 8287/1/3990 8286/1/3989
f 8280/1/3983 8281/1/3984 8288/1/3991 8287/1/3990
f 8281/1/3984 8282/1/3985 8289/1/3992 8288/1/3991
f 8283/1/3987 8284/1/3986 8291/1/3993 8290/1/3994
f 8284/1/3986 8285/1/3988 8292/1/3995 8291/1/3993
f 8285/1/3988 8286/1/3989 8293/1/3996 8292/1/3995
f 8286/1/3989 8287/1/3990 8294/1/3997 8293/1/3996
f 8287/1/3990 8288/1/3991 8295/1/3998 8294/1/3997
f 8288/1/3991 8289/1/3992 8296/1/3999 8295/1/3998
f 103/1/3520 2061/1/4000 8248/1/3951 1417/1/3521
f 2061/1/4000 2060/1/4001 8249/1/3952 8248/1/3951
f 2060/1/4001 2059/1/4002 8250/1/3955 8249/1/3952
f 2059/1/4002 2058/1/4003 8251/1/3957 8250/1/3955
f 2058/1/4003 2057/1/4004 8252/1/3959 8251/1/3957
f 2057/1/4004 2056/1/4005 8253/1/3961 8252/1/3959
f 2056/1/4005 2055/1/4006 8254/1/3963 8253/1/3961
f 2055/1/4006 143/1/4007 1949/1/4008 8254/1/3963
f 8254/1/3963 1949/1/4008 1948/1/4009 8261/1/3964
f 8261/1/3964 1948/1/4009 1947/1/4010 8268/1/3971
f 8268/1/3971 1947/1/4010 1946/1/4010 8275/1/3978
f 8275/1/3978 1946/1/4010 1945/1/4011 8282/1/3985
f 8282/1/3985 1945/1/4011 1944/1/4012 8289/1/3992
f 8289/1/3992 1944/1/4012 1943/1/4013 8296/1/3999
f 8296/1/3999 1943/1/4013 142/1/4013 2054/1/4014
f 8295/1/3998 8296/1/3999 2054/1/4014 2053/1/4015
f 8294/1/3997 8295/1/3998 2053/1/4015 2052/1/4016
f 8293/1/3996 8294/1/3997 2052/1/4016 2051/1/4017
f 8292/1/3995 8293/1/3996 2051/1/4017 2050/1/4018
f 8291/1/3993 8292/1/3995 2050/1/4018 2049/1/4019
f 8290/1/3994 8291/1/3993 2049/1/4019 2048/1/4020
f 1411/1/3527 8290/1/3994 2048/1/4020 102/1/3376
f 1412/1/3526 8283/1/3987 8290/1/3994 1411/1/3527
f 1413/1/3525 8276/1/3980 8283/1/3987 1412/1/3526
f 1414/1/3524 8269/1/3973 8276/1/3980 1413/1/3525
f 1415/1/3523 8262/1/3966 8269/1/3973 1414/1/3524
f 1416/1/3522 8255/1/3954 8262/1/3966 1415/1/3523
f 1417/1/3521 8248/1/3951 8255/1/3954 1416/1/3522
f 8297/1/4021 8298/1/4022 8305/1/4023 8304/1/4024
f 8298/1/4022 8299/1/4025 8306/1/4026 8305/1/4023
f 8299/1/4025 8300/1/4027 8307/1/4028 8306/1/4026
f 8300/1/4027 8301/1/4029 8308/1/4030 8307/1/4028
f 8301/1/4029 8302/1/4031 8309/1/4031 8308/1/4030
f 8302/1/4031 8303/1/4032 8310/1/4032 8309/1/4031
f 8304/1/4024 8305/1/4023 8312/1/4033 8311/1/4034
f 8305/1/4023 8306/1/4026 8313/1/4035 8312/1/4033
f 8306/1/4026 8307/1/4028 8314/1/4036 8313/1/4035
f 8307/1/4028 8308/1/4030 8315/1/4037 8314/1/4036
f 8308/1/4030 8309/1/4031 8316/1/4038 8315/1/4037
f 8309/1/4031 8310/1/4032 8317/1/4032 8316/1/4038
f 8311/1/4034 8312/1/4033 8319/1/4039 8318/1/4040
f 8312/1/4033 8313/1/4035 8320/1/4041 8319/1/4039
f 8313/1/4035 8314/1/4036 8321/1/4042 8320/1/4041
f 8314/1/4036 8315/1/4037 8322/1/4043 8321/1/4042
f 8315/1/4037 8316/1/4038 8323/1/4044 8322/1/4043
f 8316/1/4038 8317/1/4032 8324/1/4045 8323/1/4044
f 8318/1/4040 8319/1/4039 8326/1/4046 8325/1/4047
f 8319/1/4039 8320/1/4041 8327/1/4048 8326/1/4046
f 8320/1/4041 8321/1/4042 8328/1/4049 8327/1/4048
f 8321/1/4042 8322/1/4043 8329/1/4050 8328/1/4049
f 8322/1/4043 8323/1/4044 8330/1/4051 8329/1/4050
f 8323/1/4044 8324/1/4045 8331/1/4045 8330/1/4051
f 8325/1/4047 8326/1/4046 8333/1/4052 8332/1/4053
f 8326/1/4046 8327/1/4048 8334/1/4054 8333/1/4052
f 8327/1/4048 8328/1/4049 8335/1/4055 8334/1/4054
f 8328/1/4049 8329/1/4050 8336/1/4056 8335/1/4055
f 8329/1/4050 8330/1/4051 8337/1/4057 8336/1/4056
f 8330/1/4051 8331/1/4045 8338/1/4058 8337/1/4057
f 8332/1/4053 8333/1/4052 8340/1/4059 8339/1/4060
f 8333/1/4052 8334/1/4054 8341/1/4061 8340/1/4059
f 8334/1/4054 8335/1/4055 8342/1/4062 8341/1/4061
f 8335/1/4055 8336/1/4056 8343/1/4063 8342/1/4062
f 8336/1/4056 8337/1/4057 8344/1/4064 8343/1/4063
f 8337/1/4057 8338/1/4058 8345/1/4065 8344/1/4064
f 129/1/2695 2075/1/4066 8297/1/4021 1467/1/2696
f 2075/1/4066 2074/1/4067 8298/1/4022 8297/1/4021
f 2074/1/4067 2073/1/4025 8299/1/4025 8298/1/4022
f 2073/1/4025 2072/1/4027 8300/1/4027 8299/1/4025
f 2072/1/4027 2071/1/4029 8301/1/4029 8300/1/4027
f 2071/1/4029 2070/1/4068 8302/1/4031 8301/1/4029
f 2070/1/4068 2069/1/4032 8303/1/4032 8302/1/4031
f 2069/1/4032 151/1/4069 1999/1/4069 8303/1/4032
f 8303/1/4032 1999/1/4069 2000/1/4069 8310/1/4032
f 8310/1/4032 2000/1/4069 2001/1/4069 8317/1/4032
f 8317/1/4032 2001/1/4069 2002/1/4069 8324/1/4045
f 8324/1/4045 2002/1/4069 2003/1/4069 8331/1/4045
f 8331/1/4045 2003/1/4069 2004/1/4069 8338/1/4058
f 8338/1/4058 2004/1/4069 2005/1/4069 8345/1/4065
f 8345/1/4065 2005/1/4069 140/1/4069 2068/1/4070
f 8344/1/4064 8345/1/4065 2068/1/4070 2067/1/4071
f 8343/1/4063 8344/1/4064 2067/1/4071 2066/1/4072
f 8342/1/4062 8343/1/4063 2066/1/4072 2065/1/4073
f 8341/1/4061 8342/1/4062 2065/1/4073 2064/1/4074
f 8340/1/4059 8341/1/4061 2064/1/4074 2063/1/4075
f 8339/1/4060 8340/1/4059 2063/1/4075 2062/1/4076
f 1473/1/2702 8339/1/4060 2062/1/4076 100/1/2703
f 1472/1/2701 8332/1/4053 8339/1/4060 1473/1/2702
f 1471/1/2700 8325/1/4047 8332/1/4053 1472/1/2701
f 1470/1/2699 8318/1/4040 8325/1/4047 1471/1/2700
f 1469/1/2698 8311/1/4034 8318/1/4040 1470/1/2699
f 1468/1/2697 8304/1/4024 8311/1/4034 1469/1/2698
f 1467/1/2696 8297/1/4021 8304/1/4024 1468/1/2697
f 8346/1/4077 8347/1/4078 8354/1/4079 8353/1/4080
f 8347/1/4078 8348/1/4081 8355/1/4082 8354/1/4079
f 8348/1/4081 8349/1/4083 8356/1/4084 8355/1/4082
f 8349/1/4083 8350/1/4085 8357/1/4086 8356/1/4084
f 8350/1/4085 8351/1/4087 8358/1/4088 8357/1/4086
f 8351/1/4087 8352/1/4089 8359/1/4090 8358/1/4088
f 8353/1/4080 8354/1/4079 8361/1/4091 8360/1/4092
f 8354/1/4079 8355/1/4082 8362/1/4093 8361/1/4091
f 8355/1/4082 8356/1/4084 8363/1/4094 8362/1/4093
f 8356/1/4084 8357/1/4086 8364/1/4095 8363/1/4094
f 8357/1/4086 8358/1/4088 8365/1/4096 8364/1/4095
f 8358/1/4088 8359/1/4090 8366/1/4097 8365/1/4096
f 8360/1/4092 8361/1/4091 8368/1/4098 8367/1/4099
f 8361/1/4091 8362/1/4093 8369/1/4100 8368/1/4098
f 8362/1/4093 8363/1/4094 8370/1/4101 8369/1/4100
f 8363/1/4094 8364/1/4095 8371/1/4102 8370/1/4101
f 8364/1/4095 8365/1/4096 8372/1/4103 8371/1/4102
f 8365/1/4096 8366/1/4097 8373/1/4104 8372/1/4103
f 8367/1/4099 8368/1/4098 8375/1/4105 8374/1/4106
f 8368/1/4098 8369/1/4100 8376/1/4107 8375/1/4105
f 8369/1/4100 8370/1/4101 8377/1/4108 8376/1/4107
f 8370/1/4101 8371/1/4102 8378/1/4109 8377/1/4108
f 8371/1/4102 8372/1/4103 8379/1/4110 8378/1/4109
f 8372/1/4103 8373/1/4104 8380/1/4111 8379/1/4110
f 8374/1/4106 8375/1/4105 8382/1/4112 8381/1/4113
f 8375/1/4105 8376/1/4107 8383/1/4114 8382/1/4112
f 8376/1/4107 8377/1/4108 8384/1/4115 8383/1/4114
f 8377/1/4108 8378/1/4109 8385/1/4116 8384/1/4115
f 8378/1/4109 8379/1/4110 8386/1/4117 8385/1/4116
f 8379/1/4110 8380/1/4111 8387/1/4118 8386/1/4117
f 8381/1/4113 8382/1/4112 8389/1/4119 8388/1/4120
f 8382/1/4112 8383/1/4114 8390/1/4121 8389/1/4119
f 8383/1/4114 8384/1/4115 8391/1/4122 8390/1/4121
f 8384/1/4115 8385/1/4116 8392/1/4123 8391/1/4122
f 8385/1/4116 8386/1/4117 8393/1/4124 8392/1/4123
f 8386/1/4117 8387/1/4118 8394/1/4125 8393/1/4124
f 100/1/2703 2062/1/4076 8346/1/4077 1424/1/3584
f 2062/1/4076 2063/1/4075 8347/1/4078 8346/1/4077
f 2063/1/4075 2064/1/4074 8348/1/4081 8347/1/4078
f 2064/1/4074 2065/1/4073 8349/1/4083 8348/1/4081
f 2065/1/4073 2066/1/4072 8350/1/4085 8349/1/4083
f 2066/1/4072 2067/1/4071 8351/1/4087 8350/1/4085
f 2067/1/4071 2068/1/4070 8352/1/4089 8351/1/4087
f 2068/1/4070 140/1/4069 1956/1/4069 8352/1/4089
f 8352/1/4089 1956/1/4069 1955/1/4126 8359/1/4090
f 8359/1/4090 1955/1/4126 1954/1/4127 8366/1/4097
f 8366/1/4097 1954/1/4127 1953/1/4128 8373/1/4104
f 8373/1/4104 1953/1/4128 1952/1/4129 8380/1/4111
f 8380/1/4111 1952/1/4129 1951/1/4130 8387/1/4118
f 8387/1/4118 1951/1/4130 1950/1/4131 8394/1/4125
f 8394/1/4125 1950/1/4131 143/1/4007 2055/1/4006
f 8393/1/4124 8394/1/4125 2055/1/4006 2056/1/4005
f 8392/1/4123 8393/1/4124 2056/1/4005 2057/1/4004
f 8391/1/4122 8392/1/4123 2057/1/4004 2058/1/4003
f 8390/1/4121 8391/1/4122 2058/1/4003 2059/1/4002
f 8389/1/4119 8390/1/4121 2059/1/4002 2060/1/4001
f 8388/1/4120 8389/1/4119 2060/1/4001 2061/1/4000
f 1418/1/3590 8388/1/4120 2061/1/4000 103/1/3520
f 1419/1/3589 8381/1/4113 8388/1/4120 1418/1/3590
f 1420/1/3588 8374/1/4106 8381/1/4113 1419/1/3589
f 1421/1/3587 8367/1/4099 8374/1/4106 1420/1/3588
f 1422/1/3586 8360/1/4092 8367/1/4099 1421/1/3587
f 1423/1/3585 8353/1/4080 8360/1/4092 1422/1/3586
f 1424/1/3584 8346/1/4077 8353/1/4080 1423/1/3585
f 8395/1/4132 8396/1/4133 8403/1/4134 8402/1/4135
f 8396/1/4133 8397/1/4136 8404/1/4137 8403/1/4134
f 8397/1/4136 8398/1/4138 8405/1/4139 8404/1/4137
f 8398/1/4138 8399/1/4140 8406/1/4141 8405/1/4139
f 8399/1/4140 8400/1/4142 8407/1/4142 8406/1/4141
f 8400/1/4142 8401/1/4143 8408/1/4143 8407/1/4142
f 8402/1/4135 8403/1/4134 8410/1/4144 8409/1/4145
f 8403/1/4134 8404/1/4137 8411/1/4146 8410/1/4144
f 8404/1/4137 8405/1/4139 8412/1/4147 8411/1/4146
f 8405/1/4139 8406/1/4141 8413/1/4148 8412/1/4147
f 8406/1/4141 8407/1/4142 8414/1/4149 8413/1/4148
f 8407/1/4142 8408/1/4143 8415/1/4150 8414/1/4149
f 8409/1/4145 8410/1/4144 8417/1/4151 8416/1/4152
f 8410/1/4144 8411/1/4146 8418/1/4153 8417/1/4151
f 8411/1/4146 8412/1/4147 8419/1/4154 8418/1/4153
f 8412/1/4147 8413/1/4148 8420/1/4155 8419/1/4154
f 8413/1/4148 8414/1/4149 8421/1/4156 8420/1/4155
f 8414/1/4149 8415/1/4150 8422/1/4150 8421/1/4156
f 8416/1/4152 8417/1/4151 8424/1/4157 8423/1/4158
f 8417/1/4151 8418/1/4153 8425/1/4159 8424/1/4157
f 8418/1/4153 8419/1/4154 8426/1/4160 8425/1/4159
f 8419/1/4154 8420/1/4155 8427/1/4161 8426/1/4160
f 8420/1/4155 8421/1/4156 8428/1/4162 8427/1/4161
f 8421/1/4156 8422/1/4150 8429/1/4163 8428/1/4162
f 8423/1/4158 8424/1/4157 8431/1/4164 8430/1/4165
f 8424/1/4157 8425/1/4159 8432/1/4166 8431/1/4164
f 8425/1/4159 8426/1/4160 8433/1/4167 8432/1/4166
f 8426/1/4160 8427/1/4161 8434/1/4168 8433/1/4167
f 8427/1/4161 8428/1/4162 8435/1/4169 8434/1/4168
f 8428/1/4162 8429/1/4163 8436/1/4170 8435/1/4169
f 8430/1/4165 8431/1/4164 8438/1/4171 8437/1/4172
f 8431/1/4164 8432/1/4166 8439/1/4173 8438/1/4171
f 8432/1/4166 8433/1/4167 8440/1/4174 8439/1/4173
f 8433/1/4167 8434/1/4168 8441/1/4175 8440/1/4174
f 8434/1/4168 8435/1/4169 8442/1/4176 8441/1/4175
f 8435/1/4169 8436/1/4170 8443/1/4177 8442/1/4176
f 132/1/2946 2089/1/4178 8395/1/4132 1879/1/2944
f 2089/1/4178 2088/1/4179 8396/1/4133 8395/1/4132
f 2088/1/4179 2087/1/4136 8397/1/4136 8396/1/4133
f 2087/1/4136 2086/1/4138 8398/1/4138 8397/1/4136
f 2086/1/4138 2085/1/4140 8399/1/4140 8398/1/4138
f 2085/1/4140 2084/1/4180 8400/1/4142 8399/1/4140
f 2084/1/4180 2083/1/4143 8401/1/4143 8400/1/4142
f 2083/1/4143 152/1/4181 2033/1/4181 8401/1/4143
f 8401/1/4143 2033/1/4181 2032/1/4181 8408/1/4143
f 8408/1/4143 2032/1/4181 2031/1/4181 8415/1/4150
f 8415/1/4150 2031/1/4181 2030/1/4181 8422/1/4150
f 8422/1/4150 2030/1/4181 2029/1/4181 8429/1/4163
f 8429/1/4163 2029/1/4181 2028/1/4181 8436/1/4170
f 8436/1/4170 2028/1/4181 2027/1/4182 8443/1/4177
f 8443/1/4177 2027/1/4182 150/1/4183 2082/1/4184
f 8442/1/4176 8443/1/4177 2082/1/4184 2081/1/4185
f 8441/1/4175 8442/1/4176 2081/1/4185 2080/1/4186
f 8440/1/4174 8441/1/4175 2080/1/4186 2079/1/4187
f 8439/1/4173 8440/1/4174 2079/1/4187 2078/1/4188
f 8438/1/4171 8439/1/4173 2078/1/4188 2077/1/4189
f 8437/1/4172 8438/1/4171 2077/1/4189 2076/1/4190
f 1873/1/3900 8437/1/4172 2076/1/4190 110/1/3720
f 1874/1/3899 8430/1/4165 8437/1/4172 1873/1/3900
f 1875/1/3898 8423/1/4158 8430/1/4165 1874/1/3899
f 1876/1/3897 8416/1/4152 8423/1/4158 1875/1/3898
f 1877/1/3896 8409/1/4145 8416/1/4152 1876/1/3897
f 1878/1/2943 8402/1/4135 8409/1/4145 1877/1/3896
f 1879/1/2944 8395/1/4132 8402/1/4135 1878/1/2943
f 8444/1/4191 8445/1/4192 8452/1/4193 8451/1/4194
f 8445/1/4192 8446/1/4195 8453/1/4196 8452/1/4193
f 8446/1/4195 8447/1/4197 8454/1/4198 8453/1/4196
f 8447/1/4197 8448/1/4199 8455/1/4200 8454/1/4198
f 8448/1/4199 8449/1/4201 8456/1/4202 8455/1/4200
f 8449/1/4201 8450/1/4203 8457/1/4204 8456/1/4202
f 8451/1/4194 8452/1/4193 8459/1/4205 8458/1/4206
f 8452/1/4193 8453/1/4196 8460/1/4207 8459/1/4205
f 8453/1/4196 8454/1/4198 8461/1/4208 8460/1/4207
f 8454/1/4198 8455/1/4200 8462/1/4209 8461/1/4208
f 8455/1/4200 8456/1/4202 8463/1/4210 8462/1/4209
f 8456/1/4202 8457/1/4204 8464/1/4204 8463/1/4210
f 8458/1/4206 8459/1/4205 8466/1/4211 8465/1/4212
f 8459/1/4205 8460/1/4207 8467/1/4213 8466/1/4211
f 8460/1/4207 8461/1/4208 8468/1/4214 8467/1/4213
f 8461/1/4208 8462/1/4209 8469/1/4215 8468/1/4214
f 8462/1/4209 8463/1/4210 8470/1/4216 8469/1/4215
f 8463/1/4210 8464/1/4204 8471/1/4217 8470/1/4216
f 8465/1/4212 8466/1/4211 8473/1/4218 8472/1/4219
f 8466/1/4211 8467/1/4213 8474/1/4220 8473/1/4218
f 8467/1/4213 8468/1/4214 8475/1/4221 8474/1/4220
f 8468/1/4214 8469/1/4215 8476/1/4222 8475/1/4221
f 8469/1/4215 8470/1/4216 8477/1/4223 8476/1/4222
f 8470/1/4216 8471/1/4217 8478/1/4224 8477/1/4223
f 8472/1/4219 8473/1/4218 8480/1/4225 8479/1/4226
f 8473/1/4218 8474/1/4220 8481/1/4227 8480/1/4225
f 8474/1/4220 8475/1/4221 8482/1/4228 8481/1/4227
f 8475/1/4221 8476/1/4222 8483/1/4229 8482/1/4228
f 8476/1/4222 8477/1/4223 8484/1/4230 8483/1/4229
f 8477/1/4223 8478/1/4224 8485/1/4231 8484/1/4230
f 8479/1/4226 8480/1/4225 8487/1/4232 8486/1/4233
f 8480/1/4225 8481/1/4227 8488/1/4234 8487/1/4232
f 8481/1/4227 8482/1/4228 8489/1/4235 8488/1/4234
f 8482/1/4228 8483/1/4229 8490/1/4236 8489/1/4235
f 8483/1/4229 8484/1/4230 8491/1/4237 8490/1/4236
f 8484/1/4230 8485/1/4231 8492/1/4238 8491/1/4237
f 94/1/3306 2103/1/4239 8444/1/4191 1369/1/3641
f 2103/1/4239 2102/1/4240 8445/1/4192 8444/1/4191
f 2102/1/4240 2101/1/4241 8446/1/4195 8445/1/4192
f 2101/1/4241 2100/1/4242 8447/1/4197 8446/1/4195
f 2100/1/4242 2099/1/4243 8448/1/4199 8447/1/4197
f 2099/1/4243 2098/1/4244 8449/1/4201 8448/1/4199
f 2098/1/4244 2097/1/4203 8450/1/4203 8449/1/4201
f 2097/1/4203 134/1/4245 1901/1/4245 8450/1/4203
f 8450/1/4203 1901/1/4245 1902/1/4245 8457/1/4204
f 8457/1/4204 1902/1/4245 1903/1/4245 8464/1/4204
f 8464/1/4204 1903/1/4245 1904/1/4245 8471/1/4217
f 8471/1/4217 1904/1/4245 1905/1/4245 8478/1/4224
f 8478/1/4224 1905/1/4245 1906/1/4245 8485/1/4231
f 8485/1/4231 1906/1/4245 1907/1/4246 8492/1/4238
f 8492/1/4238 1907/1/4246 136/1/4247 2096/1/4248
f 8491/1/4237 8492/1/4238 2096/1/4248 2095/1/4249
f 8490/1/4236 8491/1/4237 2095/1/4249 2094/1/4250
f 8489/1/4235 8490/1/4236 2094/1/4250 2093/1/4251
f 8488/1/4234 8489/1/4235 2093/1/4251 2092/1/4252
f 8487/1/4232 8488/1/4234 2092/1/4252 2091/1/4253
f 8486/1/4233 8487/1/4232 2091/1/4253 2090/1/4254
f 1375/1/3647 8486/1/4233 2090/1/4254 96/1/2614
f 1374/1/3646 8479/1/4226 8486/1/4233 1375/1/3647
f 1373/1/3645 8472/1/4219 8479/1/4226 1374/1/3646
f 1372/1/3644 8465/1/4212 8472/1/4219 1373/1/3645
f 1371/1/3643 8458/1/4206 8465/1/4212 1372/1/3644
f 1370/1/3642 8451/1/4194 8458/1/4206 1371/1/3643
f 1369/1/3641 8444/1/4191 8451/1/4194 1370/1/3642
f 8493/1/4255 8494/1/4256 8501/1/4257 8500/1/4258
f 8494/1/4256 8495/1/4259 8502/1/4260 8501/1/4257
f 8495/1/4259 8496/1/4261 8503/1/4262 8502/1/4260
f 8496/1/4261 8497/1/4263 8504/1/4264 8503/1/4262
f 8497/1/4263 8498/1/4265 8505/1/4266 8504/1/4264
f 8498/1/4265 8499/1/4267 8506/1/4268 8505/1/4266
f 8500/1/4258 8501/1/4257 8508/1/4269 8507/1/4270
f 8501/1/4257 8502/1/4260 8509/1/4271 8508/1/4269
f 8502/1/4260 8503/1/4262 8510/1/4272 8509/1/4271
f 8503/1/4262 8504/1/4264 8511/1/4273 8510/1/4272
f 8504/1/4264 8505/1/4266 8512/1/4274 8511/1/4273
f 8505/1/4266 8506/1/4268 8513/1/4268 8512/1/4274
f 8507/1/4270 8508/1/4269 8515/1/4275 8514/1/4276
f 8508/1/4269 8509/1/4271 8516/1/4277 8515/1/4275
f 8509/1/4271 8510/1/4272 8517/1/4278 8516/1/4277
f 8510/1/4272 8511/1/4273 8518/1/4279 8517/1/4278
f 8511/1/4273 8512/1/4274 8519/1/4280 8518/1/4279
f 8512/1/4274 8513/1/4268 8520/1/4150 8519/1/4280
f 8514/1/4276 8515/1/4275 8522/1/4281 8521/1/4282
f 8515/1/4275 8516/1/4277 8523/1/4283 8522/1/4281
f 8516/1/4277 8517/1/4278 8524/1/4284 8523/1/4283
f 8517/1/4278 8518/1/4279 8525/1/4285 8524/1/4284
f 8518/1/4279 8519/1/4280 8526/1/4286 8525/1/4285
f 8519/1/4280 8520/1/4150 8527/1/4143 8526/1/4286
f 8521/1/4282 8522/1/4281 8529/1/4287 8528/1/4288
f 8522/1/4281 8523/1/4283 8530/1/4289 8529/1/4287
f 8523/1/4283 8524/1/4284 8531/1/4139 8530/1/4289
f 8524/1/4284 8525/1/4285 8532/1/4141 8531/1/4139
f 8525/1/4285 8526/1/4286 8533/1/4142 8532/1/4141
f 8526/1/4286 8527/1/4143 8534/1/4143 8533/1/4142
f 8528/1/4288 8529/1/4287 8536/1/4290 8535/1/4132
f 8529/1/4287 8530/1/4289 8537/1/4291 8536/1/4290
f 8530/1/4289 8531/1/4139 8538/1/4138 8537/1/4291
f 8531/1/4139 8532/1/4141 8539/1/4140 8538/1/4138
f 8532/1/4141 8533/1/4142 8540/1/4142 8539/1/4140
f 8533/1/4142 8534/1/4143 8541/1/4143 8540/1/4142
f 105/1/2937 2110/1/4292 8493/1/4255 1480/1/2938
f 2110/1/4292 2109/1/4293 8494/1/4256 8493/1/4255
f 2109/1/4293 2108/1/4294 8495/1/4259 8494/1/4256
f 2108/1/4294 2107/1/4295 8496/1/4261 8495/1/4259
f 2107/1/4295 2106/1/4296 8497/1/4263 8496/1/4261
f 2106/1/4296 2105/1/4297 8498/1/4265 8497/1/4263
f 2105/1/4297 2104/1/4298 8499/1/4267 8498/1/4265
f 2104/1/4298 145/1/4181 2012/1/4181 8499/1/4267
f 8499/1/4267 2012/1/4181 2011/1/4181 8506/1/4268
f 8506/1/4268 2011/1/4181 2010/1/4181 8513/1/4268
f 8513/1/4268 2010/1/4181 2009/1/4181 8520/1/4150
f 8520/1/4150 2009/1/4181 2008/1/4181 8527/1/4143
f 8527/1/4143 2008/1/4181 2007/1/4181 8534/1/4143
f 8534/1/4143 2007/1/4181 2006/1/4181 8541/1/4143
f 8541/1/4143 2006/1/4181 152/1/4181 2083/1/4143
f 8540/1/4142 8541/1/4143 2083/1/4143 2084/1/4180
f 8539/1/4140 8540/1/4142 2084/1/4180 2085/1/4140
f 8538/1/4138 8539/1/4140 2085/1/4140 2086/1/4138
f 8537/1/4291 8538/1/4138 2086/1/4138 2087/1/4136
f 8536/1/4290 8537/1/4291 2087/1/4136 2088/1/4179
f 8535/1/4132 8536/1/4290 2088/1/4179 2089/1/4178
f 1474/1/2944 8535/1/4132 2089/1/4178 132/1/2946
f 1475/1/2943 8528/1/4288 8535/1/4132 1474/1/2944
f 1476/1/2942 8521/1/4282 8528/1/4288 1475/1/2943
f 1477/1/2941 8514/1/4276 8521/1/4282 1476/1/2942
f 1478/1/2940 8507/1/4270 8514/1/4276 1477/1/2941
f 1479/1/2939 8500/1/4258 8507/1/4270 1478/1/2940
f 1480/1/2938 8493/1/4255 8500/1/4258 1479/1/2939
f 8542/1/4299 8543/1/4300 8550/1/4301 8549/1/4302
f 8543/1/4300 8544/1/4303 8551/1/4304 8550/1/4301
f 8544/1/4303 8545/1/4305 8552/1/4306 8551/1/4304
f 8545/1/4305 8546/1/4307 8553/1/4308 8552/1/4306
f 8546/1/4307 8547/1/4309 8554/1/4310 8553/1/4308
f 8547/1/4309 8548/1/4311 8555/1/4312 8554/1/4310
f 8549/1/4302 8550/1/4301 8557/1/4313 8556/1/4314
f 8550/1/4301 8551/1/4304 8558/1/4315 8557/1/4313
f 8551/1/4304 8552/1/4306 8559/1/4316 8558/1/4315
f 8552/1/4306 8553/1/4308 8560/1/4317 8559/1/4316
f 8553/1/4308 8554/1/4310 8561/1/4318 8560/1/4317
f 8554/1/4310 8555/1/4312 8562/1/4319 8561/1/4318
f 8556/1/4314 8557/1/4313 8564/1/4320 8563/1/4321
f 8557/1/4313 8558/1/4315 8565/1/4322 8564/1/4320
f 8558/1/4315 8559/1/4316 8566/1/4323 8565/1/4322
f 8559/1/4316 8560/1/4317 8567/1/4324 8566/1/4323
f 8560/1/4317 8561/1/4318 8568/1/4325 8567/1/4324
f 8561/1/4318 8562/1/4319 8569/1/4045 8568/1/4325
f 8563/1/4321 8564/1/4320 8571/1/4326 8570/1/4327
f 8564/1/4320 8565/1/4322 8572/1/4328 8571/1/4326
f 8565/1/4322 8566/1/4323 8573/1/4329 8572/1/4328
f 8566/1/4323 8567/1/4324 8574/1/4330 8573/1/4329
f 8567/1/4324 8568/1/4325 8575/1/4331 8574/1/4330
f 8568/1/4325 8569/1/4045 8576/1/4045 8575/1/4331
f 8570/1/4327 8571/1/4326 8578/1/4332 8577/1/4333
f 8571/1/4326 8572/1/4328 8579/1/4334 8578/1/4332
f 8572/1/4328 8573/1/4329 8580/1/4028 8579/1/4334
f 8573/1/4329 8574/1/4330 8581/1/4335 8580/1/4028
f 8574/1/4330 8575/1/4331 8582/1/4031 8581/1/4335
f 8575/1/4331 8576/1/4045 8583/1/4032 8582/1/4031
f 8577/1/4333 8578/1/4332 8585/1/4336 8584/1/4021
f 8578/1/4332 8579/1/4334 8586/1/4025 8585/1/4336
f 8579/1/4334 8580/1/4028 8587/1/4027 8586/1/4025
f 8580/1/4028 8581/1/4335 8588/1/4029 8587/1/4027
f 8581/1/4335 8582/1/4031 8589/1/4031 8588/1/4029
f 8582/1/4031 8583/1/4032 8590/1/4032 8589/1/4031
f 109/1/3729 2117/1/4337 8542/1/4299 1845/1/3851
f 2117/1/4337 2116/1/4338 8543/1/4300 8542/1/4299
f 2116/1/4338 2115/1/4339 8544/1/4303 8543/1/4300
f 2115/1/4339 2114/1/4340 8545/1/4305 8544/1/4303
f 2114/1/4340 2113/1/4341 8546/1/4307 8545/1/4305
f 2113/1/4341 2112/1/4342 8547/1/4309 8546/1/4307
f 2112/1/4342 2111/1/4343 8548/1/4311 8547/1/4309
f 2111/1/4343 149/1/4344 2020/1/4126 8548/1/4311
f 8548/1/4311 2020/1/4126 2021/1/4069 8555/1/4312
f 8555/1/4312 2021/1/4069 2022/1/4069 8562/1/4319
f 8562/1/4319 2022/1/4069 2023/1/4069 8569/1/4045
f 8569/1/4045 2023/1/4069 2024/1/4069 8576/1/4045
f 8576/1/4045 2024/1/4069 2025/1/4069 8583/1/4032
f 8583/1/4032 2025/1/4069 2026/1/4069 8590/1/4032
f 8590/1/4032 2026/1/4069 151/1/4069 2069/1/4032
f 8589/1/4031 8590/1/4032 2069/1/4032 2070/1/4068
f 8588/1/4029 8589/1/4031 2070/1/4068 2071/1/4029
f 8587/1/4027 8588/1/4029 2071/1/4029 2072/1/4027
f 8586/1/4025 8587/1/4027 2072/1/4027 2073/1/4025
f 8585/1/4336 8586/1/4025 2073/1/4025 2074/1/4067
f 8584/1/4021 8585/1/4336 2074/1/4067 2075/1/4066
f 1851/1/2696 8584/1/4021 2075/1/4066 129/1/2695
f 1850/1/2697 8577/1/4333 8584/1/4021 1851/1/2696
f 1849/1/3855 8570/1/4327 8577/1/4333 1850/1/2697
f 1848/1/3854 8563/1/4321 8570/1/4327 1849/1/3855
f 1847/1/3853 8556/1/4314 8563/1/4321 1848/1/3854
f 1846/1/3852 8549/1/4302 8556/1/4314 1847/1/3853
f 1845/1/3851 8542/1/4299 8549/1/4302 1846/1/3852
f 8591/1/4345 8592/1/4346 8599/1/4347 8598/1/4348
f 8592/1/4346 8593/1/4349 8600/1/4350 8599/1/4347
f 8593/1/4349 8594/1/4351 8601/1/4352 8600/1/4350
f 8594/1/4351 8595/1/4353 8602/1/4354 8601/1/4352
f 8595/1/4353 8596/1/4355 8603/1/4355 8602/1/4354
f 8596/1/4355 8597/1/3937 8604/1/3937 8603/1/4355
f 8598/1/4348 8599/1/4347 8606/1/4356 8605/1/4357
f 8599/1/4347 8600/1/4350 8607/1/4358 8606/1/4356
f 8600/1/4350 8601/1/4352 8608/1/4359 8607/1/4358
f 8601/1/4352 8602/1/4354 8609/1/4360 8608/1/4359
f 8602/1/4354 8603/1/4355 8610/1/4361 8609/1/4360
f 8603/1/4355 8604/1/3937 8611/1/3937 8610/1/4361
f 8605/1/4357 8606/1/4356 8613/1/4362 8612/1/4363
f 8606/1/4356 8607/1/4358 8614/1/4364 8613/1/4362
f 8607/1/4358 8608/1/4359 8615/1/4365 8614/1/4364
f 8608/1/4359 8609/1/4360 8616/1/4366 8615/1/4365
f 8609/1/4360 8610/1/4361 8617/1/4367 8616/1/4366
f 8610/1/4361 8611/1/3937 8618/1/4368 8617/1/4367
f 8612/1/4363 8613/1/4362 8620/1/4369 8619/1/4370
f 8613/1/4362 8614/1/4364 8621/1/4371 8620/1/4369
f 8614/1/4364 8615/1/4365 8622/1/4372 8621/1/4371
f 8615/1/4365 8616/1/4366 8623/1/4373 8622/1/4372
f 8616/1/4366 8617/1/4367 8624/1/4374 8623/1/4373
f 8617/1/4367 8618/1/4368 8625/1/4375 8624/1/4374
f 8619/1/4370 8620/1/4369 8627/1/4376 8626/1/4377
f 8620/1/4369 8621/1/4371 8628/1/4378 8627/1/4376
f 8621/1/4371 8622/1/4372 8629/1/4379 8628/1/4378
f 8622/1/4372 8623/1/4373 8630/1/4380 8629/1/4379
f 8623/1/4373 8624/1/4374 8631/1/4381 8630/1/4380
f 8624/1/4374 8625/1/4375 8632/1/4382 8631/1/4381
f 8626/1/4377 8627/1/4376 8634/1/4383 8633/1/4384
f 8627/1/4376 8628/1/4378 8635/1/4385 8634/1/4383
f 8628/1/4378 8629/1/4379 8636/1/4386 8635/1/4385
f 8629/1/4379 8630/1/4380 8637/1/4387 8636/1/4386
f 8630/1/4380 8631/1/4381 8638/1/4388 8637/1/4387
f 8631/1/4381 8632/1/4382 8639/1/4389 8638/1/4388
f 104/1/3441 2034/1/3950 8591/1/4345 1425/1/3785
f 2034/1/3950 2035/1/3949 8592/1/4346 8591/1/4345
f 2035/1/3949 2036/1/3948 8593/1/4349 8592/1/4346
f 2036/1/3948 2037/1/3947 8594/1/4351 8593/1/4349
f 2037/1/3947 2038/1/3946 8595/1/4353 8594/1/4351
f 2038/1/3946 2039/1/3936 8596/1/4355 8595/1/4353
f 2039/1/3936 2040/1/3937 8597/1/3937 8596/1/4355
f 2040/1/3937 144/1/3945 1957/1/3945 8597/1/3937
f 8597/1/3937 1957/1/3945 1958/1/3945 8604/1/3937
f 8604/1/3937 1958/1/3945 1959/1/3944 8611/1/3937
f 8611/1/3937 1959/1/3944 1960/1/3944 8618/1/4368
f 8618/1/4368 1960/1/3944 1961/1/3944 8625/1/4375
f 8625/1/4375 1961/1/3944 1962/1/4390 8632/1/4382
f 8632/1/4382 1962/1/4390 1963/1/4390 8639/1/4389
f 8639/1/4389 1963/1/4390 146/1/4391 2124/1/4392
f 8638/1/4388 8639/1/4389 2124/1/4392 2123/1/4393
f 8637/1/4387 8638/1/4388 2123/1/4393 2122/1/4394
f 8636/1/4386 8637/1/4387 2122/1/4394 2121/1/4395
f 8635/1/4385 8636/1/4386 2121/1/4395 2120/1/4396
f 8634/1/4383 8635/1/4385 2120/1/4396 2119/1/4397
f 8633/1/4384 8634/1/4383 2119/1/4397 2118/1/4398
f 1431/1/3791 8633/1/4384 2118/1/4398 106/1/2776
f 1430/1/3790 8626/1/4377 8633/1/4384 1431/1/3791
f 1429/1/3789 8619/1/4370 8626/1/4377 1430/1/3790
f 1428/1/3788 8612/1/4363 8619/1/4370 1429/1/3789
f 1427/1/3787 8605/1/4357 8612/1/4363 1428/1/3788
f 1426/1/3786 8598/1/4348 8605/1/4357 1427/1/3787
f 1425/1/3785 8591/1/4345 8598/1/4348 1426/1/3786
f 8640/1/4399 8641/1/4400 8648/1/4401 8647/1/4402
f 8641/1/4400 8642/1/4403 8649/1/4404 8648/1/4401
f 8642/1/4403 8643/1/4405 8650/1/4406 8649/1/4404
f 8643/1/4405 8644/1/4407 8651/1/4408 8650/1/4406
f 8644/1/4407 8645/1/4409 8652/1/4410 8651/1/4408
f 8645/1/4409 8646/1/4411 8653/1/4412 8652/1/4410
f 8647/1/4402 8648/1/4401 8655/1/4413 8654/1/4414
f 8648/1/4401 8649/1/4404 8656/1/4415 8655/1/4413
f 8649/1/4404 8650/1/4406 8657/1/4416 8656/1/4415
f 8650/1/4406 8651/1/4408 8658/1/4417 8657/1/4416
f 8651/1/4408 8652/1/4410 8659/1/4418 8658/1/4417
f 8652/1/4410 8653/1/4412 8660/1/4419 8659/1/4418
f 8654/1/4414 8655/1/4413 8662/1/4420 8661/1/4421
f 8655/1/4413 8656/1/4415 8663/1/4422 8662/1/4420
f 8656/1/4415 8657/1/4416 8664/1/4423 8663/1/4422
f 8657/1/4416 8658/1/4417 8665/1/4424 8664/1/4423
f 8658/1/4417 8659/1/4418 8666/1/4425 8665/1/4424
f 8659/1/4418 8660/1/4419 8667/1/4426 8666/1/4425
f 8661/1/4421 8662/1/4420 8669/1/4427 8668/1/4428
f 8662/1/4420 8663/1/4422 8670/1/4429 8669/1/4427
f 8663/1/4422 8664/1/4423 8671/1/4430 8670/1/4429
f 8664/1/4423 8665/1/4424 8672/1/4431 8671/1/4430
f 8665/1/4424 8666/1/4425 8673/1/4432 8672/1/4431
f 8666/1/4425 8667/1/4426 8674/1/4433 8673/1/4432
f 8668/1/4428 8669/1/4427 8676/1/4434 8675/1/4435
f 8669/1/4427 8670/1/4429 8677/1/4436 8676/1/4434
f 8670/1/4429 8671/1/4430 8678/1/4437 8677/1/4436
f 8671/1/4430 8672/1/4431 8679/1/4438 8678/1/4437
f 8672/1/4431 8673/1/4432 8680/1/4439 8679/1/4438
f 8673/1/4432 8674/1/4433 8681/1/4440 8680/1/4439
f 8675/1/4435 8676/1/4434 8683/1/4441 8682/1/4442
f 8676/1/4434 8677/1/4436 8684/1/4443 8683/1/4441
f 8677/1/4436 8678/1/4437 8685/1/4444 8684/1/4443
f 8678/1/4437 8679/1/4438 8686/1/4445 8685/1/4444
f 8679/1/4438 8680/1/4439 8687/1/4446 8686/1/4445
f 8680/1/4439 8681/1/4440 8688/1/4447 8687/1/4446
f 96/1/2614 2090/1/4254 8640/1/4399 1376/1/2615
f 2090/1/4254 2091/1/4253 8641/1/4400 8640/1/4399
f 2091/1/4253 2092/1/4252 8642/1/4403 8641/1/4400
f 2092/1/4252 2093/1/4251 8643/1/4405 8642/1/4403
f 2093/1/4251 2094/1/4250 8644/1/4407 8643/1/4405
f 2094/1/4250 2095/1/4249 8645/1/4409 8644/1/4407
f 2095/1/4249 2096/1/4248 8646/1/4411 8645/1/4409
f 2096/1/4248 136/1/4247 1908/1/4247 8646/1/4411
f 8646/1/4411 1908/1/4247 1909/1/4448 8653/1/4412
f 8653/1/4412 1909/1/4448 1910/1/4448 8660/1/4419
f 8660/1/4419 1910/1/4448 1911/1/4448 8667/1/4426
f 8667/1/4426 1911/1/4448 1912/1/4448 8674/1/4433
f 8674/1/4433 1912/1/4448 1913/1/4448 8681/1/4440
f 8681/1/4440 1913/1/4448 1914/1/4449 8688/1/4447
f 8688/1/4447 1914/1/4449 137/1/4449 2131/1/4450
f 8687/1/4446 8688/1/4447 2131/1/4450 2130/1/4451
f 8686/1/4445 8687/1/4446 2130/1/4451 2129/1/4452
f 8685/1/4444 8686/1/4445 2129/1/4452 2128/1/4453
f 8684/1/4443 8685/1/4444 2128/1/4453 2127/1/4454
f 8683/1/4441 8684/1/4443 2127/1/4454 2126/1/4455
f 8682/1/4442 8683/1/4441 2126/1/4455 2125/1/4456
f 1382/1/2621 8682/1/4442 2125/1/4456 97/1/2622
f 1381/1/2620 8675/1/4435 8682/1/4442 1382/1/2621
f 1380/1/2619 8668/1/4428 8675/1/4435 1381/1/2620
f 1379/1/2618 8661/1/4421 8668/1/4428 1380/1/2619
f 1378/1/2617 8654/1/4414 8661/1/4421 1379/1/2618
f 1377/1/2616 8647/1/4402 8654/1/4414 1378/1/2617
f 1376/1/2615 8640/1/4399 8647/1/4402 1377/1/2616
f 8689/1/4457 8690/1/4458 8697/1/4459 8696/1/4460
f 8690/1/4458 8691/1/4461 8698/1/4462 8697/1/4459
f 8691/1/4461 8692/1/4463 8699/1/4464 8698/1/4462
f 8692/1/4463 8693/1/4465 8700/1/4466 8699/1/4464
f 8693/1/4465 8694/1/4467 8701/1/4468 8700/1/4466
f 8694/1/4467 8695/1/4469 8702/1/4470 8701/1/4468
f 8696/1/4460 8697/1/4459 8704/1/4471 8703/1/4472
f 8697/1/4459 8698/1/4462 8705/1/4473 8704/1/4471
f 8698/1/4462 8699/1/4464 8706/1/4474 8705/1/4473
f 8699/1/4464 8700/1/4466 8707/1/4475 8706/1/4474
f 8700/1/4466 8701/1/4468 8708/1/4476 8707/1/4475
f 8701/1/4468 8702/1/4470 8709/1/4477 8708/1/4476
f 8703/1/4472 8704/1/4471 8711/1/4478 8710/1/4479
f 8704/1/4471 8705/1/4473 8712/1/4480 8711/1/4478
f 8705/1/4473 8706/1/4474 8713/1/4481 8712/1/4480
f 8706/1/4474 8707/1/4475 8714/1/4482 8713/1/4481
f 8707/1/4475 8708/1/4476 8715/1/4483 8714/1/4482
f 8708/1/4476 8709/1/4477 8716/1/4484 8715/1/4483
f 8710/1/4479 8711/1/4478 8718/1/4485 8717/1/4486
f 8711/1/4478 8712/1/4480 8719/1/4487 8718/1/4485
f 8712/1/4480 8713/1/4481 8720/1/4488 8719/1/4487
f 8713/1/4481 8714/1/4482 8721/1/4489 8720/1/4488
f 8714/1/4482 8715/1/4483 8722/1/4490 8721/1/4489
f 8715/1/4483 8716/1/4484 8723/1/4491 8722/1/4490
f 8717/1/4486 8718/1/4485 8725/1/4492 8724/1/4493
f 8718/1/4485 8719/1/4487 8726/1/4494 8725/1/4492
f 8719/1/4487 8720/1/4488 8727/1/4495 8726/1/4494
f 8720/1/4488 8721/1/4489 8728/1/4496 8727/1/4495
f 8721/1/4489 8722/1/4490 8729/1/4497 8728/1/4496
f 8722/1/4490 8723/1/4491 8730/1/4498 8729/1/4497
f 8724/1/4493 8725/1/4492 8732/1/4499 8731/1/4500
f 8725/1/4492 8726/1/4494 8733/1/4501 8732/1/4499
f 8726/1/4494 8727/1/4495 8734/1/4502 8733/1/4501
f 8727/1/4495 8728/1/4496 8735/1/4503 8734/1/4502
f 8728/1/4496 8729/1/4497 8736/1/4504 8735/1/4503
f 8729/1/4497 8730/1/4498 8737/1/4505 8736/1/4504
f 106/1/2776 2118/1/4398 8689/1/4457 1432/1/2777
f 2118/1/4398 2119/1/4397 8690/1/4458 8689/1/4457
f 2119/1/4397 2120/1/4396 8691/1/4461 8690/1/4458
f 2120/1/4396 2121/1/4395 8692/1/4463 8691/1/4461
f 2121/1/4395 2122/1/4394 8693/1/4465 8692/1/4463
f 2122/1/4394 2123/1/4393 8694/1/4467 8693/1/4465
f 2123/1/4393 2124/1/4392 8695/1/4469 8694/1/4467
f 2124/1/4392 146/1/4391 1964/1/4506 8695/1/4469
f 8695/1/4469 1964/1/4506 1965/1/4506 8702/1/4470
f 8702/1/4470 1965/1/4506 1966/1/4507 8709/1/4477
f 8709/1/4477 1966/1/4507 1967/1/4507 8716/1/4484
f 8716/1/4484 1967/1/4507 1968/1/4507 8723/1/4491
f 8723/1/4491 1968/1/4507 1969/1/4508 8730/1/4498
f 8730/1/4498 1969/1/4508 1970/1/4509 8737/1/4505
f 8737/1/4505 1970/1/4509 147/1/4509 2138/1/4510
f 8736/1/4504 8737/1/4505 2138/1/4510 2137/1/4511
f 8735/1/4503 8736/1/4504 2137/1/4511 2136/1/4512
f 8734/1/4502 8735/1/4503 2136/1/4512 2135/1/4513
f 8733/1/4501 8734/1/4502 2135/1/4513 2134/1/4514
f 8732/1/4499 8733/1/4501 2134/1/4514 2133/1/4515
f 8731/1/4500 8732/1/4499 2133/1/4515 2132/1/4516
f 1438/1/2783 8731/1/4500 2132/1/4516 107/1/2784
f 1437/1/2782 8724/1/4493 8731/1/4500 1438/1/2783
f 1436/1/2781 8717/1/4486 8724/1/4493 1437/1/2782
f 1435/1/2780 8710/1/4479 8717/1/4486 1436/1/2781
f 1434/1/2779 8703/1/4472 8710/1/4479 1435/1/2780
f 1433/1/2778 8696/1/4460 8703/1/4472 1434/1/2779
f 1432/1/2777 8689/1/4457 8696/1/4460 1433/1/2778
f 8738/1/4517 8739/1/4518 8746/1/4519 8745/1/4520
f 8739/1/4518 8740/1/4521 8747/1/4522 8746/1/4519
f 8740/1/4521 8741/1/4523 8748/1/4524 8747/1/4522
f 8741/1/4523 8742/1/4525 8749/1/4526 8748/1/4524
f 8742/1/4525 8743/1/4527 8750/1/4528 8749/1/4526
f 8743/1/4527 8744/1/4529 8751/1/4530 8750/1/4528
f 8745/1/4520 8746/1/4519 8753/1/4531 8752/1/4532
f 8746/1/4519 8747/1/4522 8754/1/4533 8753/1/4531
f 8747/1/4522 8748/1/4524 8755/1/4534 8754/1/4533
f 8748/1/4524 8749/1/4526 8756/1/4535 8755/1/4534
f 8749/1/4526 8750/1/4528 8757/1/4536 8756/1/4535
f 8750/1/4528 8751/1/4530 8758/1/4537 8757/1/4536
f 8752/1/4532 8753/1/4531 8760/1/4538 8759/1/4539
f 8753/1/4531 8754/1/4533 8761/1/4540 8760/1/4538
f 8754/1/4533 8755/1/4534 8762/1/4541 8761/1/4540
f 8755/1/4534 8756/1/4535 8763/1/4542 8762/1/4541
f 8756/1/4535 8757/1/4536 8764/1/4543 8763/1/4542
f 8757/1/4536 8758/1/4537 8765/1/4544 8764/1/4543
f 8759/1/4539 8760/1/4538 8767/1/4545 8766/1/4546
f 8760/1/4538 8761/1/4540 8768/1/4547 8767/1/4545
f 8761/1/4540 8762/1/4541 8769/1/4548 8768/1/4547
f 8762/1/4541 8763/1/4542 8770/1/4549 8769/1/4548
f 8763/1/4542 8764/1/4543 8771/1/4550 8770/1/4549
f 8764/1/4543 8765/1/4544 8772/1/4551 8771/1/4550
f 8766/1/4546 8767/1/4545 8774/1/4552 8773/1/4553
f 8767/1/4545 8768/1/4547 8775/1/4554 8774/1/4552
f 8768/1/4547 8769/1/4548 8776/1/4555 8775/1/4554
f 8769/1/4548 8770/1/4549 8777/1/4556 8776/1/4555
f 8770/1/4549 8771/1/4550 8778/1/4557 8777/1/4556
f 8771/1/4550 8772/1/4551 8779/1/4558 8778/1/4557
f 8773/1/4553 8774/1/4552 8781/1/4559 8780/1/4560
f 8774/1/4552 8775/1/4554 8782/1/4561 8781/1/4559
f 8775/1/4554 8776/1/4555 8783/1/4562 8782/1/4561
f 8776/1/4555 8777/1/4556 8784/1/4563 8783/1/4562
f 8777/1/4556 8778/1/4557 8785/1/4564 8784/1/4563
f 8778/1/4557 8779/1/4558 8786/1/4565 8785/1/4564
f 97/1/2622 2125/1/4456 8738/1/4517 1383/1/2849
f 2125/1/4456 2126/1/4455 8739/1/4518 8738/1/4517
f 2126/1/4455 2127/1/4454 8740/1/4521 8739/1/4518
f 2127/1/4454 2128/1/4453 8741/1/4523 8740/1/4521
f 2128/1/4453 2129/1/4452 8742/1/4525 8741/1/4523
f 2129/1/4452 2130/1/4451 8743/1/4527 8742/1/4525
f 2130/1/4451 2131/1/4450 8744/1/4529 8743/1/4527
f 2131/1/4450 137/1/4449 1915/1/4449 8744/1/4529
f 8744/1/4529 1915/1/4449 1916/1/4566 8751/1/4530
f 8751/1/4530 1916/1/4566 1917/1/4566 8758/1/4537
f 8758/1/4537 1917/1/4566 1918/1/4566 8765/1/4544
f 8765/1/4544 1918/1/4566 1919/1/4566 8772/1/4551
f 8772/1/4551 1919/1/4566 1920/1/4566 8779/1/4558
f 8779/1/4558 1920/1/4566 1921/1/4567 8786/1/4565
f 8786/1/4565 1921/1/4567 138/1/4567 2145/1/4568
f 8785/1/4564 8786/1/4565 2145/1/4568 2144/1/4569
f 8784/1/4563 8785/1/4564 2144/1/4569 2143/1/4570
f 8783/1/4562 8784/1/4563 2143/1/4570 2142/1/4571
f 8782/1/4561 8783/1/4562 2142/1/4571 2141/1/4572
f 8781/1/4559 8782/1/4561 2141/1/4572 2140/1/4573
f 8780/1/4560 8781/1/4559 2140/1/4573 2139/1/4574
f 1389/1/2855 8780/1/4560 2139/1/4574 98/1/2856
f 1388/1/2854 8773/1/4553 8780/1/4560 1389/1/2855
f 1387/1/2853 8766/1/4546 8773/1/4553 1388/1/2854
f 1386/1/2852 8759/1/4539 8766/1/4546 1387/1/2853
f 1385/1/2851 8752/1/4532 8759/1/4539 1386/1/2852
f 1384/1/2850 8745/1/4520 8752/1/4532 1385/1/2851
f 1383/1/2849 8738/1/4517 8745/1/4520 1384/1/2850
f 8787/1/4575 8788/1/4576 8795/1/4577 8794/1/4578
f 8788/1/4576 8789/1/4579 8796/1/4580 8795/1/4577
f 8789/1/4579 8790/1/4581 8797/1/4582 8796/1/4580
f 8790/1/4581 8791/1/4583 8798/1/4584 8797/1/4582
f 8791/1/4583 8792/1/4585 8799/1/4586 8798/1/4584
f 8792/1/4585 8793/1/4587 8800/1/4588 8799/1/4586
f 8794/1/4578 8795/1/4577 8802/1/4589 8801/1/4590
f 8795/1/4577 8796/1/4580 8803/1/4591 8802/1/4589
f 8796/1/4580 8797/1/4582 8804/1/4592 8803/1/4591
f 8797/1/4582 8798/1/4584 8805/1/4593 8804/1/4592
f 8798/1/4584 8799/1/4586 8806/1/4594 8805/1/4593
f 8799/1/4586 8800/1/4588 8807/1/4595 8806/1/4594
f 8801/1/4590 8802/1/4589 8809/1/4596 8808/1/4597
f 8802/1/4589 8803/1/4591 8810/1/4598 8809/1/4596
f 8803/1/4591 8804/1/4592 8811/1/4599 8810/1/4598
f 8804/1/4592 8805/1/4593 8812/1/4600 8811/1/4599
f 8805/1/4593 8806/1/4594 8813/1/4601 8812/1/4600
f 8806/1/4594 8807/1/4595 8814/1/4602 8813/1/4601
f 8808/1/4597 8809/1/4596 8816/1/4603 8815/1/4604
f 8809/1/4596 8810/1/4598 8817/1/4605 8816/1/4603
f 8810/1/4598 8811/1/4599 8818/1/4606 8817/1/4605
f 8811/1/4599 8812/1/4600 8819/1/4607 8818/1/4606
f 8812/1/4600 8813/1/4601 8820/1/4608 8819/1/4607
f 8813/1/4601 8814/1/4602 8821/1/4609 8820/1/4608
f 8815/1/4604 8816/1/4603 8823/1/4610 8822/1/4611
f 8816/1/4603 8817/1/4605 8824/1/4612 8823/1/4610
f 8817/1/4605 8818/1/4606 8825/1/4613 8824/1/4612
f 8818/1/4606 8819/1/4607 8826/1/4614 8825/1/4613
f 8819/1/4607 8820/1/4608 8827/1/4615 8826/1/4614
f 8820/1/4608 8821/1/4609 8828/1/4616 8827/1/4615
f 8822/1/4611 8823/1/4610 8830/1/4617 8829/1/4618
f 8823/1/4610 8824/1/4612 8831/1/4619 8830/1/4617
f 8824/1/4612 8825/1/4613 8832/1/4620 8831/1/4619
f 8825/1/4613 8826/1/4614 8833/1/4621 8832/1/4620
f 8826/1/4614 8827/1/4615 8834/1/4622 8833/1/4621
f 8827/1/4615 8828/1/4616 8835/1/4623 8834/1/4622
f 107/1/2784 2132/1/4516 8787/1/4575 1439/1/3002
f 2132/1/4516 2133/1/4515 8788/1/4576 8787/1/4575
f 2133/1/4515 2134/1/4514 8789/1/4579 8788/1/4576
f 2134/1/4514 2135/1/4513 8790/1/4581 8789/1/4579
f 2135/1/4513 2136/1/4512 8791/1/4583 8790/1/4581
f 2136/1/4512 2137/1/4511 8792/1/4585 8791/1/4583
f 2137/1/4511 2138/1/4510 8793/1/4587 8792/1/4585
f 2138/1/4510 147/1/4509 1971/1/4509 8793/1/4587
f 8793/1/4587 1971/1/4509 1972/1/4624 8800/1/4588
f 8800/1/4588 1972/1/4624 1973/1/4625 8807/1/4595
f 8807/1/4595 1973/1/4625 1974/1/4626 8814/1/4602
f 8814/1/4602 1974/1/4626 1975/1/4626 8821/1/4609
f 8821/1/4609 1975/1/4626 1976/1/4009 8828/1/4616
f 8828/1/4616 1976/1/4009 1977/1/4008 8835/1/4623
f 8835/1/4623 1977/1/4008 148/1/4007 2152/1/4627
f 8834/1/4622 8835/1/4623 2152/1/4627 2151/1/4628
f 8833/1/4621 8834/1/4622 2151/1/4628 2150/1/4629
f 8832/1/4620 8833/1/4621 2150/1/4629 2149/1/4630
f 8831/1/4619 8832/1/4620 2149/1/4630 2148/1/4631
f 8830/1/4617 8831/1/4619 2148/1/4631 2147/1/4632
f 8829/1/4618 8830/1/4617 2147/1/4632 2146/1/4633
f 1445/1/3008 8829/1/4618 2146/1/4633 108/1/3009
f 1444/1/3007 8822/1/4611 8829/1/4618 1445/1/3008
f 1443/1/3006 8815/1/4604 8822/1/4611 1444/1/3007
f 1442/1/3005 8808/1/4597 8815/1/4604 1443/1/3006
f 1441/1/3004 8801/1/4590 8808/1/4597 1442/1/3005
f 1440/1/3003 8794/1/4578 8801/1/4590 1441/1/3004
f 1439/1/3002 8787/1/4575 8794/1/4578 1440/1/3003
f 8836/1/4634 8837/1/4635 8844/1/4636 8843/1/4637
f 8837/1/4635 8838/1/4638 8845/1/4639 8844/1/4636
f 8838/1/4638 8839/1/4640 8846/1/4641 8845/1/4639
f 8839/1/4640 8840/1/4642 8847/1/4643 8846/1/4641
f 8840/1/4642 8841/1/4644 8848/1/4645 8847/1/4643
f 8841/1/4644 8842/1/4646 8849/1/4647 8848/1/4645
f 8843/1/4637 8844/1/4636 8851/1/4648 8850/1/4649
f 8844/1/4636 8845/1/4639 8852/1/4650 8851/1/4648
f 8845/1/4639 8846/1/4641 8853/1/4651 8852/1/4650
f 8846/1/4641 8847/1/4643 8854/1/4652 8853/1/4651
f 8847/1/4643 8848/1/4645 8855/1/4653 8854/1/4652
f 8848/1/4645 8849/1/4647 8856/1/4654 8855/1/4653
f 8850/1/4649 8851/1/4648 8858/1/4655 8857/1/4656
f 8851/1/4648 8852/1/4650 8859/1/4657 8858/1/4655
f 8852/1/4650 8853/1/4651 8860/1/4658 8859/1/4657
f 8853/1/4651 8854/1/4652 8861/1/4659 8860/1/4658
f 8854/1/4652 8855/1/4653 8862/1/4660 8861/1/4659
f 8855/1/4653 8856/1/4654 8863/1/4661 8862/1/4660
f 8857/1/4656 8858/1/4655 8865/1/4662 8864/1/4663
f 8858/1/4655 8859/1/4657 8866/1/4664 8865/1/4662
f 8859/1/4657 8860/1/4658 8867/1/4665 8866/1/4664
f 8860/1/4658 8861/1/4659 8868/1/4666 8867/1/4665
f 8861/1/4659 8862/1/4660 8869/1/4667 8868/1/4666
f 8862/1/4660 8863/1/4661 8870/1/4668 8869/1/4667
f 8864/1/4663 8865/1/4662 8872/1/4669 8871/1/4670
f 8865/1/4662 8866/1/4664 8873/1/4671 8872/1/4669
f 8866/1/4664 8867/1/4665 8874/1/4672 8873/1/4671
f 8867/1/4665 8868/1/4666 8875/1/4673 8874/1/4672
f 8868/1/4666 8869/1/4667 8876/1/4674 8875/1/4673
f 8869/1/4667 8870/1/4668 8877/1/4668 8876/1/4674
f 8871/1/4670 8872/1/4669 8879/1/4675 8878/1/4676
f 8872/1/4669 8873/1/4671 8880/1/4677 8879/1/4675
f 8873/1/4671 8874/1/4672 8881/1/4678 8880/1/4677
f 8874/1/4672 8875/1/4673 8882/1/4679 8881/1/4678
f 8875/1/4673 8876/1/4674 8883/1/4680 8882/1/4679
f 8876/1/4674 8877/1/4668 8884/1/3912 8883/1/4680
f 98/1/2856 2139/1/4574 8836/1/4634 1390/1/3074
f 2139/1/4574 2140/1/4573 8837/1/4635 8836/1/4634
f 2140/1/4573 2141/1/4572 8838/1/4638 8837/1/4635
f 2141/1/4572 2142/1/4571 8839/1/4640 8838/1/4638
f 2142/1/4571 2143/1/4570 8840/1/4642 8839/1/4640
f 2143/1/4570 2144/1/4569 8841/1/4644 8840/1/4642
f 2144/1/4569 2145/1/4568 8842/1/4646 8841/1/4644
f 2145/1/4568 138/1/4567 1922/1/4681 8842/1/4646
f 8842/1/4646 1922/1/4681 1923/1/3944 8849/1/4647
f 8849/1/4647 1923/1/3944 1924/1/3944 8856/1/4654
f 8856/1/4654 1924/1/3944 1925/1/3944 8863/1/4661
f 8863/1/4661 1925/1/3944 1926/1/3944 8870/1/4668
f 8870/1/4668 1926/1/3944 1927/1/3944 8877/1/4668
f 8877/1/4668 1927/1/3944 1928/1/3944 8884/1/3912
f 8884/1/3912 1928/1/3944 135/1/3944 2041/1/3912
f 8883/1/4680 8884/1/3912 2041/1/3912 2042/1/3943
f 8882/1/4679 8883/1/4680 2042/1/3943 2043/1/3942
f 8881/1/4678 8882/1/4679 2043/1/3942 2044/1/3941
f 8880/1/4677 8881/1/4678 2044/1/3941 2045/1/3940
f 8879/1/4675 8880/1/4677 2045/1/3940 2046/1/3939
f 8878/1/4676 8879/1/4675 2046/1/3939 2047/1/3938
f 1396/1/3080 8878/1/4676 2047/1/3938 95/1/3081
f 1395/1/3079 8871/1/4670 8878/1/4676 1396/1/3080
f 1394/1/3078 8864/1/4663 8871/1/4670 1395/1/3079
f 1393/1/3077 8857/1/4656 8864/1/4663 1394/1/3078
f 1392/1/3076 8850/1/4649 8857/1/4656 1393/1/3077
f 1391/1/3075 8843/1/4637 8850/1/4649 1392/1/3076
f 1390/1/3074 8836/1/4634 8843/1/4637 1391/1/3075
f 8885/1/4682 8886/1/4683 8893/1/4684 8892/1/4685
f 8886/1/4683 8887/1/4686 8894/1/4687 8893/1/4684
f 8887/1/4686 8888/1/4688 8895/1/4689 8894/1/4687
f 8888/1/4688 8889/1/4690 8896/1/4691 8895/1/4689
f 8889/1/4690 8890/1/4692 8897/1/4693 8896/1/4691
f 8890/1/4692 8891/1/4694 8898/1/4695 8897/1/4693
f 8892/1/4685 8893/1/4684 8900/1/4696 8899/1/4697
f 8893/1/4684 8894/1/4687 8901/1/4698 8900/1/4696
f 8894/1/4687 8895/1/4689 8902/1/4699 8901/1/4698
f 8895/1/4689 8896/1/4691 8903/1/4700 8902/1/4699
f 8896/1/4691 8897/1/4693 8904/1/4701 8903/1/4700
f 8897/1/4693 8898/1/4695 8905/1/4702 8904/1/4701
f 8899/1/4697 8900/1/4696 8907/1/4703 8906/1/4704
f 8900/1/4696 8901/1/4698 8908/1/4705 8907/1/4703
f 8901/1/4698 8902/1/4699 8909/1/4706 8908/1/4705
f 8902/1/4699 8903/1/4700 8910/1/4707 8909/1/4706
f 8903/1/4700 8904/1/4701 8911/1/4708 8910/1/4707
f 8904/1/4701 8905/1/4702 8912/1/4709 8911/1/4708
f 8906/1/4704 8907/1/4703 8914/1/4710 8913/1/4711
f 8907/1/4703 8908/1/4705 8915/1/4712 8914/1/4710
f 8908/1/4705 8909/1/4706 8916/1/4713 8915/1/4712
f 8909/1/4706 8910/1/4707 8917/1/4714 8916/1/4713
f 8910/1/4707 8911/1/4708 8918/1/4715 8917/1/4714
f 8911/1/4708 8912/1/4709 8919/1/4716 8918/1/4715
f 8913/1/4711 8914/1/4710 8921/1/4717 8920/1/4718
f 8914/1/4710 8915/1/4712 8922/1/4719 8921/1/4717
f 8915/1/4712 8916/1/4713 8923/1/4720 8922/1/4719
f 8916/1/4713 8917/1/4714 8924/1/4721 8923/1/4720
f 8917/1/4714 8918/1/4715 8925/1/4722 8924/1/4721
f 8918/1/4715 8919/1/4716 8926/1/4723 8925/1/4722
f 8920/1/4718 8921/1/4717 8928/1/4724 8927/1/4725
f 8921/1/4717 8922/1/4719 8929/1/4726 8928/1/4724
f 8922/1/4719 8923/1/4720 8930/1/4727 8929/1/4726
f 8923/1/4720 8924/1/4721 8931/1/4728 8930/1/4727
f 8924/1/4721 8925/1/4722 8932/1/4729 8931/1/4728
f 8925/1/4722 8926/1/4723 8933/1/4730 8932/1/4729
f 108/1/3009 2146/1/4633 8885/1/4682 1446/1/3146
f 2146/1/4633 2147/1/4632 8886/1/4683 8885/1/4682
f 2147/1/4632 2148/1/4631 8887/1/4686 8886/1/4683
f 2148/1/4631 2149/1/4630 8888/1/4688 8887/1/4686
f 2149/1/4630 2150/1/4629 8889/1/4690 8888/1/4688
f 2150/1/4629 2151/1/4628 8890/1/4692 8889/1/4690
f 2151/1/4628 2152/1/4627 8891/1/4694 8890/1/4692
f 2152/1/4627 148/1/4007 1978/1/4731 8891/1/4694
f 8891/1/4694 1978/1/4731 1979/1/4732 8898/1/4695
f 8898/1/4695 1979/1/4732 1980/1/4733 8905/1/4702
f 8905/1/4702 1980/1/4733 1981/1/4734 8912/1/4709
f 8912/1/4709 1981/1/4734 1982/1/4735 8919/1/4716
f 8919/1/4716 1982/1/4735 1983/1/4182 8926/1/4723
f 8926/1/4723 1983/1/4182 1984/1/4181 8933/1/4730
f 8933/1/4730 1984/1/4181 145/1/4181 2104/1/4298
f 8932/1/4729 8933/1/4730 2104/1/4298 2105/1/4297
f 8931/1/4728 8932/1/4729 2105/1/4297 2106/1/4296
f 8930/1/4727 8931/1/4728 2106/1/4296 2107/1/4295
f 8929/1/4726 8930/1/4727 2107/1/4295 2108/1/4294
f 8928/1/4724 8929/1/4726 2108/1/4294 2109/1/4293
f 8927/1/4725 8928/1/4724 2109/1/4293 2110/1/4292
f 1452/1/3152 8927/1/4725 2110/1/4292 105/1/2937
f 1451/1/3151 8920/1/4718 8927/1/4725 1452/1/3152
f 1450/1/3150 8913/1/4711 8920/1/4718 1451/1/3151
f 1449/1/3149 8906/1/4704 8913/1/4711 1450/1/3150
f 1448/1/3148 8899/1/4697 8906/1/4704 1449/1/3149
f 1447/1/3147 8892/1/4685 8899/1/4697 1448/1/3148
f 1446/1/3146 8885/1/4682 8892/1/4685 1447/1/3147
f 8934/1/4736 8935/1/4737 8942/1/4738 8941/1/4739
f 8935/1/4737 8936/1/4740 8943/1/4741 8942/1/4738
f 8936/1/4740 8937/1/4742 8944/1/4743 8943/1/4741
f 8937/1/4742 8938/1/4744 8945/1/4745 8944/1/4743
f 8938/1/4744 8939/1/4746 8946/1/4747 8945/1/4745
f 8939/1/4746 8940/1/4748 8947/1/4749 8946/1/4747
f 8941/1/4739 8942/1/4738 8949/1/4750 8948/1/4751
f 8942/1/4738 8943/1/4741 8950/1/4752 8949/1/4750
f 8943/1/4741 8944/1/4743 8951/1/4753 8950/1/4752
f 8944/1/4743 8945/1/4745 8952/1/4754 8951/1/4753
f 8945/1/4745 8946/1/4747 8953/1/4755 8952/1/4754
f 8946/1/4747 8947/1/4749 8954/1/4756 8953/1/4755
f 8948/1/4751 8949/1/4750 8956/1/4757 8955/1/4758
f 8949/1/4750 8950/1/4752 8957/1/4759 8956/1/4757
f 8950/1/4752 8951/1/4753 8958/1/4760 8957/1/4759
f 8951/1/4753 8952/1/4754 8959/1/4761 8958/1/4760
f 8952/1/4754 8953/1/4755 8960/1/4762 8959/1/4761
f 8953/1/4755 8954/1/4756 8961/1/4763 8960/1/4762
f 8955/1/4758 8956/1/4757 8963/1/4764 8962/1/4765
f 8956/1/4757 8957/1/4759 8964/1/4766 8963/1/4764
f 8957/1/4759 8958/1/4760 8965/1/4767 8964/1/4766
f 8958/1/4760 8959/1/4761 8966/1/4768 8965/1/4767
f 8959/1/4761 8960/1/4762 8967/1/4769 8966/1/4768
f 8960/1/4762 8961/1/4763 8968/1/4770 8967/1/4769
f 8962/1/4765 8963/1/4764 8970/1/4771 8969/1/4772
f 8963/1/4764 8964/1/4766 8971/1/4773 8970/1/4771
f 8964/1/4766 8965/1/4767 8972/1/4774 8971/1/4773
f 8965/1/4767 8966/1/4768 8973/1/4775 8972/1/4774
f 8966/1/4768 8967/1/4769 8974/1/4776 8973/1/4775
f 8967/1/4769 8968/1/4770 8975/1/4777 8974/1/4776
f 8969/1/4772 8970/1/4771 8977/1/4778 8976/1/4779
f 8970/1/4771 8971/1/4773 8978/1/4780 8977/1/4778
f 8971/1/4773 8972/1/4774 8979/1/4781 8978/1/4780
f 8972/1/4774 8973/1/4775 8980/1/4782 8979/1/4781
f 8973/1/4775 8974/1/4776 8981/1/4783 8980/1/4782
f 8974/1/4776 8975/1/4777 8982/1/4784 8981/1/4783
f 110/1/3720 2076/1/4190 8934/1/4736 1837/1/3721
f 2076/1/4190 2077/1/4189 8935/1/4737 8934/1/4736
f 2077/1/4189 2078/1/4188 8936/1/4740 8935/1/4737
f 2078/1/4188 2079/1/4187 8937/1/4742 8936/1/4740
f 2079/1/4187 2080/1/4186 8938/1/4744 8937/1/4742
f 2080/1/4186 2081/1/4185 8939/1/4746 8938/1/4744
f 2081/1/4185 2082/1/4184 8940/1/4748 8939/1/4746
f 2082/1/4184 150/1/4183 2019/1/4183 8940/1/4748
f 8940/1/4748 2019/1/4183 2018/1/4785 8947/1/4749
f 8947/1/4749 2018/1/4785 2017/1/4786 8954/1/4756
f 8954/1/4756 2017/1/4786 2016/1/4787 8961/1/4763
f 8961/1/4763 2016/1/4787 2015/1/4788 8968/1/4770
f 8968/1/4770 2015/1/4788 2014/1/4789 8975/1/4777
f 8975/1/4777 2014/1/4789 2013/1/4344 8982/1/4784
f 8982/1/4784 2013/1/4344 149/1/4344 2111/1/4343
f 8981/1/4783 8982/1/4784 2111/1/4343 2112/1/4342
f 8980/1/4782 8981/1/4783 2112/1/4342 2113/1/4341
f 8979/1/4781 8980/1/4782 2113/1/4341 2114/1/4340
f 8978/1/4780 8979/1/4781 2114/1/4340 2115/1/4339
f 8977/1/4778 8978/1/4780 2115/1/4339 2116/1/4338
f 8976/1/4779 8977/1/4778 2116/1/4338 2117/1/4337
f 1831/1/3727 8976/1/4779 2117/1/4337 109/1/3729
f 1832/1/3726 8969/1/4772 8976/1/4779 1831/1/3727
f 1833/1/3725 8962/1/4765 8969/1/4772 1832/1/3726
f 1834/1/3724 8955/1/4758 8962/1/4765 1833/1/3725
f 1835/1/3723 8948/1/4751 8955/1/4758 1834/1/3724
f 1836/1/3722 8941/1/4739 8948/1/4751 1835/1/3723
f 1837/1/3721 8934/1/4736 8941/1/4739 1836/1/3722
f 8983/1/4790 8984/1/4791 8991/1/4792 8990/1/4793
f 8984/1/4791 8985/1/4794 8992/1/4795 8991/1/4792
f 8985/1/4794 8986/1/4796 8993/1/4797 8992/1/4795
f 8986/1/4796 8987/1/4798 8994/1/4799 8993/1/4797
f 8987/1/4798 8988/1/4800 8995/1/4801 8994/1/4799
f 8988/1/4800 8989/1/4802 8996/1/4803 8995/1/4801
f 8990/1/4793 8991/1/4792 8998/1/4804 8997/1/4805
f 8991/1/4792 8992/1/4795 8999/1/4806 8998/1/4804
f 8992/1/4795 8993/1/4797 9000/1/4807 8999/1/4806
f 8993/1/4797 8994/1/4799 9001/1/4808 9000/1/4807
f 8994/1/4799 8995/1/4801 9002/1/4809 9001/1/4808
f 8995/1/4801 8996/1/4803 9003/1/4810 9002/1/4809
f 8997/1/4805 8998/1/4804 9005/1/4811 9004/1/4812
f 8998/1/4804 8999/1/4806 9006/1/4813 9005/1/4811
f 8999/1/4806 9000/1/4807 9007/1/4814 9006/1/4813
f 9000/1/4807 9001/1/4808 9008/1/4815 9007/1/4814
f 9001/1/4808 9002/1/4809 9009/1/4816 9008/1/4815
f 9002/1/4809 9003/1/4810 9010/1/4817 9009/1/4816
f 9004/1/4812 9005/1/4811 9012/1/4818 9011/1/4819
f 9005/1/4811 9006/1/4813 9013/1/4820 9012/1/4818
f 9006/1/4813 9007/1/4814 9014/1/4821 9013/1/4820
f 9007/1/4814 9008/1/4815 9015/1/4822 9014/1/4821
f 9008/1/4815 9009/1/4816 9016/1/4823 9015/1/4822
f 9009/1/4816 9010/1/4817 9017/1/4824 9016/1/4823
f 9011/1/4819 9012/1/4818 9019/1/4825 9018/1/4826
f 9012/1/4818 9013/1/4820 9020/1/4827 9019/1/4825
f 9013/1/4820 9014/1/4821 9021/1/4828 9020/1/4827
f 9014/1/4821 9015/1/4822 9022/1/4829 9021/1/4828
f 9015/1/4822 9016/1/4823 9023/1/4830 9022/1/4829
f 9016/1/4823 9017/1/4824 9024/1/4824 9023/1/4830
f 9018/1/4826 9019/1/4825 9026/1/4831 9025/1/4832
f 9019/1/4825 9020/1/4827 9027/1/4833 9026/1/4831
f 9020/1/4827 9021/1/4828 9028/1/4834 9027/1/4833
f 9021/1/4828 9022/1/4829 9029/1/4835 9028/1/4834
f 9022/1/4829 9023/1/4830 9030/1/4830 9029/1/4835
f 9023/1/4830 9024/1/4824 9031/1/4824 9030/1/4830
f 101/1/3225 2166/1/4836 8983/1/4790 1403/1/3226
f 2166/1/4836 2165/1/4837 8984/1/4791 8983/1/4790
f 2165/1/4837 2164/1/4838 8985/1/4794 8984/1/4791
f 2164/1/4838 2163/1/4839 8986/1/4796 8985/1/4794
f 2163/1/4839 2162/1/4840 8987/1/4798 8986/1/4796
f 2162/1/4840 2161/1/4841 8988/1/4800 8987/1/4798
f 2161/1/4841 2160/1/4842 8989/1/4802 8988/1/4800
f 2160/1/4842 141/1/4843 1935/1/4844 8989/1/4802
f 8989/1/4802 1935/1/4844 1934/1/4245 8996/1/4803
f 8996/1/4803 1934/1/4245 1933/1/4245 9003/1/4810
f 9003/1/4810 1933/1/4245 1932/1/4245 9010/1/4817
f 9010/1/4817 1932/1/4245 1931/1/4245 9017/1/4824
f 9017/1/4824 1931/1/4245 1930/1/4845 9024/1/4824
f 9024/1/4824 1930/1/4845 1929/1/4845 9031/1/4824
f 9031/1/4824 1929/1/4845 139/1/4845 2159/1/4824
f 9030/1/4830 9031/1/4824 2159/1/4824 2158/1/4846
f 9029/1/4835 9030/1/4830 2158/1/4846 2157/1/4847
f 9028/1/4834 9029/1/4835 2157/1/4847 2156/1/4848
f 9027/1/4833 9028/1/4834 2156/1/4848 2155/1/4849
f 9026/1/4831 9027/1/4833 2155/1/4849 2154/1/4850
f 9025/1/4832 9026/1/4831 2154/1/4850 2153/1/4851
f 1397/1/3232 9025/1/4832 2153/1/4851 99/1/3234
f 1398/1/3231 9018/1/4826 9025/1/4832 1397/1/3232
f 1399/1/3230 9011/1/4819 9018/1/4826 1398/1/3231
f 1400/1/3229 9004/1/4812 9011/1/4819 1399/1/3230
f 1401/1/3228 8997/1/4805 9004/1/4812 1400/1/3229
f 1402/1/3227 8990/1/4793 8997/1/4805 1401/1/3228
f 1403/1/3226 8983/1/4790 8990/1/4793 1402/1/3227
f 9032/1/4852 9033/1/4853 9040/1/4854 9039/1/4855
f 9033/1/4853 9034/1/4856 9041/1/4857 9040/1/4854
f 9034/1/4856 9035/1/4858 9042/1/4859 9041/1/4857
f 9035/1/4858 9036/1/4860 9043/1/4860 9042/1/4859
f 9036/1/4860 9037/1/4846 9044/1/4861 9043/1/4860
f 9037/1/4846 9038/1/4824 9045/1/4203 9044/1/4861
f 9039/1/4855 9040/1/4854 9047/1/4862 9046/1/4863
f 9040/1/4854 9041/1/4857 9048/1/4864 9047/1/4862
f 9041/1/4857 9042/1/4859 9049/1/4865 9048/1/4864
f 9042/1/4859 9043/1/4860 9050/1/4866 9049/1/4865
f 9043/1/4860 9044/1/4861 9051/1/4861 9050/1/4866
f 9044/1/4861 9045/1/4203 9052/1/4203 9051/1/4861
f 9046/1/4863 9047/1/4862 9054/1/4867 9053/1/4868
f 9047/1/4862 9048/1/4864 9055/1/4869 9054/1/4867
f 9048/1/4864 9049/1/4865 9056/1/4870 9055/1/4869
f 9049/1/4865 9050/1/4866 9057/1/4871 9056/1/4870
f 9050/1/4866 9051/1/4861 9058/1/4861 9057/1/4871
f 9051/1/4861 9052/1/4203 9059/1/4203 9058/1/4861
f 9053/1/4868 9054/1/4867 9061/1/4872 9060/1/4873
f 9054/1/4867 9055/1/4869 9062/1/4874 9061/1/4872
f 9055/1/4869 9056/1/4870 9063/1/4875 9062/1/4874
f 9056/1/4870 9057/1/4871 9064/1/4871 9063/1/4875
f 9057/1/4871 9058/1/4861 9065/1/4861 9064/1/4871
f 9058/1/4861 9059/1/4203 9066/1/4203 9065/1/4861
f 9060/1/4873 9061/1/4872 9068/1/4876 9067/1/4877
f 9061/1/4872 9062/1/4874 9069/1/4878 9068/1/4876
f 9062/1/4874 9063/1/4875 9070/1/4879 9069/1/4878
f 9063/1/4875 9064/1/4871 9071/1/4880 9070/1/4879
f 9064/1/4871 9065/1/4861 9072/1/4861 9071/1/4880
f 9065/1/4861 9066/1/4203 9073/1/4203 9072/1/4861
f 9067/1/4877 9068/1/4876 9075/1/4881 9074/1/4882
f 9068/1/4876 9069/1/4878 9076/1/4883 9075/1/4881
f 9069/1/4878 9070/1/4879 9077/1/4884 9076/1/4883
f 9070/1/4879 9071/1/4880 9078/1/4885 9077/1/4884
f 9071/1/4880 9072/1/4861 9079/1/4861 9078/1/4885
f 9072/1/4861 9073/1/4203 9080/1/4203 9079/1/4861
f 99/1/3234 2153/1/4851 9032/1/4852 1459/1/3298
f 2153/1/4851 2154/1/4850 9033/1/4853 9032/1/4852
f 2154/1/4850 2155/1/4849 9034/1/4856 9033/1/4853
f 2155/1/4849 2156/1/4848 9035/1/4858 9034/1/4856
f 2156/1/4848 2157/1/4847 9036/1/4860 9035/1/4858
f 2157/1/4847 2158/1/4846 9037/1/4846 9036/1/4860
f 2158/1/4846 2159/1/4824 9038/1/4824 9037/1/4846
f 2159/1/4824 139/1/4845 1991/1/4845 9038/1/4824
f 9038/1/4824 1991/1/4845 1990/1/4845 9045/1/4203
f 9045/1/4203 1990/1/4845 1989/1/4845 9052/1/4203
f 9052/1/4203 1989/1/4845 1988/1/4845 9059/1/4203
f 9059/1/4203 1988/1/4845 1987/1/4845 9066/1/4203
f 9066/1/4203 1987/1/4845 1986/1/4845 9073/1/4203
f 9073/1/4203 1986/1/4845 1985/1/4845 9080/1/4203
f 9080/1/4203 1985/1/4845 134/1/4245 2097/1/4203
f 9079/1/4861 9080/1/4203 2097/1/4203 2098/1/4244
f 9078/1/4885 9079/1/4861 2098/1/4244 2099/1/4243
f 9077/1/4884 9078/1/4885 2099/1/4243 2100/1/4242
f 9076/1/4883 9077/1/4884 2100/1/4242 2101/1/4241
f 9075/1/4881 9076/1/4883 2101/1/4241 2102/1/4240
f 9074/1/4882 9075/1/4881 2102/1/4240 2103/1/4239
f 1453/1/3304 9074/1/4882 2103/1/4239 94/1/3306
f 1454/1/3303 9067/1/4877 9074/1/4882 1453/1/3304
f 1455/1/3302 9060/1/4873 9067/1/4877 1454/1/3303
f 1456/1/3301 9053/1/4868 9060/1/4873 1455/1/3302
f 1457/1/3300 9046/1/4863 9053/1/4868 1456/1/3301
f 1458/1/3299 9039/1/4855 9046/1/4863 1457/1/3300
f 1459/1/3298 9032/1/4852 9039/1/4855 1458/1/3299
f 9081/1/4886 9082/1/4887 9089/1/4888 9088/1/4889
f 9082/1/4887 9083/1/4890 9090/1/4891 9089/1/4888
f 9083/1/4890 9084/1/4892 9091/1/4893 9090/1/4891
f 9084/1/4892 9085/1/4894 9092/1/4895 9091/1/4893
f 9085/1/4894 9086/1/4896 9093/1/4897 9092/1/4895
f 9086/1/4896 9087/1/4898 9094/1/4899 9093/1/4897
f 9088/1/4889 9089/1/4888 9096/1/4900 9095/1/4901
f 9089/1/4888 9090/1/4891 9097/1/4902 9096/1/4900
f 9090/1/4891 9091/1/4893 9098/1/4903 9097/1/4902
f 9091/1/4893 9092/1/4895 9099/1/4904 9098/1/4903
f 9092/1/4895 9093/1/4897 9100/1/4905 9099/1/4904
f 9093/1/4897 9094/1/4899 9101/1/4906 9100/1/4905
f 9095/1/4901 9096/1/4900 9103/1/4907 9102/1/4908
f 9096/1/4900 9097/1/4902 9104/1/4909 9103/1/4907
f 9097/1/4902 9098/1/4903 9105/1/4910 9104/1/4909
f 9098/1/4903 9099/1/4904 9106/1/4911 9105/1/4910
f 9099/1/4904 9100/1/4905 9107/1/4912 9106/1/4911
f 9100/1/4905 9101/1/4906 9108/1/4913 9107/1/4912
f 9102/1/4908 9103/1/4907 9110/1/4914 9109/1/4915
f 9103/1/4907 9104/1/4909 9111/1/4916 9110/1/4914
f 9104/1/4909 9105/1/4910 9112/1/4917 9111/1/4916
f 9105/1/4910 9106/1/4911 9113/1/4918 9112/1/4917
f 9106/1/4911 9107/1/4912 9114/1/4919 9113/1/4918
f 9107/1/4912 9108/1/4913 9115/1/4920 9114/1/4919
f 9109/1/4915 9110/1/4914 9117/1/4921 9116/1/4922
f 9110/1/4914 9111/1/4916 9118/1/4923 9117/1/4921
f 9111/1/4916 9112/1/4917 9119/1/4924 9118/1/4923
f 9112/1/4917 9113/1/4918 9120/1/4925 9119/1/4924
f 9113/1/4918 9114/1/4919 9121/1/4926 9120/1/4925
f 9114/1/4919 9115/1/4920 9122/1/4927 9121/1/4926
f 9116/1/4922 9117/1/4921 9124/1/4928 9123/1/4929
f 9117/1/4921 9118/1/4923 9125/1/4930 9124/1/4928
f 9118/1/4923 9119/1/4924 9126/1/4931 9125/1/4930
f 9119/1/4924 9120/1/4925 9127/1/4932 9126/1/4931
f 9120/1/4925 9121/1/4926 9128/1/4933 9127/1/4932
f 9121/1/4926 9122/1/4927 9129/1/4934 9128/1/4933
f 102/1/3376 2048/1/4020 9081/1/4886 1410/1/3377
f 2048/1/4020 2049/1/4019 9082/1/4887 9081/1/4886
f 2049/1/4019 2050/1/4018 9083/1/4890 9082/1/4887
f 2050/1/4018 2051/1/4017 9084/1/4892 9083/1/4890
f 2051/1/4017 2052/1/4016 9085/1/4894 9084/1/4892
f 2052/1/4016 2053/1/4015 9086/1/4896 9085/1/4894
f 2053/1/4015 2054/1/4014 9087/1/4898 9086/1/4896
f 2054/1/4014 142/1/4013 1942/1/4013 9087/1/4898
f 9087/1/4898 1942/1/4013 1941/1/4935 9094/1/4899
f 9094/1/4899 1941/1/4935 1940/1/4935 9101/1/4906
f 9101/1/4906 1940/1/4935 1939/1/4935 9108/1/4913
f 9108/1/4913 1939/1/4935 1938/1/4935 9115/1/4920
f 9115/1/4920 1938/1/4935 1937/1/4936 9122/1/4927
f 9122/1/4927 1937/1/4936 1936/1/4936 9129/1/4934
f 9129/1/4934 1936/1/4936 141/1/4843 2160/1/4842
f 9128/1/4933 9129/1/4934 2160/1/4842 2161/1/4841
f 9127/1/4932 9128/1/4933 2161/1/4841 2162/1/4840
f 9126/1/4931 9127/1/4932 2162/1/4840 2163/1/4839
f 9125/1/4930 9126/1/4931 2163/1/4839 2164/1/4838
f 9124/1/4928 9125/1/4930 2164/1/4838 2165/1/4837
f 9123/1/4929 9124/1/4928 2165/1/4837 2166/1/4836
f 1404/1/3383 9123/1/4929 2166/1/4836 101/1/3225
f 1405/1/3382 9116/1/4922 9123/1/4929 1404/1/3383
f 1406/1/3381 9109/1/4915 9116/1/4922 1405/1/3382
f 1407/1/3380 9102/1/4908 9109/1/4915 1406/1/3381
f 1408/1/3379 9095/1/4901 9102/1/4908 1407/1/3380
f 1409/1/3378 9088/1/4889 9095/1/4901 1408/1/3379
f 1410/1/3377 9081/1/4886 9088/1/4889 1409/1/3378
f 9130/1/4937 9131/1/4937 9138/1/4937 9137/1/4937
f 9131/1/4937 9132/1/4937 9139/1/4937 9138/1/4937
f 9132/1/4937 9133/1/4937 9140/1/4937 9139/1/4937
f 9133/1/4937 9134/1/4937 9141/1/4937 9140/1/4937
f 9134/1/4937 9135/1/4937 9142/1/4937 9141/1/4937
f 9135/1/4937 9136/1/4937 9143/1/4937 9142/1/4937
f 9137/1/4937 9138/1/4937 9145/1/4937 9144/1/4937
f 9138/1/4937 9139/1/4937 9146/1/4937 9145/1/4937
f 9139/1/4937 9140/1/4937 9147/1/4937 9146/1/4937
f 9140/1/4937 9141/1/4937 9148/1/4937 9147/1/4937
f 9141/1/4937 9142/1/4937 9149/1/4937 9148/1/4937
f 9142/1/4937 9143/1/4937 9150/1/4937 9149/1/4937
f 9144/1/4937 9145/1/4937 9152/1/4937 9151/1/4937
f 9145/1/4937 9146/1/4937 9153/1/4937 9152/1/4937
f 9146/1/4937 9147/1/4937 9154/1/4937 9153/1/4937
f 9147/1/4937 9148/1/4937 9155/1/4937 9154/1/4937
f 9148/1/4937 9149/1/4937 9156/1/4937 9155/1/4937
f 9149/1/4937 9150/1/4937 9157/1/4937 9156/1/4937
f 9151/1/4937 9152/1/4937 9159/1/4937 9158/1/4937
f 9152/1/4937 9153/1/4937 9160/1/4937 9159/1/4937
f 9153/1/4937 9154/1/4937 9161/1/4937 9160/1/4937
f 9154/1/4937 9155/1/4937 9162/1/4937 9161/1/4937
f 9155/1/4937 9156/1/4937 9163/1/4937 9162/1/4937
f 9156/1/4937 9157/1/4937 9164/1/4937 9163/1/4937
f 9158/1/4937 9159/1/4937 9166/1/4937 9165/1/4937
f 9159/1/4937 9160/1/4937 9167/1/4937 9166/1/4937
f 9160/1/4937 9161/1/4937 9168/1/4937 9167/1/4937
f 9161/1/4937 9162/1/4937 9169/1/4937 9168/1/4937
f 9162/1/4937 9163/1/4937 9170/1/4937 9169/1/4937
f 9163/1/4937 9164/1/4937 9171/1/4937 9170/1/4937
f 9165/1/4937 9166/1/4937 9173/1/4937 9172/1/4937
f 9166/1/4937 9167/1/4937 9174/1/4937 9173/1/4937
f 9167/1/4937 9168/1/4937 9175/1/4937 9174/1/4937
f 9168/1/4937 9169/1/4937 9176/1/4937 9175/1/4937
f 9169/1/4937 9170/1/4937 9177/1/4937 9176/1/4937
f 9170/1/4937 9171/1/4937 9178/1/4937 9177/1/4937
f 140/1/4069 2313/1/4937 9130/1/4937 1956/1/4069
f 2313/1/4937 2312/1/4937 9131/1/4937 9130/1/4937
f 2312/1/4937 2311/1/4937 9132/1/4937 9131/1/4937
f 2311/1/4937 2310/1/4937 9133/1/4937 9132/1/4937
f 2310/1/4937 2309/1/4937 9134/1/4937 9133/1/4937
f 2309/1/4937 2308/1/4937 9135/1/4937 9134/1/4937
f 2308/1/4937 2307/1/4937 9136/1/4937 9135/1/4937
f 2307/1/4937 159/1/4937 2222/1/4937 9136/1/4937
f 9136/1/4937 2222/1/4937 2221/1/4937 9143/1/4937
f 9143/1/4937 2221/1/4937 2220/1/4937 9150/1/4937
f 9150/1/4937 2220/1/4937 2219/1/4937 9157/1/4937
f 9157/1/4937 2219/1/4937 2218/1/4937 9164/1/4937
f 9164/1/4937 2218/1/4937 2217/1/4937 9171/1/4937
f 9171/1/4937 2217/1/4937 2216/1/4937 9178/1/4937
f 9178/1/4937 2216/1/4937 162/1/4937 2306/1/4937
f 9177/1/4937 9178/1/4937 2306/1/4937 2305/1/4937
f 9176/1/4937 9177/1/4937 2305/1/4937 2304/1/4937
f 9175/1/4937 9176/1/4937 2304/1/4937 2303/1/4937
f 9174/1/4937 9175/1/4937 2303/1/4937 2302/1/4937
f 9173/1/4937 9174/1/4937 2302/1/4937 2301/1/4937
f 9172/1/4937 9173/1/4937 2301/1/4937 2300/1/4937
f 1950/1/4131 9172/1/4937 2300/1/4937 143/1/4007
f 1951/1/4130 9165/1/4937 9172/1/4937 1950/1/4131
f 1952/1/4129 9158/1/4937 9165/1/4937 1951/1/4130
f 1953/1/4128 9151/1/4937 9158/1/4937 1952/1/4129
f 1954/1/4127 9144/1/4937 9151/1/4937 1953/1/4128
f 1955/1/4126 9137/1/4937 9144/1/4937 1954/1/4127
f 1956/1/4069 9130/1/4937 9137/1/4937 1955/1/4126
f 9179/1/4937 9180/1/4937 9187/1/4937 9186/1/4937
f 9180/1/4937 9181/1/4937 9188/1/4937 9187/1/4937
f 9181/1/4937 9182/1/4937 9189/1/4937 9188/1/4937
f 9182/1/4937 9183/1/4937 9190/1/4937 9189/1/4937
f 9183/1/4937 9184/1/4937 9191/1/4937 9190/1/4937
f 9184/1/4937 9185/1/4937 9192/1/4937 9191/1/4937
f 9186/1/4937 9187/1/4937 9194/1/4937 9193/1/4937
f 9187/1/4937 9188/1/4937 9195/1/4937 9194/1/4937
f 9188/1/4937 9189/1/4937 9196/1/4937 9195/1/4937
f 9189/1/4937 9190/1/4937 9197/1/4937 9196/1/4937
f 9190/1/4937 9191/1/4937 9198/1/4937 9197/1/4937
f 9191/1/4937 9192/1/4937 9199/1/4937 9198/1/4937
f 9193/1/4937 9194/1/4937 9201/1/4937 9200/1/4937
f 9194/1/4937 9195/1/4937 9202/1/4937 9201/1/4937
f 9195/1/4937 9196/1/4937 9203/1/4937 9202/1/4937
f 9196/1/4937 9197/1/4937 9204/1/4937 9203/1/4937
f 9197/1/4937 9198/1/4937 9205/1/4937 9204/1/4937
f 9198/1/4937 9199/1/4937 9206/1/4937 9205/1/4937
f 9200/1/4937 9201/1/4937 9208/1/4937 9207/1/4937
f 9201/1/4937 9202/1/4937 9209/1/4937 9208/1/4937
f 9202/1/4937 9203/1/4937 9210/1/4937 9209/1/4937
f 9203/1/4937 9204/1/4937 9211/1/4937 9210/1/4937
f 9204/1/4937 9205/1/4937 9212/1/4937 9211/1/4937
f 9205/1/4937 9206/1/4937 9213/1/4937 9212/1/4937
f 9207/1/4937 9208/1/4937 9215/1/4937 9214/1/4937
f 9208/1/4937 9209/1/4937 9216/1/4937 9215/1/4937
f 9209/1/4937 9210/1/4937 9217/1/4937 9216/1/4937
f 9210/1/4937 9211/1/4937 9218/1/4937 9217/1/4937
f 9211/1/4937 9212/1/4937 9219/1/4937 9218/1/4937
f 9212/1/4937 9213/1/4937 9220/1/4937 9219/1/4937
f 9214/1/4937 9215/1/4937 9222/1/4937 9221/1/4937
f 9215/1/4937 9216/1/4937 9223/1/4937 9222/1/4937
f 9216/1/4937 9217/1/4937 9224/1/4937 9223/1/4937
f 9217/1/4937 9218/1/4937 9225/1/4937 9224/1/4937
f 9218/1/4937 9219/1/4937 9226/1/4937 9225/1/4937
f 9219/1/4937 9220/1/4937 9227/1/4937 9226/1/4937
f 134/1/4245 2327/1/4937 9179/1/4937 1901/1/4245
f 2327/1/4937 2326/1/4937 9180/1/4937 9179/1/4937
f 2326/1/4937 2325/1/4937 9181/1/4937 9180/1/4937
f 2325/1/4937 2324/1/4937 9182/1/4937 9181/1/4937
f 2324/1/4937 2323/1/4937 9183/1/4937 9182/1/4937
f 2323/1/4937 2322/1/4937 9184/1/4937 9183/1/4937
f 2322/1/4937 2321/1/4937 9185/1/4937 9184/1/4937
f 2321/1/4937 153/1/4937 2167/1/4937 9185/1/4937
f 9185/1/4937 2167/1/4937 2168/1/4937 9192/1/4937
f 9192/1/4937 2168/1/4937 2169/1/4937 9199/1/4937
f 9199/1/4937 2169/1/4937 2170/1/4937 9206/1/4937
f 9206/1/4937 2170/1/4937 2171/1/4937 9213/1/4937
f 9213/1/4937 2171/1/4937 2172/1/4937 9220/1/4937
f 9220/1/4937 2172/1/4937 2173/1/4937 9227/1/4937
f 9227/1/4937 2173/1/4937 155/1/4937 2320/1/4937
f 9226/1/4937 9227/1/4937 2320/1/4937 2319/1/4937
f 9225/1/4937 9226/1/4937 2319/1/4937 2318/1/4937
f 9224/1/4937 9225/1/4937 2318/1/4937 2317/1/4937
f 9223/1/4937 9224/1/4937 2317/1/4937 2316/1/4937
f 9222/1/4937 9223/1/4937 2316/1/4937 2315/1/4937
f 9221/1/4937 9222/1/4937 2315/1/4937 2314/1/4937
f 1907/1/4246 9221/1/4937 2314/1/4937 136/1/4247
f 1906/1/4245 9214/1/4937 9221/1/4937 1907/1/4246
f 1905/1/4245 9207/1/4937 9214/1/4937 1906/1/4245
f 1904/1/4245 9200/1/4937 9207/1/4937 1905/1/4245
f 1903/1/4245 9193/1/4937 9200/1/4937 1904/1/4245
f 1902/1/4245 9186/1/4937 9193/1/4937 1903/1/4245
f 1901/1/4245 9179/1/4937 9186/1/4937 1902/1/4245
f 9228/1/4937 9229/1/4937 9236/1/4937 9235/1/4937
f 9229/1/4937 9230/1/4937 9237/1/4937 9236/1/4937
f 9230/1/4937 9231/1/4937 9238/1/4937 9237/1/4937
f 9231/1/4937 9232/1/4937 9239/1/4937 9238/1/4937
f 9232/1/4937 9233/1/4937 9240/1/4937 9239/1/4937
f 9233/1/4937 9234/1/4937 9241/1/4937 9240/1/4937
f 9235/1/4937 9236/1/4937 9243/1/4937 9242/1/4937
f 9236/1/4937 9237/1/4937 9244/1/4937 9243/1/4937
f 9237/1/4937 9238/1/4937 9245/1/4937 9244/1/4937
f 9238/1/4937 9239/1/4937 9246/1/4937 9245/1/4937
f 9239/1/4937 9240/1/4937 9247/1/4937 9246/1/4937
f 9240/1/4937 9241/1/4937 9248/1/4937 9247/1/4937
f 9242/1/4937 9243/1/4937 9250/1/4937 9249/1/4937
f 9243/1/4937 9244/1/4937 9251/1/4937 9250/1/4937
f 9244/1/4937 9245/1/4937 9252/1/4937 9251/1/4937
f 9245/1/4937 9246/1/4937 9253/1/4937 9252/1/4937
f 9246/1/4937 9247/1/4937 9254/1/4937 9253/1/4937
f 9247/1/4937 9248/1/4937 9255/1/4937 9254/1/4937
f 9249/1/4937 9250/1/4937 9257/1/4937 9256/1/4937
f 9250/1/4937 9251/1/4937 9258/1/4937 9257/1/4937
f 9251/1/4937 9252/1/4937 9259/1/4937 9258/1/4937
f 9252/1/4937 9253/1/4937 9260/1/4937 9259/1/4937
f 9253/1/4937 9254/1/4937 9261/1/4937 9260/1/4937
f 9254/1/4937 9255/1/4937 9262/1/4937 9261/1/4937
f 9256/1/4937 9257/1/4937 9264/1/4937 9263/1/4937
f 9257/1/4937 9258/1/4937 9265/1/4937 9264/1/4937
f 9258/1/4937 9259/1/4937 9266/1/4937 9265/1/4937
f 9259/1/4937 9260/1/4937 9267/1/4937 9266/1/4937
f 9260/1/4937 9261/1/4937 9268/1/4937 9267/1/4937
f 9261/1/4937 9262/1/4937 9269/1/4937 9268/1/4937
f 9263/1/4937 9264/1/4937 9271/1/4937 9270/1/4937
f 9264/1/4937 9265/1/4937 9272/1/4937 9271/1/4937
f 9265/1/4937 9266/1/4937 9273/1/4937 9272/1/4937
f 9266/1/4937 9267/1/4937 9274/1/4937 9273/1/4937
f 9267/1/4937 9268/1/4937 9275/1/4937 9274/1/4937
f 9268/1/4937 9269/1/4937 9276/1/4937 9275/1/4937
f 145/1/4181 2341/1/4937 9228/1/4937 2012/1/4181
f 2341/1/4937 2340/1/4937 9229/1/4937 9228/1/4937
f 2340/1/4937 2339/1/4937 9230/1/4937 9229/1/4937
f 2339/1/4937 2338/1/4937 9231/1/4937 9230/1/4937
f 2338/1/4937 2337/1/4937 9232/1/4937 9231/1/4937
f 2337/1/4937 2336/1/4937 9233/1/4937 9232/1/4937
f 2336/1/4937 2335/1/4937 9234/1/4937 9233/1/4937
f 2335/1/4937 164/1/4937 2278/1/4937 9234/1/4937
f 9234/1/4937 2278/1/4937 2277/1/4937 9241/1/4937
f 9241/1/4937 2277/1/4937 2276/1/4937 9248/1/4937
f 9248/1/4937 2276/1/4937 2275/1/4937 9255/1/4937
f 9255/1/4937 2275/1/4937 2274/1/4937 9262/1/4937
f 9262/1/4937 2274/1/4937 2273/1/4937 9269/1/4937
f 9269/1/4937 2273/1/4937 2272/1/4937 9276/1/4937
f 9276/1/4937 2272/1/4937 171/1/4937 2334/1/4937
f 9275/1/4937 9276/1/4937 2334/1/4937 2333/1/4937
f 9274/1/4937 9275/1/4937 2333/1/4937 2332/1/4937
f 9273/1/4937 9274/1/4937 2332/1/4937 2331/1/4937
f 9272/1/4937 9273/1/4937 2331/1/4937 2330/1/4937
f 9271/1/4937 9272/1/4937 2330/1/4937 2329/1/4937
f 9270/1/4937 9271/1/4937 2329/1/4937 2328/1/4937
f 2006/1/4181 9270/1/4937 2328/1/4937 152/1/4181
f 2007/1/4181 9263/1/4937 9270/1/4937 2006/1/4181
f 2008/1/4181 9256/1/4937 9263/1/4937 2007/1/4181
f 2009/1/4181 9249/1/4937 9256/1/4937 2008/1/4181
f 2010/1/4181 9242/1/4937 9249/1/4937 2009/1/4181
f 2011/1/4181 9235/1/4937 9242/1/4937 2010/1/4181
f 2012/1/4181 9228/1/4937 9235/1/4937 2011/1/4181
f 9277/1/4937 9278/1/4937 9285/1/4937 9284/1/4937
f 9278/1/4937 9279/1/4937 9286/1/4937 9285/1/4937
f 9279/1/4937 9280/1/4937 9287/1/4937 9286/1/4937
f 9280/1/4937 9281/1/4937 9288/1/4937 9287/1/4937
f 9281/1/4937 9282/1/4937 9289/1/4937 9288/1/4937
f 9282/1/4937 9283/1/4937 9290/1/4937 9289/1/4937
f 9284/1/4937 9285/1/4937 9292/1/4937 9291/1/4937
f 9285/1/4937 9286/1/4937 9293/1/4937 9292/1/4937
f 9286/1/4937 9287/1/4937 9294/1/4937 9293/1/4937
f 9287/1/4937 9288/1/4937 9295/1/4937 9294/1/4937
f 9288/1/4937 9289/1/4937 9296/1/4937 9295/1/4937
f 9289/1/4937 9290/1/4937 9297/1/4937 9296/1/4937
f 9291/1/4937 9292/1/4937 9299/1/4937 9298/1/4937
f 9292/1/4937 9293/1/4937 9300/1/4937 9299/1/4937
f 9293/1/4937 9294/1/4937 9301/1/4937 9300/1/4937
f 9294/1/4937 9295/1/4937 9302/1/4937 9301/1/4937
f 9295/1/4937 9296/1/4937 9303/1/4937 9302/1/4937
f 9296/1/4937 9297/1/4937 9304/1/4937 9303/1/4937
f 9298/1/4937 9299/1/4937 9306/1/4937 9305/1/4937
f 9299/1/4937 9300/1/4937 9307/1/4937 9306/1/4937
f 9300/1/4937 9301/1/4937 9308/1/4937 9307/1/4937
f 9301/1/4937 9302/1/4937 9309/1/4937 9308/1/4937
f 9302/1/4937 9303/1/4937 9310/1/4937 9309/1/4937
f 9303/1/4937 9304/1/4937 9311/1/4937 9310/1/4937
f 9305/1/4937 9306/1/4937 9313/1/4937 9312/1/4937
f 9306/1/4937 9307/1/4937 9314/1/4937 9313/1/4937
f 9307/1/4937 9308/1/4937 9315/1/4937 9314/1/4937
f 9308/1/4937 9309/1/4937 9316/1/4937 9315/1/4937
f 9309/1/4937 9310/1/4937 9317/1/4937 9316/1/4937
f 9310/1/4937 9311/1/4937 9318/1/4937 9317/1/4937
f 9312/1/4937 9313/1/4937 9320/1/4937 9319/1/4937
f 9313/1/4937 9314/1/4937 9321/1/4937 9320/1/4937
f 9314/1/4937 9315/1/4937 9322/1/4937 9321/1/4937
f 9315/1/4937 9316/1/4937 9323/1/4937 9322/1/4937
f 9316/1/4937 9317/1/4937 9324/1/4937 9323/1/4937
f 9317/1/4937 9318/1/4937 9325/1/4937 9324/1/4937
f 144/1/3945 2355/1/4937 9277/1/4937 1957/1/3945
f 2355/1/4937 2354/1/4937 9278/1/4937 9277/1/4937
f 2354/1/4937 2353/1/4937 9279/1/4937 9278/1/4937
f 2353/1/4937 2352/1/4937 9280/1/4937 9279/1/4937
f 2352/1/4937 2351/1/4937 9281/1/4937 9280/1/4937
f 2351/1/4937 2350/1/4937 9282/1/4937 9281/1/4937
f 2350/1/4937 2349/1/4937 9283/1/4937 9282/1/4937
f 2349/1/4937 163/1/4937 2223/1/4937 9283/1/4937
f 9283/1/4937 2223/1/4937 2224/1/4937 9290/1/4937
f 9290/1/4937 2224/1/4937 2225/1/4937 9297/1/4937
f 9297/1/4937 2225/1/4937 2226/1/4937 9304/1/4937
f 9304/1/4937 2226/1/4937 2227/1/4937 9311/1/4937
f 9311/1/4937 2227/1/4937 2228/1/4937 9318/1/4937
f 9318/1/4937 2228/1/4937 2229/1/4937 9325/1/4937
f 9325/1/4937 2229/1/4937 165/1/4937 2348/1/4937
f 9324/1/4937 9325/1/4937 2348/1/4937 2347/1/4937
f 9323/1/4937 9324/1/4937 2347/1/4937 2346/1/4937
f 9322/1/4937 9323/1/4937 2346/1/4937 2345/1/4937
f 9321/1/4937 9322/1/4937 2345/1/4937 2344/1/4937
f 9320/1/4937 9321/1/4937 2344/1/4937 2343/1/4937
f 9319/1/4937 9320/1/4937 2343/1/4937 2342/1/4937
f 1963/1/4390 9319/1/4937 2342/1/4937 146/1/4391
f 1962/1/4390 9312/1/4937 9319/1/4937 1963/1/4390
f 1961/1/3944 9305/1/4937 9312/1/4937 1962/1/4390
f 1960/1/3944 9298/1/4937 9305/1/4937 1961/1/3944
f 1959/1/3944 9291/1/4937 9298/1/4937 1960/1/3944
f 1958/1/3945 9284/1/4937 9291/1/4937 1959/1/3944
f 1957/1/3945 9277/1/4937 9284/1/4937 1958/1/3945
f 9326/1/4937 9327/1/4937 9334/1/4937 9333/1/4937
f 9327/1/4937 9328/1/4937 9335/1/4937 9334/1/4937
f 9328/1/4937 9329/1/4937 9336/1/4937 9335/1/4937
f 9329/1/4937 9330/1/4937 9337/1/4937 9336/1/4937
f 9330/1/4937 9331/1/4937 9338/1/4937 9337/1/4937
f 9331/1/4937 9332/1/4937 9339/1/4937 9338/1/4937
f 9333/1/4937 9334/1/4937 9341/1/4937 9340/1/4937
f 9334/1/4937 9335/1/4937 9342/1/4937 9341/1/4937
f 9335/1/4937 9336/1/4937 9343/1/4937 9342/1/4937
f 9336/1/4937 9337/1/4937 9344/1/4937 9343/1/4937
f 9337/1/4937 9338/1/4937 9345/1/4937 9344/1/4937
f 9338/1/4937 9339/1/4937 9346/1/4937 9345/1/4937
f 9340/1/4937 9341/1/4937 9348/1/4937 9347/1/4937
f 9341/1/4937 9342/1/4937 9349/1/4937 9348/1/4937
f 9342/1/4937 9343/1/4937 9350/1/4937 9349/1/4937
f 9343/1/4937 9344/1/4937 9351/1/4937 9350/1/4937
f 9344/1/4937 9345/1/4937 9352/1/4937 9351/1/4937
f 9345/1/4937 9346/1/4937 9353/1/4937 9352/1/4937
f 9347/1/4937 9348/1/4937 9355/1/4937 9354/1/4937
f 9348/1/4937 9349/1/4937 9356/1/4937 9355/1/4937
f 9349/1/4937 9350/1/4937 9357/1/4937 9356/1/4937
f 9350/1/4937 9351/1/4937 9358/1/4937 9357/1/4937
f 9351/1/4937 9352/1/4937 9359/1/4937 9358/1/4937
f 9352/1/4937 9353/1/4937 9360/1/4937 9359/1/4937
f 9354/1/4937 9355/1/4937 9362/1/4937 9361/1/4937
f 9355/1/4937 9356/1/4937 9363/1/4937 9362/1/4937
f 9356/1/4937 9357/1/4937 9364/1/4937 9363/1/4937
f 9357/1/4937 9358/1/4937 9365/1/4937 9364/1/4937
f 9358/1/4937 9359/1/4937 9366/1/4937 9365/1/4937
f 9359/1/4937 9360/1/4937 9367/1/4937 9366/1/4937
f 9361/1/4937 9362/1/4937 9369/1/4937 9368/1/4937
f 9362/1/4937 9363/1/4937 9370/1/4937 9369/1/4937
f 9363/1/4937 9364/1/4937 9371/1/4937 9370/1/4937
f 9364/1/4937 9365/1/4937 9372/1/4937 9371/1/4937
f 9365/1/4937 9366/1/4937 9373/1/4937 9372/1/4937
f 9366/1/4937 9367/1/4937 9374/1/4937 9373/1/4937
f 136/1/4247 2314/1/4937 9326/1/4937 1908/1/4247
f 2314/1/4937 2315/1/4937 9327/1/4937 9326/1/4937
f 2315/1/4937 2316/1/4937 9328/1/4937 9327/1/4937
f 2316/1/4937 2317/1/4937 9329/1/4937 9328/1/4937
f 2317/1/4937 2318/1/4937 9330/1/4937 9329/1/4937
f 2318/1/4937 2319/1/4937 9331/1/4937 9330/1/4937
f 2319/1/4937 2320/1/4937 9332/1/4937 9331/1/4937
f 2320/1/4937 155/1/4937 2174/1/4937 9332/1/4937
f 9332/1/4937 2174/1/4937 2175/1/4937 9339/1/4937
f 9339/1/4937 2175/1/4937 2176/1/4937 9346/1/4937
f 9346/1/4937 2176/1/4937 2177/1/4937 9353/1/4937
f 9353/1/4937 2177/1/4937 2178/1/4937 9360/1/4937
f 9360/1/4937 2178/1/4937 2179/1/4937 9367/1/4937
f 9367/1/4937 2179/1/4937 2180/1/4937 9374/1/4937
f 9374/1/4937 2180/1/4937 156/1/4937 2362/1/4937
f 9373/1/4937 9374/1/4937 2362/1/4937 2361/1/4937
f 9372/1/4937 9373/1/4937 2361/1/4937 2360/1/4937
f 9371/1/4937 9372/1/4937 2360/1/4937 2359/1/4937
f 9370/1/4937 9371/1/4937 2359/1/4937 2358/1/4937
f 9369/1/4937 9370/1/4937 2358/1/4937 2357/1/4937
f 9368/1/4937 9369/1/4937 2357/1/4937 2356/1/4937
f 1914/1/4449 9368/1/4937 2356/1/4937 137/1/4449
f 1913/1/4448 9361/1/4937 9368/1/4937 1914/1/4449
f 1912/1/4448 9354/1/4937 9361/1/4937 1913/1/4448
f 1911/1/4448 9347/1/4937 9354/1/4937 1912/1/4448
f 1910/1/4448 9340/1/4937 9347/1/4937 1911/1/4448
f 1909/1/4448 9333/1/4937 9340/1/4937 1910/1/4448
f 1908/1/4247 9326/1/4937 9333/1/4937 1909/1/4448
f 9375/1/4937 9376/1/4937 9383/1/4937 9382/1/4937
f 9376/1/4937 9377/1/4937 9384/1/4937 9383/1/4937
f 9377/1/4937 9378/1/4937 9385/1/4937 9384/1/4937
f 9378/1/4937 9379/1/4937 9386/1/4937 9385/1/4937
f 9379/1/4937 9380/1/4937 9387/1/4937 9386/1/4937
f 9380/1/4937 9381/1/4938 9388/1/4939 9387/1/4937
f 9382/1/4937 9383/1/4937 9390/1/4937 9389/1/4937
f 9383/1/4937 9384/1/4937 9391/1/4937 9390/1/4937
f 9384/1/4937 9385/1/4937 9392/1/4937 9391/1/4937
f 9385/1/4937 9386/1/4937 9393/1/4937 9392/1/4937
f 9386/1/4937 9387/1/4937 9394/1/4937 9393/1/4937
f 9387/1/4937 9388/1/4939 9395/1/4937 9394/1/4937
f 9389/1/4937 9390/1/4937 9397/1/4937 9396/1/4937
f 9390/1/4937 9391/1/4937 9398/1/4937 9397/1/4937
f 9391/1/4937 9392/1/4937 9399/1/4937 9398/1/4937
f 9392/1/4937 9393/1/4937 9400/1/4937 9399/1/4937
f 9393/1/4937 9394/1/4937 9401/1/4937 9400/1/4937
f 9394/1/4937 9395/1/4937 9402/1/4937 9401/1/4937
f 9396/1/4937 9397/1/4937 9404/1/4937 9403/1/4937
f 9397/1/4937 9398/1/4937 9405/1/4937 9404/1/4937
f 9398/1/4937 9399/1/4937 9406/1/4937 9405/1/4937
f 9399/1/4937 9400/1/4937 9407/1/4937 9406/1/4937
f 9400/1/4937 9401/1/4937 9408/1/4937 9407/1/4937
f 9401/1/4937 9402/1/4937 9409/1/4940 9408/1/4937
f 9403/1/4937 9404/1/4937 9411/1/4937 9410/1/4937
f 9404/1/4937 9405/1/4937 9412/1/4937 9411/1/4937
f 9405/1/4937 9406/1/4937 9413/1/4937 9412/1/4937
f 9406/1/4937 9407/1/4937 9414/1/4937 9413/1/4937
f 9407/1/4937 9408/1/4937 9415/1/4937 9414/1/4937
f 9408/1/4937 9409/1/4940 9416/1/4937 9415/1/4937
f 9410/1/4937 9411/1/4937 9418/1/4937 9417/1/4937
f 9411/1/4937 9412/1/4937 9419/1/4937 9418/1/4937
f 9412/1/4937 9413/1/4937 9420/1/4937 9419/1/4937
f 9413/1/4937 9414/1/4937 9421/1/4937 9420/1/4937
f 9414/1/4937 9415/1/4937 9422/1/4937 9421/1/4937
f 9415/1/4937 9416/1/4937 9423/1/4937 9422/1/4937
f 150/1/4183 2376/1/4937 9375/1/4937 2019/1/4183
f 2376/1/4937 2375/1/4937 9376/1/4937 9375/1/4937
f 2375/1/4937 2374/1/4937 9377/1/4937 9376/1/4937
f 2374/1/4937 2373/1/4937 9378/1/4937 9377/1/4937
f 2373/1/4937 2372/1/4937 9379/1/4937 9378/1/4937
f 2372/1/4937 2371/1/4937 9380/1/4937 9379/1/4937
f 2371/1/4937 2370/1/4937 9381/1/4938 9380/1/4937
f 2370/1/4937 169/1/4940 2285/1/4937 9381/1/4938
f 9381/1/4938 2285/1/4937 2284/1/4939 9388/1/4939
f 9388/1/4939 2284/1/4939 2283/1/4937 9395/1/4937
f 9395/1/4937 2283/1/4937 2282/1/4937 9402/1/4937
f 9402/1/4937 2282/1/4937 2281/1/4937 9409/1/4940
f 9409/1/4940 2281/1/4937 2280/1/4940 9416/1/4937
f 9416/1/4937 2280/1/4940 2279/1/4937 9423/1/4937
f 9423/1/4937 2279/1/4937 168/1/4940 2369/1/4937
f 9422/1/4937 9423/1/4937 2369/1/4937 2368/1/4937
f 9421/1/4937 9422/1/4937 2368/1/4937 2367/1/4937
f 9420/1/4937 9421/1/4937 2367/1/4937 2366/1/4937
f 9419/1/4937 9420/1/4937 2366/1/4937 2365/1/4937
f 9418/1/4937 9419/1/4937 2365/1/4937 2364/1/4937
f 9417/1/4937 9418/1/4937 2364/1/4937 2363/1/4937
f 2013/1/4344 9417/1/4937 2363/1/4937 149/1/4344
f 2014/1/4789 9410/1/4937 9417/1/4937 2013/1/4344
f 2015/1/4788 9403/1/4937 9410/1/4937 2014/1/4789
f 2016/1/4787 9396/1/4937 9403/1/4937 2015/1/4788
f 2017/1/4786 9389/1/4937 9396/1/4937 2016/1/4787
f 2018/1/4785 9382/1/4937 9389/1/4937 2017/1/4786
f 2019/1/4183 9375/1/4937 9382/1/4937 2018/1/4785
f 9424/1/4937 9425/1/4937 9432/1/4937 9431/1/4937
f 9425/1/4937 9426/1/4937 9433/1/4937 9432/1/4937
f 9426/1/4937 9427/1/4937 9434/1/4937 9433/1/4937
f 9427/1/4937 9428/1/4937 9435/1/4937 9434/1/4937
f 9428/1/4937 9429/1/4937 9436/1/4937 9435/1/4937
f 9429/1/4937 9430/1/4937 9437/1/4937 9436/1/4937
f 9431/1/4937 9432/1/4937 9439/1/4937 9438/1/4937
f 9432/1/4937 9433/1/4937 9440/1/4937 9439/1/4937
f 9433/1/4937 9434/1/4937 9441/1/4937 9440/1/4937
f 9434/1/4937 9435/1/4937 9442/1/4937 9441/1/4937
f 9435/1/4937 9436/1/4937 9443/1/4937 9442/1/4937
f 9436/1/4937 9437/1/4937 9444/1/4937 9443/1/4937
f 9438/1/4937 9439/1/4937 9446/1/4937 9445/1/4937
f 9439/1/4937 9440/1/4937 9447/1/4937 9446/1/4937
f 9440/1/4937 9441/1/4937 9448/1/4937 9447/1/4937
f 9441/1/4937 9442/1/4937 9449/1/4937 9448/1/4937
f 9442/1/4937 9443/1/4937 9450/1/4937 9449/1/4937
f 9443/1/4937 9444/1/4937 9451/1/4937 9450/1/4937
f 9445/1/4937 9446/1/4937 9453/1/4937 9452/1/4937
f 9446/1/4937 9447/1/4937 9454/1/4937 9453/1/4937
f 9447/1/4937 9448/1/4937 9455/1/4937 9454/1/4937
f 9448/1/4937 9449/1/4937 9456/1/4937 9455/1/4937
f 9449/1/4937 9450/1/4937 9457/1/4937 9456/1/4937
f 9450/1/4937 9451/1/4937 9458/1/4937 9457/1/4937
f 9452/1/4937 9453/1/4937 9460/1/4937 9459/1/4937
f 9453/1/4937 9454/1/4937 9461/1/4937 9460/1/4937
f 9454/1/4937 9455/1/4937 9462/1/4937 9461/1/4937
f 9455/1/4937 9456/1/4937 9463/1/4937 9462/1/4937
f 9456/1/4937 9457/1/4937 9464/1/4937 9463/1/4937
f 9457/1/4937 9458/1/4937 9465/1/4937 9464/1/4937
f 9459/1/4937 9460/1/4937 9467/1/4937 9466/1/4937
f 9460/1/4937 9461/1/4937 9468/1/4937 9467/1/4937
f 9461/1/4937 9462/1/4937 9469/1/4937 9468/1/4937
f 9462/1/4937 9463/1/4937 9470/1/4937 9469/1/4937
f 9463/1/4937 9464/1/4937 9471/1/4937 9470/1/4937
f 9464/1/4937 9465/1/4937 9472/1/4937 9471/1/4937
f 146/1/4391 2342/1/4937 9424/1/4937 1964/1/4506
f 2342/1/4937 2343/1/4937 9425/1/4937 9424/1/4937
f 2343/1/4937 2344/1/4937 9426/1/4937 9425/1/4937
f 2344/1/4937 2345/1/4937 9427/1/4937 9426/1/4937
f 2345/1/4937 2346/1/4937 9428/1/4937 9427/1/4937
f 2346/1/4937 2347/1/4937 9429/1/4937 9428/1/4937
f 2347/1/4937 2348/1/4937 9430/1/4937 9429/1/4937
f 2348/1/4937 165/1/4937 2230/1/4937 9430/1/4937
f 9430/1/4937 2230/1/4937 2231/1/4937 9437/1/4937
f 9437/1/4937 2231/1/4937 2232/1/4937 9444/1/4937
f 9444/1/4937 2232/1/4937 2233/1/4937 9451/1/4937
f 9451/1/4937 2233/1/4937 2234/1/4937 9458/1/4937
f 9458/1/4937 2234/1/4937 2235/1/4937 9465/1/4937
f 9465/1/4937 2235/1/4937 2236/1/4937 9472/1/4937
f 9472/1/4937 2236/1/4937 166/1/4937 2383/1/4937
f 9471/1/4937 9472/1/4937 2383/1/4937 2382/1/4937
f 9470/1/4937 9471/1/4937 2382/1/4937 2381/1/4937
f 9469/1/4937 9470/1/4937 2381/1/4937 2380/1/4937
f 9468/1/4937 9469/1/4937 2380/1/4937 2379/1/4937
f 9467/1/4937 9468/1/4937 2379/1/4937 2378/1/4937
f 9466/1/4937 9467/1/4937 2378/1/4937 2377/1/4937
f 1970/1/4509 9466/1/4937 2377/1/4937 147/1/4509
f 1969/1/4508 9459/1/4937 9466/1/4937 1970/1/4509
f 1968/1/4507 9452/1/4937 9459/1/4937 1969/1/4508
f 1967/1/4507 9445/1/4937 9452/1/4937 1968/1/4507
f 1966/1/4507 9438/1/4937 9445/1/4937 1967/1/4507
f 1965/1/4506 9431/1/4937 9438/1/4937 1966/1/4507
f 1964/1/4506 9424/1/4937 9431/1/4937 1965/1/4506
f 9473/1/4937 9474/1/4937 9481/1/4937 9480/1/4937
f 9474/1/4937 9475/1/4937 9482/1/4937 9481/1/4937
f 9475/1/4937 9476/1/4937 9483/1/4937 9482/1/4937
f 9476/1/4937 9477/1/4937 9484/1/4937 9483/1/4937
f 9477/1/4937 9478/1/4937 9485/1/4937 9484/1/4937
f 9478/1/4937 9479/1/4937 9486/1/4937 9485/1/4937
f 9480/1/4937 9481/1/4937 9488/1/4937 9487/1/4937
f 9481/1/4937 9482/1/4937 9489/1/4937 9488/1/4937
f 9482/1/4937 9483/1/4937 9490/1/4937 9489/1/4937
f 9483/1/4937 9484/1/4937 9491/1/4937 9490/1/4937
f 9484/1/4937 9485/1/4937 9492/1/4937 9491/1/4937
f 9485/1/4937 9486/1/4937 9493/1/4937 9492/1/4937
f 9487/1/4937 9488/1/4937 9495/1/4937 9494/1/4937
f 9488/1/4937 9489/1/4937 9496/1/4937 9495/1/4937
f 9489/1/4937 9490/1/4937 9497/1/4937 9496/1/4937
f 9490/1/4937 9491/1/4937 9498/1/4937 9497/1/4937
f 9491/1/4937 9492/1/4937 9499/1/4937 9498/1/4937
f 9492/1/4937 9493/1/4937 9500/1/4937 9499/1/4937
f 9494/1/4937 9495/1/4937 9502/1/4937 9501/1/4937
f 9495/1/4937 9496/1/4937 9503/1/4937 9502/1/4937
f 9496/1/4937 9497/1/4937 9504/1/4937 9503/1/4937
f 9497/1/4937 9498/1/4937 9505/1/4937 9504/1/4937
f 9498/1/4937 9499/1/4937 9506/1/4937 9505/1/4937
f 9499/1/4937 9500/1/4937 9507/1/4937 9506/1/4937
f 9501/1/4937 9502/1/4937 9509/1/4937 9508/1/4937
f 9502/1/4937 9503/1/4937 9510/1/4937 9509/1/4937
f 9503/1/4937 9504/1/4937 9511/1/4937 9510/1/4937
f 9504/1/4937 9505/1/4937 9512/1/4937 9511/1/4937
f 9505/1/4937 9506/1/4937 9513/1/4937 9512/1/4937
f 9506/1/4937 9507/1/4937 9514/1/4937 9513/1/4937
f 9508/1/4937 9509/1/4937 9516/1/4937 9515/1/4937
f 9509/1/4937 9510/1/4937 9517/1/4937 9516/1/4937
f 9510/1/4937 9511/1/4937 9518/1/4937 9517/1/4937
f 9511/1/4937 9512/1/4937 9519/1/4937 9518/1/4937
f 9512/1/4937 9513/1/4937 9520/1/4937 9519/1/4937
f 9513/1/4937 9514/1/4937 9521/1/4937 9520/1/4937
f 137/1/4449 2356/1/4937 9473/1/4937 1915/1/4449
f 2356/1/4937 2357/1/4937 9474/1/4937 9473/1/4937
f 2357/1/4937 2358/1/4937 9475/1/4937 9474/1/4937
f 2358/1/4937 2359/1/4937 9476/1/4937 9475/1/4937
f 2359/1/4937 2360/1/4937 9477/1/4937 9476/1/4937
f 2360/1/4937 2361/1/4937 9478/1/4937 9477/1/4937
f 2361/1/4937 2362/1/4937 9479/1/4937 9478/1/4937
f 2362/1/4937 156/1/4937 2181/1/4937 9479/1/4937
f 9479/1/4937 2181/1/4937 2182/1/4937 9486/1/4937
f 9486/1/4937 2182/1/4937 2183/1/4937 9493/1/4937
f 9493/1/4937 2183/1/4937 2184/1/4937 9500/1/4937
f 9500/1/4937 2184/1/4937 2185/1/4937 9507/1/4937
f 9507/1/4937 2185/1/4937 2186/1/4937 9514/1/4937
f 9514/1/4937 2186/1/4937 2187/1/4937 9521/1/4937
f 9521/1/4937 2187/1/4937 157/1/4937 2390/1/4937
f 9520/1/4937 9521/1/4937 2390/1/4937 2389/1/4937
f 9519/1/4937 9520/1/4937 2389/1/4937 2388/1/4937
f 9518/1/4937 9519/1/4937 2388/1/4937 2387/1/4937
f 9517/1/4937 9518/1/4937 2387/1/4937 2386/1/4937
f 9516/1/4937 9517/1/4937 2386/1/4937 2385/1/4937
f 9515/1/4937 9516/1/4937 2385/1/4937 2384/1/4937
f 1921/1/4567 9515/1/4937 2384/1/4937 138/1/4567
f 1920/1/4566 9508/1/4937 9515/1/4937 1921/1/4567
f 1919/1/4566 9501/1/4937 9508/1/4937 1920/1/4566
f 1918/1/4566 9494/1/4937 9501/1/4937 1919/1/4566
f 1917/1/4566 9487/1/4937 9494/1/4937 1918/1/4566
f 1916/1/4566 9480/1/4937 9487/1/4937 1917/1/4566
f 1915/1/4449 9473/1/4937 9480/1/4937 1916/1/4566
f 9522/1/4937 9523/1/4937 9530/1/4937 9529/1/4937
f 9523/1/4937 9524/1/4937 9531/1/4937 9530/1/4937
f 9524/1/4937 9525/1/4937 9532/1/4937 9531/1/4937
f 9525/1/4937 9526/1/4937 9533/1/4937 9532/1/4937
f 9526/1/4937 9527/1/4937 9534/1/4937 9533/1/4937
f 9527/1/4937 9528/1/4940 9535/1/4937 9534/1/4937
f 9529/1/4937 9530/1/4937 9537/1/4937 9536/1/4937
f 9530/1/4937 9531/1/4937 9538/1/4937 9537/1/4937
f 9531/1/4937 9532/1/4937 9539/1/4937 9538/1/4937
f 9532/1/4937 9533/1/4937 9540/1/4937 9539/1/4937
f 9533/1/4937 9534/1/4937 9541/1/4937 9540/1/4937
f 9534/1/4937 9535/1/4937 9542/1/4937 9541/1/4937
f 9536/1/4937 9537/1/4937 9544/1/4937 9543/1/4937
f 9537/1/4937 9538/1/4937 9545/1/4937 9544/1/4937
f 9538/1/4937 9539/1/4937 9546/1/4937 9545/1/4937
f 9539/1/4937 9540/1/4937 9547/1/4937 9546/1/4937
f 9540/1/4937 9541/1/4937 9548/1/4937 9547/1/4937
f 9541/1/4937 9542/1/4937 9549/1/4937 9548/1/4937
f 9543/1/4937 9544/1/4937 9551/1/4937 9550/1/4937
f 9544/1/4937 9545/1/4937 9552/1/4937 9551/1/4937
f 9545/1/4937 9546/1/4937 9553/1/4937 9552/1/4937
f 9546/1/4937 9547/1/4937 9554/1/4937 9553/1/4937
f 9547/1/4937 9548/1/4937 9555/1/4937 9554/1/4937
f 9548/1/4937 9549/1/4937 9556/1/4937 9555/1/4937
f 9550/1/4937 9551/1/4937 9558/1/4937 9557/1/4937
f 9551/1/4937 9552/1/4937 9559/1/4937 9558/1/4937
f 9552/1/4937 9553/1/4937 9560/1/4937 9559/1/4937
f 9553/1/4937 9554/1/4937 9561/1/4937 9560/1/4937
f 9554/1/4937 9555/1/4937 9562/1/4937 9561/1/4937
f 9555/1/4937 9556/1/4937 9563/1/4937 9562/1/4937
f 9557/1/4937 9558/1/4937 9565/1/4937 9564/1/4937
f 9558/1/4937 9559/1/4937 9566/1/4937 9565/1/4937
f 9559/1/4937 9560/1/4937 9567/1/4937 9566/1/4937
f 9560/1/4937 9561/1/4937 9568/1/4937 9567/1/4937
f 9561/1/4937 9562/1/4937 9569/1/4937 9568/1/4937
f 9562/1/4937 9563/1/4937 9570/1/4937 9569/1/4937
f 149/1/4344 2363/1/4937 9522/1/4937 2020/1/4126
f 2363/1/4937 2364/1/4937 9523/1/4937 9522/1/4937
f 2364/1/4937 2365/1/4937 9524/1/4937 9523/1/4937
f 2365/1/4937 2366/1/4937 9525/1/4937 9524/1/4937
f 2366/1/4937 2367/1/4937 9526/1/4937 9525/1/4937
f 2367/1/4937 2368/1/4937 9527/1/4937 9526/1/4937
f 2368/1/4937 2369/1/4937 9528/1/4940 9527/1/4937
f 2369/1/4937 168/1/4940 2286/1/4937 9528/1/4940
f 9528/1/4940 2286/1/4937 2287/1/4937 9535/1/4937
f 9535/1/4937 2287/1/4937 2288/1/4937 9542/1/4937
f 9542/1/4937 2288/1/4937 2289/1/4937 9549/1/4937
f 9549/1/4937 2289/1/4937 2290/1/4937 9556/1/4937
f 9556/1/4937 2290/1/4937 2291/1/4937 9563/1/4937
f 9563/1/4937 2291/1/4937 2292/1/4937 9570/1/4937
f 9570/1/4937 2292/1/4937 170/1/4937 2397/1/4937
f 9569/1/4937 9570/1/4937 2397/1/4937 2396/1/4937
f 9568/1/4937 9569/1/4937 2396/1/4937 2395/1/4937
f 9567/1/4937 9568/1/4937 2395/1/4937 2394/1/4937
f 9566/1/4937 9567/1/4937 2394/1/4937 2393/1/4937
f 9565/1/4937 9566/1/4937 2393/1/4937 2392/1/4937
f 9564/1/4937 9565/1/4937 2392/1/4937 2391/1/4937
f 2026/1/4069 9564/1/4937 2391/1/4937 151/1/4069
f 2025/1/4069 9557/1/4937 9564/1/4937 2026/1/4069
f 2024/1/4069 9550/1/4937 9557/1/4937 2025/1/4069
f 2023/1/4069 9543/1/4937 9550/1/4937 2024/1/4069
f 2022/1/4069 9536/1/4937 9543/1/4937 2023/1/4069
f 2021/1/4069 9529/1/4937 9536/1/4937 2022/1/4069
f 2020/1/4126 9522/1/4937 9529/1/4937 2021/1/4069
f 9571/1/4937 9572/1/4937 9579/1/4937 9578/1/4937
f 9572/1/4937 9573/1/4937 9580/1/4937 9579/1/4937
f 9573/1/4937 9574/1/4937 9581/1/4937 9580/1/4937
f 9574/1/4937 9575/1/4937 9582/1/4937 9581/1/4937
f 9575/1/4937 9576/1/4937 9583/1/4937 9582/1/4937
f 9576/1/4937 9577/1/4937 9584/1/4937 9583/1/4937
f 9578/1/4937 9579/1/4937 9586/1/4937 9585/1/4937
f 9579/1/4937 9580/1/4937 9587/1/4937 9586/1/4937
f 9580/1/4937 9581/1/4937 9588/1/4937 9587/1/4937
f 9581/1/4937 9582/1/4937 9589/1/4937 9588/1/4937
f 9582/1/4937 9583/1/4937 9590/1/4937 9589/1/4937
f 9583/1/4937 9584/1/4937 9591/1/4937 9590/1/4937
f 9585/1/4937 9586/1/4937 9593/1/4937 9592/1/4937
f 9586/1/4937 9587/1/4937 9594/1/4937 9593/1/4937
f 9587/1/4937 9588/1/4937 9595/1/4937 9594/1/4937
f 9588/1/4937 9589/1/4937 9596/1/4937 9595/1/4937
f 9589/1/4937 9590/1/4937 9597/1/4937 9596/1/4937
f 9590/1/4937 9591/1/4937 9598/1/4937 9597/1/4937
f 9592/1/4937 9593/1/4937 9600/1/4937 9599/1/4937
f 9593/1/4937 9594/1/4937 9601/1/4937 9600/1/4937
f 9594/1/4937 9595/1/4937 9602/1/4937 9601/1/4937
f 9595/1/4937 9596/1/4937 9603/1/4937 9602/1/4937
f 9596/1/4937 9597/1/4937 9604/1/4937 9603/1/4937
f 9597/1/4937 9598/1/4937 9605/1/4937 9604/1/4937
f 9599/1/4937 9600/1/4937 9607/1/4937 9606/1/4937
f 9600/1/4937 9601/1/4937 9608/1/4937 9607/1/4937
f 9601/1/4937 9602/1/4937 9609/1/4937 9608/1/4937
f 9602/1/4937 9603/1/4937 9610/1/4937 9609/1/4937
f 9603/1/4937 9604/1/4937 9611/1/4937 9610/1/4937
f 9604/1/4937 9605/1/4937 9612/1/4937 9611/1/4937
f 9606/1/4937 9607/1/4937 9614/1/4937 9613/1/4937
f 9607/1/4937 9608/1/4937 9615/1/4937 9614/1/4937
f 9608/1/4937 9609/1/4937 9616/1/4937 9615/1/4937
f 9609/1/4937 9610/1/4937 9617/1/4937 9616/1/4937
f 9610/1/4937 9611/1/4937 9618/1/4937 9617/1/4937
f 9611/1/4937 9612/1/4937 9619/1/4937 9618/1/4937
f 147/1/4509 2377/1/4937 9571/1/4937 1971/1/4509
f 2377/1/4937 2378/1/4937 9572/1/4937 9571/1/4937
f 2378/1/4937 2379/1/4937 9573/1/4937 9572/1/4937
f 2379/1/4937 2380/1/4937 9574/1/4937 9573/1/4937
f 2380/1/4937 2381/1/4937 9575/1/4937 9574/1/4937
f 2381/1/4937 2382/1/4937 9576/1/4937 9575/1/4937
f 2382/1/4937 2383/1/4937 9577/1/4937 9576/1/4937
f 2383/1/4937 166/1/4937 2237/1/4937 9577/1/4937
f 9577/1/4937 2237/1/4937 2238/1/4937 9584/1/4937
f 9584/1/4937 2238/1/4937 2239/1/4937 9591/1/4937
f 9591/1/4937 2239/1/4937 2240/1/4937 9598/1/4937
f 9598/1/4937 2240/1/4937 2241/1/4937 9605/1/4937
f 9605/1/4937 2241/1/4937 2242/1/4937 9612/1/4937
f 9612/1/4937 2242/1/4937 2243/1/4937 9619/1/4937
f 9619/1/4937 2243/1/4937 167/1/4937 2404/1/4937
f 9618/1/4937 9619/1/4937 2404/1/4937 2403/1/4937
f 9617/1/4937 9618/1/4937 2403/1/4937 2402/1/4937
f 9616/1/4937 9617/1/4937 2402/1/4937 2401/1/4937
f 9615/1/4937 9616/1/4937 2401/1/4937 2400/1/4937
f 9614/1/4937 9615/1/4937 2400/1/4937 2399/1/4937
f 9613/1/4937 9614/1/4937 2399/1/4937 2398/1/4937
f 1977/1/4008 9613/1/4937 2398/1/4937 148/1/4007
f 1976/1/4009 9606/1/4937 9613/1/4937 1977/1/4008
f 1975/1/4626 9599/1/4937 9606/1/4937 1976/1/4009
f 1974/1/4626 9592/1/4937 9599/1/4937 1975/1/4626
f 1973/1/4625 9585/1/4937 9592/1/4937 1974/1/4626
f 1972/1/4624 9578/1/4937 9585/1/4937 1973/1/4625
f 1971/1/4509 9571/1/4937 9578/1/4937 1972/1/4624
f 9620/1/4937 9621/1/4937 9628/1/4937 9627/1/4937
f 9621/1/4937 9622/1/4937 9629/1/4937 9628/1/4937
f 9622/1/4937 9623/1/4937 9630/1/4937 9629/1/4937
f 9623/1/4937 9624/1/4937 9631/1/4937 9630/1/4937
f 9624/1/4937 9625/1/4937 9632/1/4937 9631/1/4937
f 9625/1/4937 9626/1/4937 9633/1/4937 9632/1/4937
f 9627/1/4937 9628/1/4937 9635/1/4937 9634/1/4937
f 9628/1/4937 9629/1/4937 9636/1/4937 9635/1/4937
f 9629/1/4937 9630/1/4937 9637/1/4937 9636/1/4937
f 9630/1/4937 9631/1/4937 9638/1/4937 9637/1/4937
f 9631/1/4937 9632/1/4937 9639/1/4937 9638/1/4937
f 9632/1/4937 9633/1/4937 9640/1/4937 9639/1/4937
f 9634/1/4937 9635/1/4937 9642/1/4937 9641/1/4937
f 9635/1/4937 9636/1/4937 9643/1/4937 9642/1/4937
f 9636/1/4937 9637/1/4937 9644/1/4937 9643/1/4937
f 9637/1/4937 9638/1/4937 9645/1/4937 9644/1/4937
f 9638/1/4937 9639/1/4937 9646/1/4937 9645/1/4937
f 9639/1/4937 9640/1/4937 9647/1/4937 9646/1/4937
f 9641/1/4937 9642/1/4937 9649/1/4937 9648/1/4937
f 9642/1/4937 9643/1/4937 9650/1/4937 9649/1/4937
f 9643/1/4937 9644/1/4937 9651/1/4937 9650/1/4937
f 9644/1/4937 9645/1/4937 9652/1/4937 9651/1/4937
f 9645/1/4937 9646/1/4937 9653/1/4937 9652/1/4937
f 9646/1/4937 9647/1/4937 9654/1/4937 9653/1/4937
f 9648/1/4937 9649/1/4937 9656/1/4937 9655/1/4937
f 9649/1/4937 9650/1/4937 9657/1/4937 9656/1/4937
f 9650/1/4937 9651/1/4937 9658/1/4937 9657/1/4937
f 9651/1/4937 9652/1/4937 9659/1/4937 9658/1/4937
f 9652/1/4937 9653/1/4937 9660/1/4937 9659/1/4937
f 9653/1/4937 9654/1/4937 9661/1/4937 9660/1/4937
f 9655/1/4937 9656/1/4937 9663/1/4937 9662/1/4937
f 9656/1/4937 9657/1/4937 9664/1/4937 9663/1/4937
f 9657/1/4937 9658/1/4937 9665/1/4937 9664/1/4937
f 9658/1/4937 9659/1/4937 9666/1/4937 9665/1/4937
f 9659/1/4937 9660/1/4937 9667/1/4937 9666/1/4937
f 9660/1/4937 9661/1/4937 9668/1/4937 9667/1/4937
f 138/1/4567 2384/1/4937 9620/1/4937 1922/1/4681
f 2384/1/4937 2385/1/4937 9621/1/4937 9620/1/4937
f 2385/1/4937 2386/1/4937 9622/1/4937 9621/1/4937
f 2386/1/4937 2387/1/4937 9623/1/4937 9622/1/4937
f 2387/1/4937 2388/1/4937 9624/1/4937 9623/1/4937
f 2388/1/4937 2389/1/4937 9625/1/4937 9624/1/4937
f 2389/1/4937 2390/1/4937 9626/1/4937 9625/1/4937
f 2390/1/4937 157/1/4937 2188/1/4937 9626/1/4937
f 9626/1/4937 2188/1/4937 2189/1/4937 9633/1/4937
f 9633/1/4937 2189/1/4937 2190/1/4937 9640/1/4937
f 9640/1/4937 2190/1/4937 2191/1/4937 9647/1/4937
f 9647/1/4937 2191/1/4937 2192/1/4937 9654/1/4937
f 9654/1/4937 2192/1/4937 2193/1/4937 9661/1/4937
f 9661/1/4937 2193/1/4937 2194/1/4937 9668/1/4937
f 9668/1/4937 2194/1/4937 154/1/4937 2411/1/4937
f 9667/1/4937 9668/1/4937 2411/1/4937 2410/1/4937
f 9666/1/4937 9667/1/4937 2410/1/4937 2409/1/4937
f 9665/1/4937 9666/1/4937 2409/1/4937 2408/1/4937
f 9664/1/4937 9665/1/4937 2408/1/4937 2407/1/4937
f 9663/1/4937 9664/1/4937 2407/1/4937 2406/1/4937
f 9662/1/4937 9663/1/4937 2406/1/4937 2405/1/4937
f 1928/1/3944 9662/1/4937 2405/1/4937 135/1/3944
f 1927/1/3944 9655/1/4937 9662/1/4937 1928/1/3944
f 1926/1/3944 9648/1/4937 9655/1/4937 1927/1/3944
f 1925/1/3944 9641/1/4937 9648/1/4937 1926/1/3944
f 1924/1/3944 9634/1/4937 9641/1/4937 1925/1/3944
f 1923/1/3944 9627/1/4937 9634/1/4937 1924/1/3944
f 1922/1/4681 9620/1/4937 9627/1/4937 1923/1/3944
f 9669/1/4937 9670/1/4937 9677/1/4937 9676/1/4937
f 9670/1/4937 9671/1/4937 9678/1/4937 9677/1/4937
f 9671/1/4937 9672/1/4937 9679/1/4937 9678/1/4937
f 9672/1/4937 9673/1/4937 9680/1/4937 9679/1/4937
f 9673/1/4937 9674/1/4937 9681/1/4937 9680/1/4937
f 9674/1/4937 9675/1/4937 9682/1/4937 9681/1/4937
f 9676/1/4937 9677/1/4937 9684/1/4937 9683/1/4937
f 9677/1/4937 9678/1/4937 9685/1/4937 9684/1/4937
f 9678/1/4937 9679/1/4937 9686/1/4937 9685/1/4937
f 9679/1/4937 9680/1/4937 9687/1/4937 9686/1/4937
f 9680/1/4937 9681/1/4937 9688/1/4937 9687/1/4937
f 9681/1/4937 9682/1/4937 9689/1/4937 9688/1/4937
f 9683/1/4937 9684/1/4937 9691/1/4937 9690/1/4937
f 9684/1/4937 9685/1/4937 9692/1/4937 9691/1/4937
f 9685/1/4937 9686/1/4937 9693/1/4937 9692/1/4937
f 9686/1/4937 9687/1/4937 9694/1/4937 9693/1/4937
f 9687/1/4937 9688/1/4937 9695/1/4937 9694/1/4937
f 9688/1/4937 9689/1/4937 9696/1/4937 9695/1/4937
f 9690/1/4937 9691/1/4937 9698/1/4937 9697/1/4937
f 9691/1/4937 9692/1/4937 9699/1/4937 9698/1/4937
f 9692/1/4937 9693/1/4937 9700/1/4937 9699/1/4937
f 9693/1/4937 9694/1/4937 9701/1/4937 9700/1/4937
f 9694/1/4937 9695/1/4937 9702/1/4937 9701/1/4937
f 9695/1/4937 9696/1/4937 9703/1/4937 9702/1/4937
f 9697/1/4937 9698/1/4937 9705/1/4937 9704/1/4937
f 9698/1/4937 9699/1/4937 9706/1/4937 9705/1/4937
f 9699/1/4937 9700/1/4937 9707/1/4937 9706/1/4937
f 9700/1/4937 9701/1/4937 9708/1/4937 9707/1/4937
f 9701/1/4937 9702/1/4937 9709/1/4937 9708/1/4937
f 9702/1/4937 9703/1/4937 9710/1/4937 9709/1/4937
f 9704/1/4937 9705/1/4937 9712/1/4937 9711/1/4937
f 9705/1/4937 9706/1/4937 9713/1/4937 9712/1/4937
f 9706/1/4937 9707/1/4937 9714/1/4937 9713/1/4937
f 9707/1/4937 9708/1/4937 9715/1/4937 9714/1/4937
f 9708/1/4937 9709/1/4937 9716/1/4937 9715/1/4937
f 9709/1/4937 9710/1/4937 9717/1/4937 9716/1/4937
f 152/1/4181 2328/1/4937 9669/1/4937 2033/1/4181
f 2328/1/4937 2329/1/4937 9670/1/4937 9669/1/4937
f 2329/1/4937 2330/1/4937 9671/1/4937 9670/1/4937
f 2330/1/4937 2331/1/4937 9672/1/4937 9671/1/4937
f 2331/1/4937 2332/1/4937 9673/1/4937 9672/1/4937
f 2332/1/4937 2333/1/4937 9674/1/4937 9673/1/4937
f 2333/1/4937 2334/1/4937 9675/1/4937 9674/1/4937
f 2334/1/4937 171/1/4937 2299/1/4937 9675/1/4937
f 9675/1/4937 2299/1/4937 2298/1/4937 9682/1/4937
f 9682/1/4937 2298/1/4937 2297/1/4937 9689/1/4937
f 9689/1/4937 2297/1/4937 2296/1/4937 9696/1/4937
f 9696/1/4937 2296/1/4937 2295/1/4937 9703/1/4937
f 9703/1/4937 2295/1/4937 2294/1/4937 9710/1/4937
f 9710/1/4937 2294/1/4937 2293/1/4940 9717/1/4937
f 9717/1/4937 2293/1/4940 169/1/4940 2370/1/4937
f 9716/1/4937 9717/1/4937 2370/1/4937 2371/1/4937
f 9715/1/4937 9716/1/4937 2371/1/4937 2372/1/4937
f 9714/1/4937 9715/1/4937 2372/1/4937 2373/1/4937
f 9713/1/4937 9714/1/4937 2373/1/4937 2374/1/4937
f 9712/1/4937 9713/1/4937 2374/1/4937 2375/1/4937
f 9711/1/4937 9712/1/4937 2375/1/4937 2376/1/4937
f 2027/1/4182 9711/1/4937 2376/1/4937 150/1/4183
f 2028/1/4181 9704/1/4937 9711/1/4937 2027/1/4182
f 2029/1/4181 9697/1/4937 9704/1/4937 2028/1/4181
f 2030/1/4181 9690/1/4937 9697/1/4937 2029/1/4181
f 2031/1/4181 9683/1/4937 9690/1/4937 2030/1/4181
f 2032/1/4181 9676/1/4937 9683/1/4937 2031/1/4181
f 2033/1/4181 9669/1/4937 9676/1/4937 2032/1/4181
f 9718/1/4937 9719/1/4937 9726/1/4937 9725/1/4937
f 9719/1/4937 9720/1/4937 9727/1/4937 9726/1/4937
f 9720/1/4937 9721/1/4937 9728/1/4937 9727/1/4937
f 9721/1/4937 9722/1/4937 9729/1/4937 9728/1/4937
f 9722/1/4937 9723/1/4937 9730/1/4937 9729/1/4937
f 9723/1/4937 9724/1/4937 9731/1/4937 9730/1/4937
f 9725/1/4937 9726/1/4937 9733/1/4937 9732/1/4937
f 9726/1/4937 9727/1/4937 9734/1/4937 9733/1/4937
f 9727/1/4937 9728/1/4937 9735/1/4937 9734/1/4937
f 9728/1/4937 9729/1/4937 9736/1/4937 9735/1/4937
f 9729/1/4937 9730/1/4937 9737/1/4937 9736/1/4937
f 9730/1/4937 9731/1/4937 9738/1/4937 9737/1/4937
f 9732/1/4937 9733/1/4937 9740/1/4937 9739/1/4937
f 9733/1/4937 9734/1/4937 9741/1/4937 9740/1/4937
f 9734/1/4937 9735/1/4937 9742/1/4937 9741/1/4937
f 9735/1/4937 9736/1/4937 9743/1/4937 9742/1/4937
f 9736/1/4937 9737/1/4937 9744/1/4937 9743/1/4937
f 9737/1/4937 9738/1/4937 9745/1/4937 9744/1/4937
f 9739/1/4937 9740/1/4937 9747/1/4937 9746/1/4937
f 9740/1/4937 9741/1/4937 9748/1/4937 9747/1/4937
f 9741/1/4937 9742/1/4937 9749/1/4937 9748/1/4937
f 9742/1/4937 9743/1/4937 9750/1/4937 9749/1/4937
f 9743/1/4937 9744/1/4937 9751/1/4937 9750/1/4937
f 9744/1/4937 9745/1/4937 9752/1/4937 9751/1/4937
f 9746/1/4937 9747/1/4937 9754/1/4937 9753/1/4937
f 9747/1/4937 9748/1/4937 9755/1/4937 9754/1/4937
f 9748/1/4937 9749/1/4937 9756/1/4937 9755/1/4937
f 9749/1/4937 9750/1/4937 9757/1/4937 9756/1/4937
f 9750/1/4937 9751/1/4937 9758/1/4937 9757/1/4937
f 9751/1/4937 9752/1/4937 9759/1/4937 9758/1/4937
f 9753/1/4937 9754/1/4937 9761/1/4937 9760/1/4937
f 9754/1/4937 9755/1/4937 9762/1/4937 9761/1/4937
f 9755/1/4937 9756/1/4937 9763/1/4937 9762/1/4937
f 9756/1/4937 9757/1/4937 9764/1/4937 9763/1/4937
f 9757/1/4937 9758/1/4937 9765/1/4937 9764/1/4937
f 9758/1/4937 9759/1/4937 9766/1/4937 9765/1/4937
f 148/1/4007 2398/1/4937 9718/1/4937 1978/1/4731
f 2398/1/4937 2399/1/4937 9719/1/4937 9718/1/4937
f 2399/1/4937 2400/1/4937 9720/1/4937 9719/1/4937
f 2400/1/4937 2401/1/4937 9721/1/4937 9720/1/4937
f 2401/1/4937 2402/1/4937 9722/1/4937 9721/1/4937
f 2402/1/4937 2403/1/4937 9723/1/4937 9722/1/4937
f 2403/1/4937 2404/1/4937 9724/1/4937 9723/1/4937
f 2404/1/4937 167/1/4937 2244/1/4937 9724/1/4937
f 9724/1/4937 2244/1/4937 2245/1/4937 9731/1/4937
f 9731/1/4937 2245/1/4937 2246/1/4937 9738/1/4937
f 9738/1/4937 2246/1/4937 2247/1/4937 9745/1/4937
f 9745/1/4937 2247/1/4937 2248/1/4937 9752/1/4937
f 9752/1/4937 2248/1/4937 2249/1/4937 9759/1/4937
f 9759/1/4937 2249/1/4937 2250/1/4937 9766/1/4937
f 9766/1/4937 2250/1/4937 164/1/4937 2335/1/4937
f 9765/1/4937 9766/1/4937 2335/1/4937 2336/1/4937
f 9764/1/4937 9765/1/4937 2336/1/4937 2337/1/4937
f 9763/1/4937 9764/1/4937 2337/1/4937 2338/1/4937
f 9762/1/4937 9763/1/4937 2338/1/4937 2339/1/4937
f 9761/1/4937 9762/1/4937 2339/1/4937 2340/1/4937
f 9760/1/4937 9761/1/4937 2340/1/4937 2341/1/4937
f 1984/1/4181 9760/1/4937 2341/1/4937 145/1/4181
f 1983/1/4182 9753/1/4937 9760/1/4937 1984/1/4181
f 1982/1/4735 9746/1/4937 9753/1/4937 1983/1/4182
f 1981/1/4734 9739/1/4937 9746/1/4937 1982/1/4735
f 1980/1/4733 9732/1/4937 9739/1/4937 1981/1/4734
f 1979/1/4732 9725/1/4937 9732/1/4937 1980/1/4733
f 1978/1/4731 9718/1/4937 9725/1/4937 1979/1/4732
f 9767/1/4937 9768/1/4937 9775/1/4937 9774/1/4937
f 9768/1/4937 9769/1/4937 9776/1/4937 9775/1/4937
f 9769/1/4937 9770/1/4937 9777/1/4937 9776/1/4937
f 9770/1/4937 9771/1/4937 9778/1/4937 9777/1/4937
f 9771/1/4937 9772/1/4937 9779/1/4937 9778/1/4937
f 9772/1/4937 9773/1/4937 9780/1/4937 9779/1/4937
f 9774/1/4937 9775/1/4937 9782/1/4937 9781/1/4937
f 9775/1/4937 9776/1/4937 9783/1/4937 9782/1/4937
f 9776/1/4937 9777/1/4937 9784/1/4937 9783/1/4937
f 9777/1/4937 9778/1/4937 9785/1/4937 9784/1/4937
f 9778/1/4937 9779/1/4937 9786/1/4937 9785/1/4937
f 9779/1/4937 9780/1/4937 9787/1/4937 9786/1/4937
f 9781/1/4937 9782/1/4937 9789/1/4937 9788/1/4937
f 9782/1/4937 9783/1/4937 9790/1/4937 9789/1/4937
f 9783/1/4937 9784/1/4937 9791/1/4937 9790/1/4937
f 9784/1/4937 9785/1/4937 9792/1/4937 9791/1/4937
f 9785/1/4937 9786/1/4937 9793/1/4937 9792/1/4937
f 9786/1/4937 9787/1/4937 9794/1/4937 9793/1/4937
f 9788/1/4937 9789/1/4937 9796/1/4937 9795/1/4937
f 9789/1/4937 9790/1/4937 9797/1/4937 9796/1/4937
f 9790/1/4937 9791/1/4937 9798/1/4937 9797/1/4937
f 9791/1/4937 9792/1/4937 9799/1/4937 9798/1/4937
f 9792/1/4937 9793/1/4937 9800/1/4937 9799/1/4937
f 9793/1/4937 9794/1/4937 9801/1/4937 9800/1/4937
f 9795/1/4937 9796/1/4937 9803/1/4937 9802/1/4937
f 9796/1/4937 9797/1/4937 9804/1/4937 9803/1/4937
f 9797/1/4937 9798/1/4937 9805/1/4937 9804/1/4937
f 9798/1/4937 9799/1/4937 9806/1/4937 9805/1/4937
f 9799/1/4937 9800/1/4937 9807/1/4937 9806/1/4937
f 9800/1/4937 9801/1/4937 9808/1/4937 9807/1/4937
f 9802/1/4937 9803/1/4937 9810/1/4937 9809/1/4937
f 9803/1/4937 9804/1/4937 9811/1/4937 9810/1/4937
f 9804/1/4937 9805/1/4937 9812/1/4937 9811/1/4937
f 9805/1/4937 9806/1/4937 9813/1/4937 9812/1/4937
f 9806/1/4937 9807/1/4937 9814/1/4937 9813/1/4937
f 9807/1/4937 9808/1/4937 9815/1/4937 9814/1/4937
f 141/1/4843 2425/1/4937 9767/1/4937 1935/1/4844
f 2425/1/4937 2424/1/4937 9768/1/4937 9767/1/4937
f 2424/1/4937 2423/1/4937 9769/1/4937 9768/1/4937
f 2423/1/4937 2422/1/4937 9770/1/4937 9769/1/4937
f 2422/1/4937 2421/1/4937 9771/1/4937 9770/1/4937
f 2421/1/4937 2420/1/4937 9772/1/4937 9771/1/4937
f 2420/1/4937 2419/1/4937 9773/1/4937 9772/1/4937
f 2419/1/4937 160/1/4937 2201/1/4937 9773/1/4937
f 9773/1/4937 2201/1/4937 2200/1/4937 9780/1/4937
f 9780/1/4937 2200/1/4937 2199/1/4937 9787/1/4937
f 9787/1/4937 2199/1/4937 2198/1/4937 9794/1/4937
f 9794/1/4937 2198/1/4937 2197/1/4937 9801/1/4937
f 9801/1/4937 2197/1/4937 2196/1/4937 9808/1/4937
f 9808/1/4937 2196/1/4937 2195/1/4937 9815/1/4937
f 9815/1/4937 2195/1/4937 158/1/4937 2418/1/4937
f 9814/1/4937 9815/1/4937 2418/1/4937 2417/1/4937
f 9813/1/4937 9814/1/4937 2417/1/4937 2416/1/4937
f 9812/1/4937 9813/1/4937 2416/1/4937 2415/1/4937
f 9811/1/4937 9812/1/4937 2415/1/4937 2414/1/4937
f 9810/1/4937 9811/1/4937 2414/1/4937 2413/1/4937
f 9809/1/4937 9810/1/4937 2413/1/4937 2412/1/4937
f 1929/1/4845 9809/1/4937 2412/1/4937 139/1/4845
f 1930/1/4845 9802/1/4937 9809/1/4937 1929/1/4845
f 1931/1/4245 9795/1/4937 9802/1/4937 1930/1/4845
f 1932/1/4245 9788/1/4937 9795/1/4937 1931/1/4245
f 1933/1/4245 9781/1/4937 9788/1/4937 1932/1/4245
f 1934/1/4245 9774/1/4937 9781/1/4937 1933/1/4245
f 1935/1/4844 9767/1/4937 9774/1/4937 1934/1/4245
f 9816/1/4937 9817/1/4937 9824/1/4937 9823/1/4937
f 9817/1/4937 9818/1/4937 9825/1/4937 9824/1/4937
f 9818/1/4937 9819/1/4937 9826/1/4937 9825/1/4937
f 9819/1/4937 9820/1/4937 9827/1/4937 9826/1/4937
f 9820/1/4937 9821/1/4937 9828/1/4937 9827/1/4937
f 9821/1/4937 9822/1/4937 9829/1/4937 9828/1/4937
f 9823/1/4937 9824/1/4937 9831/1/4937 9830/1/4937
f 9824/1/4937 9825/1/4937 9832/1/4937 9831/1/4937
f 9825/1/4937 9826/1/4937 9833/1/4937 9832/1/4937
f 9826/1/4937 9827/1/4937 9834/1/4937 9833/1/4937
f 9827/1/4937 9828/1/4937 9835/1/4937 9834/1/4937
f 9828/1/4937 9829/1/4937 9836/1/4937 9835/1/4937
f 9830/1/4937 9831/1/4937 9838/1/4937 9837/1/4937
f 9831/1/4937 9832/1/4937 9839/1/4937 9838/1/4937
f 9832/1/4937 9833/1/4937 9840/1/4937 9839/1/4937
f 9833/1/4937 9834/1/4937 9841/1/4937 9840/1/4937
f 9834/1/4937 9835/1/4937 9842/1/4937 9841/1/4937
f 9835/1/4937 9836/1/4937 9843/1/4937 9842/1/4937
f 9837/1/4937 9838/1/4937 9845/1/4937 9844/1/4937
f 9838/1/4937 9839/1/4937 9846/1/4937 9845/1/4937
f 9839/1/4937 9840/1/4937 9847/1/4937 9846/1/4937
f 9840/1/4937 9841/1/4937 9848/1/4937 9847/1/4937
f 9841/1/4937 9842/1/4937 9849/1/4937 9848/1/4937
f 9842/1/4937 9843/1/4937 9850/1/4937 9849/1/4937
f 9844/1/4937 9845/1/4937 9852/1/4937 9851/1/4937
f 9845/1/4937 9846/1/4937 9853/1/4937 9852/1/4937
f 9846/1/4937 9847/1/4937 9854/1/4937 9853/1/4937
f 9847/1/4937 9848/1/4937 9855/1/4937 9854/1/4937
f 9848/1/4937 9849/1/4937 9856/1/4937 9855/1/4937
f 9849/1/4937 9850/1/4937 9857/1/4937 9856/1/4937
f 9851/1/4937 9852/1/4937 9859/1/4937 9858/1/4937
f 9852/1/4937 9853/1/4937 9860/1/4937 9859/1/4937
f 9853/1/4937 9854/1/4937 9861/1/4937 9860/1/4937
f 9854/1/4937 9855/1/4937 9862/1/4937 9861/1/4937
f 9855/1/4937 9856/1/4937 9863/1/4937 9862/1/4937
f 9856/1/4937 9857/1/4937 9864/1/4937 9863/1/4937
f 139/1/4845 2412/1/4937 9816/1/4937 1991/1/4845
f 2412/1/4937 2413/1/4937 9817/1/4937 9816/1/4937
f 2413/1/4937 2414/1/4937 9818/1/4937 9817/1/4937
f 2414/1/4937 2415/1/4937 9819/1/4937 9818/1/4937
f 2415/1/4937 2416/1/4937 9820/1/4937 9819/1/4937
f 2416/1/4937 2417/1/4937 9821/1/4937 9820/1/4937
f 2417/1/4937 2418/1/4937 9822/1/4937 9821/1/4937
f 2418/1/4937 158/1/4937 2257/1/4937 9822/1/4937
f 9822/1/4937 2257/1/4937 2256/1/4937 9829/1/4937
f 9829/1/4937 2256/1/4937 2255/1/4937 9836/1/4937
f 9836/1/4937 2255/1/4937 2254/1/4937 9843/1/4937
f 9843/1/4937 2254/1/4937 2253/1/4937 9850/1/4937
f 9850/1/4937 2253/1/4937 2252/1/4937 9857/1/4937
f 9857/1/4937 2252/1/4937 2251/1/4937 9864/1/4937
f 9864/1/4937 2251/1/4937 153/1/4937 2321/1/4937
f 9863/1/4937 9864/1/4937 2321/1/4937 2322/1/4937
f 9862/1/4937 9863/1/4937 2322/1/4937 2323/1/4937
f 9861/1/4937 9862/1/4937 2323/1/4937 2324/1/4937
f 9860/1/4937 9861/1/4937 2324/1/4937 2325/1/4937
f 9859/1/4937 9860/1/4937 2325/1/4937 2326/1/4937
f 9858/1/4937 9859/1/4937 2326/1/4937 2327/1/4937
f 1985/1/4845 9858/1/4937 2327/1/4937 134/1/4245
f 1986/1/4845 9851/1/4937 9858/1/4937 1985/1/4845
f 1987/1/4845 9844/1/4937 9851/1/4937 1986/1/4845
f 1988/1/4845 9837/1/4937 9844/1/4937 1987/1/4845
f 1989/1/4845 9830/1/4937 9837/1/4937 1988/1/4845
f 1990/1/4845 9823/1/4937 9830/1/4937 1989/1/4845
f 1991/1/4845 9816/1/4937 9823/1/4937 1990/1/4845
f 9865/1/4937 9866/1/4937 9873/1/4937 9872/1/4937
f 9866/1/4937 9867/1/4937 9874/1/4937 9873/1/4937
f 9867/1/4937 9868/1/4937 9875/1/4937 9874/1/4937
f 9868/1/4937 9869/1/4937 9876/1/4937 9875/1/4937
f 9869/1/4937 9870/1/4937 9877/1/4937 9876/1/4937
f 9870/1/4937 9871/1/4937 9878/1/4937 9877/1/4937
f 9872/1/4937 9873/1/4937 9880/1/4937 9879/1/4937
f 9873/1/4937 9874/1/4937 9881/1/4937 9880/1/4937
f 9874/1/4937 9875/1/4937 9882/1/4937 9881/1/4937
f 9875/1/4937 9876/1/4937 9883/1/4937 9882/1/4937
f 9876/1/4937 9877/1/4937 9884/1/4937 9883/1/4937
f 9877/1/4937 9878/1/4937 9885/1/4937 9884/1/4937
f 9879/1/4937 9880/1/4937 9887/1/4937 9886/1/4937
f 9880/1/4937 9881/1/4937 9888/1/4937 9887/1/4937
f 9881/1/4937 9882/1/4937 9889/1/4937 9888/1/4937
f 9882/1/4937 9883/1/4937 9890/1/4937 9889/1/4937
f 9883/1/4937 9884/1/4937 9891/1/4937 9890/1/4937
f 9884/1/4937 9885/1/4937 9892/1/4937 9891/1/4937
f 9886/1/4937 9887/1/4937 9894/1/4937 9893/1/4937
f 9887/1/4937 9888/1/4937 9895/1/4937 9894/1/4937
f 9888/1/4937 9889/1/4937 9896/1/4937 9895/1/4937
f 9889/1/4937 9890/1/4937 9897/1/4937 9896/1/4937
f 9890/1/4937 9891/1/4937 9898/1/4937 9897/1/4937
f 9891/1/4937 9892/1/4937 9899/1/4937 9898/1/4937
f 9893/1/4937 9894/1/4937 9901/1/4937 9900/1/4937
f 9894/1/4937 9895/1/4937 9902/1/4937 9901/1/4937
f 9895/1/4937 9896/1/4937 9903/1/4937 9902/1/4937
f 9896/1/4937 9897/1/4937 9904/1/4937 9903/1/4937
f 9897/1/4937 9898/1/4937 9905/1/4937 9904/1/4937
f 9898/1/4937 9899/1/4937 9906/1/4937 9905/1/4937
f 9900/1/4937 9901/1/4937 9908/1/4937 9907/1/4937
f 9901/1/4937 9902/1/4937 9909/1/4937 9908/1/4937
f 9902/1/4937 9903/1/4937 9910/1/4937 9909/1/4937
f 9903/1/4937 9904/1/4937 9911/1/4937 9910/1/4937
f 9904/1/4937 9905/1/4937 9912/1/4937 9911/1/4937
f 9905/1/4937 9906/1/4937 9913/1/4937 9912/1/4937
f 142/1/4013 2432/1/4937 9865/1/4937 1942/1/4013
f 2432/1/4937 2431/1/4937 9866/1/4937 9865/1/4937
f 2431/1/4937 2430/1/4937 9867/1/4937 9866/1/4937
f 2430/1/4937 2429/1/4937 9868/1/4937 9867/1/4937
f 2429/1/4937 2428/1/4937 9869/1/4937 9868/1/4937
f 2428/1/4937 2427/1/4937 9870/1/4937 9869/1/4937
f 2427/1/4937 2426/1/4937 9871/1/4937 9870/1/4937
f 2426/1/4937 161/1/4937 2208/1/4937 9871/1/4937
f 9871/1/4937 2208/1/4937 2207/1/4937 9878/1/4937
f 9878/1/4937 2207/1/4937 2206/1/4937 9885/1/4937
f 9885/1/4937 2206/1/4937 2205/1/4937 9892/1/4937
f 9892/1/4937 2205/1/4937 2204/1/4937 9899/1/4937
f 9899/1/4937 2204/1/4937 2203/1/4937 9906/1/4937
f 9906/1/4937 2203/1/4937 2202/1/4937 9913/1/4937
f 9913/1/4937 2202/1/4937 160/1/4937 2419/1/4937
f 9912/1/4937 9913/1/4937 2419/1/4937 2420/1/4937
f 9911/1/4937 9912/1/4937 2420/1/4937 2421/1/4937
f 9910/1/4937 9911/1/4937 2421/1/4937 2422/1/4937
f 9909/1/4937 9910/1/4937 2422/1/4937 2423/1/4937
f 9908/1/4937 9909/1/4937 2423/1/4937 2424/1/4937
f 9907/1/4937 9908/1/4937 2424/1/4937 2425/1/4937
f 1936/1/4936 9907/1/4937 2425/1/4937 141/1/4843
f 1937/1/4936 9900/1/4937 9907/1/4937 1936/1/4936
f 1938/1/4935 9893/1/4937 9900/1/4937 1937/1/4936
f 1939/1/4935 9886/1/4937 9893/1/4937 1938/1/4935
f 1940/1/4935 9879/1/4937 9886/1/4937 1939/1/4935
f 1941/1/4935 9872/1/4937 9879/1/4937 1940/1/4935
f 1942/1/4013 9865/1/4937 9872/1/4937 1941/1/4935
f 9914/1/4937 9915/1/4937 9922/1/4937 9921/1/4937
f 9915/1/4937 9916/1/4937 9923/1/4937 9922/1/4937
f 9916/1/4937 9917/1/4937 9924/1/4937 9923/1/4937
f 9917/1/4937 9918/1/4937 9925/1/4937 9924/1/4937
f 9918/1/4937 9919/1/4937 9926/1/4937 9925/1/4937
f 9919/1/4937 9920/1/4937 9927/1/4937 9926/1/4937
f 9921/1/4937 9922/1/4937 9929/1/4937 9928/1/4937
f 9922/1/4937 9923/1/4937 9930/1/4937 9929/1/4937
f 9923/1/4937 9924/1/4937 9931/1/4937 9930/1/4937
f 9924/1/4937 9925/1/4937 9932/1/4937 9931/1/4937
f 9925/1/4937 9926/1/4937 9933/1/4937 9932/1/4937
f 9926/1/4937 9927/1/4937 9934/1/4937 9933/1/4937
f 9928/1/4937 9929/1/4937 9936/1/4937 9935/1/4937
f 9929/1/4937 9930/1/4937 9937/1/4937 9936/1/4937
f 9930/1/4937 9931/1/4937 9938/1/4937 9937/1/4937
f 9931/1/4937 9932/1/4937 9939/1/4937 9938/1/4937
f 9932/1/4937 9933/1/4937 9940/1/4937 9939/1/4937
f 9933/1/4937 9934/1/4937 9941/1/4937 9940/1/4937
f 9935/1/4937 9936/1/4937 9943/1/4937 9942/1/4937
f 9936/1/4937 9937/1/4937 9944/1/4937 9943/1/4937
f 9937/1/4937 9938/1/4937 9945/1/4937 9944/1/4937
f 9938/1/4937 9939/1/4937 9946/1/4937 9945/1/4937
f 9939/1/4937 9940/1/4937 9947/1/4937 9946/1/4937
f 9940/1/4937 9941/1/4937 9948/1/4937 9947/1/4937
f 9942/1/4937 9943/1/4937 9950/1/4937 9949/1/4937
f 9943/1/4937 9944/1/4937 9951/1/4937 9950/1/4937
f 9944/1/4937 9945/1/4937 9952/1/4937 9951/1/4937
f 9945/1/4937 9946/1/4937 9953/1/4937 9952/1/4937
f 9946/1/4937 9947/1/4937 9954/1/4937 9953/1/4937
f 9947/1/4937 9948/1/4937 9955/1/4937 9954/1/4937
f 9949/1/4937 9950/1/4937 9957/1/4937 9956/1/4937
f 9950/1/4937 9951/1/4937 9958/1/4937 9957/1/4937
f 9951/1/4937 9952/1/4937 9959/1/4937 9958/1/4937
f 9952/1/4937 9953/1/4937 9960/1/4937 9959/1/4937
f 9953/1/4937 9954/1/4937 9961/1/4937 9960/1/4937
f 9954/1/4937 9955/1/4937 9962/1/4937 9961/1/4937
f 135/1/3944 2405/1/4937 9914/1/4937 1992/1/3944
f 2405/1/4937 2406/1/4937 9915/1/4937 9914/1/4937
f 2406/1/4937 2407/1/4937 9916/1/4937 9915/1/4937
f 2407/1/4937 2408/1/4937 9917/1/4937 9916/1/4937
f 2408/1/4937 2409/1/4937 9918/1/4937 9917/1/4937
f 2409/1/4937 2410/1/4937 9919/1/4937 9918/1/4937
f 2410/1/4937 2411/1/4937 9920/1/4937 9919/1/4937
f 2411/1/4937 154/1/4937 2258/1/4937 9920/1/4937
f 9920/1/4937 2258/1/4937 2259/1/4937 9927/1/4937
f 9927/1/4937 2259/1/4937 2260/1/4937 9934/1/4937
f 9934/1/4937 2260/1/4937 2261/1/4937 9941/1/4937
f 9941/1/4937 2261/1/4937 2262/1/4937 9948/1/4937
f 9948/1/4937 2262/1/4937 2263/1/4937 9955/1/4937
f 9955/1/4937 2263/1/4937 2264/1/4937 9962/1/4937
f 9962/1/4937 2264/1/4937 163/1/4937 2349/1/4937
f 9961/1/4937 9962/1/4937 2349/1/4937 2350/1/4937
f 9960/1/4937 9961/1/4937 2350/1/4937 2351/1/4937
f 9959/1/4937 9960/1/4937 2351/1/4937 2352/1/4937
f 9958/1/4937 9959/1/4937 2352/1/4937 2353/1/4937
f 9957/1/4937 9958/1/4937 2353/1/4937 2354/1/4937
f 9956/1/4937 9957/1/4937 2354/1/4937 2355/1/4937
f 1998/1/3945 9956/1/4937 2355/1/4937 144/1/3945
f 1997/1/3945 9949/1/4937 9956/1/4937 1998/1/3945
f 1996/1/3945 9942/1/4937 9949/1/4937 1997/1/3945
f 1995/1/3945 9935/1/4937 9942/1/4937 1996/1/3945
f 1994/1/3945 9928/1/4937 9935/1/4937 1995/1/3945
f 1993/1/3945 9921/1/4937 9928/1/4937 1994/1/3945
f 1992/1/3944 9914/1/4937 9921/1/4937 1993/1/3945
f 9963/1/4937 9964/1/4937 9971/1/4937 9970/1/4937
f 9964/1/4937 9965/1/4937 9972/1/4937 9971/1/4937
f 9965/1/4937 9966/1/4937 9973/1/4937 9972/1/4937
f 9966/1/4937 9967/1/4937 9974/1/4937 9973/1/4937
f 9967/1/4937 9968/1/4937 9975/1/4937 9974/1/4937
f 9968/1/4937 9969/1/4937 9976/1/4937 9975/1/4937
f 9970/1/4937 9971/1/4937 9978/1/4937 9977/1/4937
f 9971/1/4937 9972/1/4937 9979/1/4937 9978/1/4937
f 9972/1/4937 9973/1/4937 9980/1/4937 9979/1/4937
f 9973/1/4937 9974/1/4937 9981/1/4937 9980/1/4937
f 9974/1/4937 9975/1/4937 9982/1/4937 9981/1/4937
f 9975/1/4937 9976/1/4937 9983/1/4937 9982/1/4937
f 9977/1/4937 9978/1/4937 9985/1/4937 9984/1/4937
f 9978/1/4937 9979/1/4937 9986/1/4937 9985/1/4937
f 9979/1/4937 9980/1/4937 9987/1/4937 9986/1/4937
f 9980/1/4937 9981/1/4937 9988/1/4937 9987/1/4937
f 9981/1/4937 9982/1/4937 9989/1/4937 9988/1/4937
f 9982/1/4937 9983/1/4937 9990/1/4937 9989/1/4937
f 9984/1/4937 9985/1/4937 9992/1/4937 9991/1/4937
f 9985/1/4937 9986/1/4937 9993/1/4937 9992/1/4937
f 9986/1/4937 9987/1/4937 9994/1/4937 9993/1/4937
f 9987/1/4937 9988/1/4937 9995/1/4937 9994/1/4937
f 9988/1/4937 9989/1/4937 9996/1/4937 9995/1/4937
f 9989/1/4937 9990/1/4937 9997/1/4937 9996/1/4937
f 9991/1/4937 9992/1/4937 9999/1/4937 9998/1/4937
f 9992/1/4937 9993/1/4937 10000/1/4937 9999/1/4937
f 9993/1/4937 9994/1/4937 10001/1/4937 10000/1/4937
f 9994/1/4937 9995/1/4937 10002/1/4937 10001/1/4937
f 9995/1/4937 9996/1/4937 10003/1/4937 10002/1/4937
f 9996/1/4937 9997/1/4937 10004/1/4937 10003/1/4937
f 9998/1/4937 9999/1/4937 10006/1/4937 10005/1/4937
f 9999/1/4937 10000/1/4937 10007/1/4937 10006/1/4937
f 10000/1/4937 10001/1/4937 10008/1/4937 10007/1/4937
f 10001/1/4937 10002/1/4937 10009/1/4937 10008/1/4937
f 10002/1/4937 10003/1/4937 10010/1/4937 10009/1/4937
f 10003/1/4937 10004/1/4937 10011/1/4937 10010/1/4937
f 143/1/4007 2300/1/4937 9963/1/4937 1949/1/4008
f 2300/1/4937 2301/1/4937 9964/1/4937 9963/1/4937
f 2301/1/4937 2302/1/4937 9965/1/4937 9964/1/4937
f 2302/1/4937 2303/1/4937 9966/1/4937 9965/1/4937
f 2303/1/4937 2304/1/4937 9967/1/4937 9966/1/4937
f 2304/1/4937 2305/1/4937 9968/1/4937 9967/1/4937
f 2305/1/4937 2306/1/4937 9969/1/4937 9968/1/4937
f 2306/1/4937 162/1/4937 2215/1/4937 9969/1/4937
f 9969/1/4937 2215/1/4937 2214/1/4937 9976/1/4937
f 9976/1/4937 2214/1/4937 2213/1/4937 9983/1/4937
f 9983/1/4937 2213/1/4937 2212/1/4937 9990/1/4937
f 9990/1/4937 2212/1/4937 2211/1/4937 9997/1/4937
f 9997/1/4937 2211/1/4937 2210/1/4937 10004/1/4937
f 10004/1/4937 2210/1/4937 2209/1/4937 10011/1/4937
f 10011/1/4937 2209/1/4937 161/1/4937 2426/1/4937
f 10010/1/4937 10011/1/4937 2426/1/4937 2427/1/4937
f 10009/1/4937 10010/1/4937 2427/1/4937 2428/1/4937
f 10008/1/4937 10009/1/4937 2428/1/4937 2429/1/4937
f 10007/1/4937 10008/1/4937 2429/1/4937 2430/1/4937
f 10006/1/4937 10007/1/4937 2430/1/4937 2431/1/4937
f 10005/1/4937 10006/1/4937 2431/1/4937 2432/1/4937
f 1943/1/4013 10005/1/4937 2432/1/4937 142/1/4013
f 1944/1/4012 9998/1/4937 10005/1/4937 1943/1/4013
f 1945/1/4011 9991/1/4937 9998/1/4937 1944/1/4012
f 1946/1/4010 9984/1/4937 9991/1/4937 1945/1/4011
f 1947/1/4010 9977/1/4937 9984/1/4937 1946/1/4010
f 1948/1/4009 9970/1/4937 9977/1/4937 1947/1/4010
f 1949/1/4008 9963/1/4937 9970/1/4937 1948/1/4009
f 10012/1/4937 10013/1/4937 10020/1/4937 10019/1/4937
f 10013/1/4937 10014/1/4937 10021/1/4937 10020/1/4937
f 10014/1/4937 10015/1/4937 10022/1/4937 10021/1/4937
f 10015/1/4937 10016/1/4937 10023/1/4937 10022/1/4937
f 10016/1/4937 10017/1/4937 10024/1/4937 10023/1/4937
f 10017/1/4937 10018/1/4937 10025/1/4937 10024/1/4937
f 10019/1/4937 10020/1/4937 10027/1/4937 10026/1/4937
f 10020/1/4937 10021/1/4937 10028/1/4937 10027/1/4937
f 10021/1/4937 10022/1/4937 10029/1/4937 10028/1/4937
f 10022/1/4937 10023/1/4937 10030/1/4937 10029/1/4937
f 10023/1/4937 10024/1/4937 10031/1/4937 10030/1/4937
f 10024/1/4937 10025/1/4937 10032/1/4937 10031/1/4937
f 10026/1/4937 10027/1/4937 10034/1/4937 10033/1/4937
f 10027/1/4937 10028/1/4937 10035/1/4937 10034/1/4937
f 10028/1/4937 10029/1/4937 10036/1/4937 10035/1/4937
f 10029/1/4937 10030/1/4937 10037/1/4937 10036/1/4937
f 10030/1/4937 10031/1/4937 10038/1/4937 10037/1/4937
f 10031/1/4937 10032/1/4937 10039/1/4937 10038/1/4937
f 10033/1/4937 10034/1/4937 10041/1/4937 10040/1/4937
f 10034/1/4937 10035/1/4937 10042/1/4937 10041/1/4937
f 10035/1/4937 10036/1/4937 10043/1/4937 10042/1/4937
f 10036/1/4937 10037/1/4937 10044/1/4937 10043/1/4937
f 10037/1/4937 10038/1/4937 10045/1/4937 10044/1/4937
f 10038/1/4937 10039/1/4937 10046/1/4937 10045/1/4937
f 10040/1/4937 10041/1/4937 10048/1/4937 10047/1/4937
f 10041/1/4937 10042/1/4937 10049/1/4937 10048/1/4937
f 10042/1/4937 10043/1/4937 10050/1/4937 10049/1/4937
f 10043/1/4937 10044/1/4937 10051/1/4937 10050/1/4937
f 10044/1/4937 10045/1/4937 10052/1/4937 10051/1/4937
f 10045/1/4937 10046/1/4937 10053/1/4937 10052/1/4937
f 10047/1/4937 10048/1/4937 10055/1/4937 10054/1/4937
f 10048/1/4937 10049/1/4937 10056/1/4937 10055/1/4937
f 10049/1/4937 10050/1/4937 10057/1/4937 10056/1/4937
f 10050/1/4937 10051/1/4937 10058/1/4937 10057/1/4937
f 10051/1/4937 10052/1/4937 10059/1/4937 10058/1/4937
f 10052/1/4937 10053/1/4937 10060/1/4937 10059/1/4937
f 151/1/4069 2391/1/4937 10012/1/4937 1999/1/4069
f 2391/1/4937 2392/1/4937 10013/1/4937 10012/1/4937
f 2392/1/4937 2393/1/4937 10014/1/4937 10013/1/4937
f 2393/1/4937 2394/1/4937 10015/1/4937 10014/1/4937
f 2394/1/4937 2395/1/4937 10016/1/4937 10015/1/4937
f 2395/1/4937 2396/1/4937 10017/1/4937 10016/1/4937
f 2396/1/4937 2397/1/4937 10018/1/4937 10017/1/4937
f 2397/1/4937 170/1/4937 2265/1/4937 10018/1/4937
f 10018/1/4937 2265/1/4937 2266/1/4937 10025/1/4937
f 10025/1/4937 2266/1/4937 2267/1/4937 10032/1/4937
f 10032/1/4937 2267/1/4937 2268/1/4937 10039/1/4937
f 10039/1/4937 2268/1/4937 2269/1/4937 10046/1/4937
f 10046/1/4937 2269/1/4937 2270/1/4937 10053/1/4937
f 10053/1/4937 2270/1/4937 2271/1/4937 10060/1/4937
f 10060/1/4937 2271/1/4937 159/1/4937 2307/1/4937
f 10059/1/4937 10060/1/4937 2307/1/4937 2308/1/4937
f 10058/1/4937 10059/1/4937 2308/1/4937 2309/1/4937
f 10057/1/4937 10058/1/4937 2309/1/4937 2310/1/4937
f 10056/1/4937 10057/1/4937 2310/1/4937 2311/1/4937
f 10055/1/4937 10056/1/4937 2311/1/4937 2312/1/4937
f 10054/1/4937 10055/1/4937 2312/1/4937 2313/1/4937
f 2005/1/4069 10054/1/4937 2313/1/4937 140/1/4069
f 2004/1/4069 10047/1/4937 10054/1/4937 2005/1/4069
f 2003/1/4069 10040/1/4937 10047/1/4937 2004/1/4069
f 2002/1/4069 10033/1/4937 10040/1/4937 2003/1/4069
f 2001/1/4069 10026/1/4937 10033/1/4937 2002/1/4069
f 2000/1/4069 10019/1/4937 10026/1/4937 2001/1/4069
f 1999/1/4069 10012/1/4937 10019/1/4937 2000/1/4069
f 10062/1/4937 10063/1/4937 10067/1/4937 10066/1/4937
f 10063/1/4937 10064/1/4937 10068/1/4937 10067/1/4937
f 10064/1/4937 10065/1/4937 10069/1/4937 10068/1/4937
f 10066/1/4937 10067/1/4937 10071/1/4937 10070/1/4937
f 10067/1/4937 10068/1/4937 10072/1/4937 10071/1/4937
f 10068/1/4937 10069/1/4937 10073/1/4937 10072/1/4937
f 10074/1/4937 10075/1/4937 10079/1/4937 10078/1/4937
f 10075/1/4937 10076/1/4937 10080/1/4937 10079/1/4937
f 10076/1/4937 10077/1/4937 10081/1/4937 10080/1/4937
f 10078/1/4937 10079/1/4937 10083/1/4937 10082/1/4937
f 10079/1/4937 10080/1/4937 10084/1/4937 10083/1/4937
f 10080/1/4937 10081/1/4937 10085/1/4937 10084/1/4937
f 10086/1/4937 10087/1/4937 10091/1/4937 10090/1/4937
f 10087/1/4937 10088/1/4937 10092/1/4937 10091/1/4937
f 10088/1/4937 10089/1/4937 10093/1/4937 10092/1/4937
f 10090/1/4937 10091/1/4937 10095/1/4937 10094/1/4937
f 10091/1/4937 10092/1/4937 10096/1/4937 10095/1/4937
f 10092/1/4937 10093/1/4937 10097/1/4937 10096/1/4937
f 10098/1/4937 10099/1/4937 10103/1/4937 10102/1/4937
f 10099/1/4937 10100/1/4937 10104/1/4937 10103/1/4937
f 10100/1/4937 10101/1/4937 10105/1/4937 10104/1/4937
f 10102/1/4937 10103/1/4937 10107/1/4937 10106/1/4937
f 10103/1/4937 10104/1/4937 10108/1/4937 10107/1/4937
f 10104/1/4937 10105/1/4937 10109/1/4937 10108/1/4937
f 10110/1/4937 10111/1/4937 10115/1/4937 10114/1/4937
f 10111/1/4937 10112/1/4937 10116/1/4937 10115/1/4937
f 10112/1/4937 10113/1/4937 10117/1/4937 10116/1/4937
f 10114/1/4937 10115/1/4937 10119/1/4937 10118/1/4937
f 10115/1/4937 10116/1/4937 10120/1/4937 10119/1/4937
f 10116/1/4937 10117/1/4937 10121/1/4937 10120/1/4937
f 10122/1/4937 10123/1/4937 10127/1/4937 10126/1/4937
f 10123/1/4937 10124/1/4937 10128/1/4937 10127/1/4937
f 10124/1/4937 10125/1/4937 10129/1/4937 10128/1/4937
f 10126/1/4937 10127/1/4937 10131/1/4937 10130/1/4937
f 10127/1/4937 10128/1/4937 10132/1/4937 10131/1/4937
f 10128/1/4937 10129/1/4937 10133/1/4937 10132/1/4937
f 10134/1/4937 10135/1/4937 10139/1/4937 10138/1/4937
f 10135/1/4937 10136/1/4937 10140/1/4937 10139/1/4937
f 10136/1/4937 10137/1/4937 10141/1/4937 10140/1/4937
f 10138/1/4937 10139/1/4937 10143/1/4937 10142/1/4937
f 10139/1/4937 10140/1/4937 10144/1/4937 10143/1/4937
f 10140/1/4937 10141/1/4937 10145/1/4937 10144/1/4937
f 10146/1/4937 10147/1/4937 10151/1/4937 10150/1/4937
f 10147/1/4937 10148/1/4937 10152/1/4937 10151/1/4937
f 10148/1/4937 10149/1/4937 10153/1/4937 10152/1/4937
f 10150/1/4937 10151/1/4937 10155/1/4937 10154/1/4937
f 10151/1/4937 10152/1/4937 10156/1/4937 10155/1/4937
f 10152/1/4937 10153/1/4937 10157/1/4937 10156/1/4937
f 10158/1/4937 10159/1/4937 10163/1/4937 10162/1/4937
f 10159/1/4937 10160/1/4937 10164/1/4937 10163/1/4937
f 10160/1/4937 10161/1/4937 10165/1/4937 10164/1/4937
f 10162/1/4937 10163/1/4937 10167/1/4937 10166/1/4937
f 10163/1/4937 10164/1/4937 10168/1/4937 10167/1/4937
f 10164/1/4937 10165/1/4937 10169/1/4937 10168/1/4937
f 10170/1/4937 10171/1/4937 10175/1/4937 10174/1/4937
f 10171/1/4937 10172/1/4937 10176/1/4937 10175/1/4937
f 10172/1/4937 10173/1/4937 10177/1/4937 10176/1/4937
f 10174/1/4937 10175/1/4937 10179/1/4937 10178/1/4937
f 10175/1/4937 10176/1/4937 10180/1/4937 10179/1/4937
f 10176/1/4937 10177/1/4937 10181/1/4937 10180/1/4937
f 10182/1/4937 10183/1/4937 10187/1/4937 10186/1/4937
f 10183/1/4937 10184/1/4937 10188/1/4937 10187/1/4937
f 10184/1/4937 10185/1/4937 10189/1/4937 10188/1/4937
f 10186/1/4937 10187/1/4937 10191/1/4937 10190/1/4937
f 10187/1/4937 10188/1/4937 10192/1/4937 10191/1/4937
f 10188/1/4937 10189/1/4937 10193/1/4937 10192/1/4937
f 10194/1/4937 10195/1/4937 10199/1/4937 10198/1/4937
f 10195/1/4937 10196/1/4937 10200/1/4937 10199/1/4937
f 10196/1/4937 10197/1/4937 10201/1/4937 10200/1/4937
f 10198/1/4937 10199/1/4937 10203/1/4937 10202/1/4937
f 10199/1/4937 10200/1/4937 10204/1/4937 10203/1/4937
f 10200/1/4937 10201/1/4937 10205/1/4937 10204/1/4937
f 10206/1/4937 10207/1/4937 10211/1/4937 10210/1/4937
f 10207/1/4937 10208/1/4937 10212/1/4937 10211/1/4937
f 10208/1/4937 10209/1/4937 10213/1/4937 10212/1/4937
f 10210/1/4937 10211/1/4937 10215/1/4937 10214/1/4937
f 10211/1/4937 10212/1/4937 10216/1/4937 10215/1/4937
f 10212/1/4937 10213/1/4937 10217/1/4937 10216/1/4937
f 10218/1/4937 10219/1/4937 10223/1/4937 10222/1/4937
f 10219/1/4937 10220/1/4937 10224/1/4937 10223/1/4937
f 10220/1/4937 10221/1/4937 10225/1/4937 10224/1/4937
f 10222/1/4937 10223/1/4937 10227/1/4937 10226/1/4937
f 10223/1/4937 10224/1/4937 10228/1/4937 10227/1/4937
f 10224/1/4937 10225/1/4937 10229/1/4937 10228/1/4937
f 10230/1/4937 10231/1/4937 10235/1/4937 10234/1/4937
f 10231/1/4937 10232/1/4937 10236/1/4937 10235/1/4937
f 10232/1/4937 10233/1/4937 10237/1/4937 10236/1/4937
f 10234/1/4937 10235/1/4937 10239/1/4937 10238/1/4937
f 10235/1/4937 10236/1/4937 10240/1/4937 10239/1/4937
f 10236/1/4937 10237/1/4937 10241/1/4937 10240/1/4937
f 10242/1/4937 10243/1/4937 10247/1/4937 10246/1/4937
f 10243/1/4937 10244/1/4937 10248/1/4937 10247/1/4937
f 10244/1/4937 10245/1/4937 10249/1/4937 10248/1/4937
f 10246/1/4937 10247/1/4937 10251/1/4937 10250/1/4937
f 10247/1/4937 10248/1/4937 10252/1/4937 10251/1/4937
f 10248/1/4937 10249/1/4937 10253/1/4937 10252/1/4937
f 10254/1/4937 10255/1/4937 10259/1/4937 10258/1/4937
f 10255/1/4937 10256/1/4937 10260/1/4937 10259/1/4937
f 10256/1/4937 10257/1/4937 10261/1/4937 10260/1/4937
f 10258/1/4937 10259/1/4937 10263/1/4937 10262/1/4937
f 10259/1/4937 10260/1/4937 10264/1/4937 10263/1/4937
f 10260/1/4937 10261/1/4937 10265/1/4937 10264/1/4937
f 10266/1/4937 10267/1/4937 10271/1/4937 10270/1/4937
f 10267/1/4937 10268/1/4937 10272/1/4937 10271/1/4937
f 10268/1/4937 10269/1/4937 10273/1/4937 10272/1/4937
f 10270/1/4937 10271/1/4937 10275/1/4937 10274/1/4937
f 10271/1/4937 10272/1/4937 10276/1/4937 10275/1/4937
f 10272/1/4937 10273/1/4937 10277/1/4937 10276/1/4937
f 10278/1/4937 10279/1/4937 10283/1/4937 10282/1/4937
f 10279/1/4937 10280/1/4937 10284/1/4937 10283/1/4937
f 10280/1/4937 10281/1/4937 10285/1/4937 10284/1/4937
f 10282/1/4937 10283/1/4937 10287/1/4937 10286/1/4937
f 10283/1/4937 10284/1/4937 10288/1/4937 10287/1/4937
f 10284/1/4937 10285/1/4937 10289/1/4937 10288/1/4937
f 10082/1/4937 10083/1/4937 10069/1/4937 10065/1/4937
f 10083/1/4937 10084/1/4937 10073/1/4937 10069/1/4937
f 10094/1/4937 10095/1/4937 10081/1/4937 10077/1/4937
f 10095/1/4937 10096/1/4937 10085/1/4937 10081/1/4937
f 10106/1/4937 10107/1/4937 10093/1/4937 10089/1/4937
f 10107/1/4937 10108/1/4937 10097/1/4937 10093/1/4937
f 10118/1/4937 10119/1/4937 10105/1/4937 10101/1/4937
f 10119/1/4937 10120/1/4937 10109/1/4937 10105/1/4937
f 10130/1/4937 10131/1/4937 10117/1/4937 10113/1/4937
f 10131/1/4937 10132/1/4937 10121/1/4937 10117/1/4937
f 10142/1/4937 10143/1/4937 10129/1/4937 10125/1/4937
f 10143/1/4937 10144/1/4937 10133/1/4937 10129/1/4937
f 10154/1/4937 10155/1/4937 10141/1/4937 10137/1/4937
f 10155/1/4937 10156/1/4937 10145/1/4937 10141/1/4937
f 10166/1/4937 10167/1/4937 10153/1/4937 10149/1/4937
f 10167/1/4937 10168/1/4937 10157/1/4937 10153/1/4937
f 10178/1/4937 10179/1/4937 10165/1/4937 10161/1/4937
f 10179/1/4937 10180/1/4937 10169/1/4937 10165/1/4937
f 10190/1/4937 10191/1/4937 10177/1/4937 10173/1/4937
f 10191/1/4937 10192/1/4937 10181/1/4937 10177/1/4937
f 10202/1/4937 10203/1/4937 10189/1/4937 10185/1/4937
f 10203/1/4937 10204/1/4937 10193/1/4937 10189/1/4937
f 10214/1/4937 10215/1/4937 10201/1/4937 10197/1/4937
f 10215/1/4937 10216/1/4937 10205/1/4937 10201/1/4937
f 10226/1/4937 10227/1/4937 10213/1/4937 10209/1/4937
f 10227/1/4937 10228/1/4937 10217/1/4937 10213/1/4937
f 10238/1/4937 10239/1/4937 10225/1/4937 10221/1/4937
f 10239/1/4937 10240/1/4937 10229/1/4937 10225/1/4937
f 10250/1/4937 10251/1/4937 10237/1/4937 10233/1/4937
f 10251/1/4937 10252/1/4937 10241/1/4937 10237/1/4937
f 10262/1/4937 10263/1/4937 10249/1/4937 10245/1/4937
f 10263/1/4937 10264/1/4937 10253/1/4937 10249/1/4937
f 10274/1/4937 10275/1/4937 10261/1/4937 10257/1/4937
f 10275/1/4937 10276/1/4937 10265/1/4937 10261/1/4937
f 10286/1/4937 10287/1/4937 10273/1/4937 10269/1/4937
f 10287/1/4937 10288/1/4937 10277/1/4937 10273/1/4937
f 10070/1/4937 10071/1/4937 10285/1/4937 10281/1/4937
f 10071/1/4937 10072/1/4937 10289/1/4937 10285/1/4937
f 10072/1/4937 10073/1/4937 10061/1/4937 10289/1/4937
f 10084/1/4937 10085/1/4937 10061/1/4937 10073/1/4937
f 10096/1/4937 10097/1/4937 10061/1/4937 10085/1/4937
f 10108/1/4937 10109/1/4937 10061/1/4937 10097/1/4937
f 10120/1/4937 10121/1/4937 10061/1/4937 10109/1/4937
f 10132/1/4937 10133/1/4937 10061/1/4937 10121/1/4937
f 10144/1/4937 10145/1/4937 10061/1/4937 10133/1/4937
f 10156/1/4937 10157/1/4937 10061/1/4937 10145/1/4937
f 10168/1/4937 10169/1/4937 10061/1/4937 10157/1/4937
f 10180/1/4937 10181/1/4937 10061/1/4937 10169/1/4937
f 10192/1/4937 10193/1/4937 10061/1/4937 10181/1/4937
f 10204/1/4937 10205/1/4937 10061/1/4937 10193/1/4937
f 10216/1/4937 10217/1/4937 10061/1/4937 10205/1/4937
f 10228/1/4937 10229/1/4937 10061/1/4937 10217/1/4937
f 10240/1/4937 10241/1/4937 10061/1/4937 10229/1/4937
f 10252/1/4937 10253/1/4937 10061/1/4937 10241/1/4937
f 10264/1/4937 10265/1/4937 10061/1/4937 10253/1/4937
f 10276/1/4937 10277/1/4937 10061/1/4937 10265/1/4937
f 10288/1/4937 10289/1/4937 10061/1/4937 10277/1/4937
f 155/1/4937 2173/1/4937 10062/1/4937 2174/1/4937
f 2173/1/4937 2172/1/4937 10063/1/4937 10062/1/4937
f 2172/1/4937 2171/1/4937 10064/1/4937 10063/1/4937
f 2171/1/4937 2170/1/4937 10065/1/4937 10064/1/4937
f 2174/1/4937 10062/1/4937 10066/1/4937 2175/1/4937
f 2175/1/4937 10066/1/4937 10070/1/4937 2176/1/4937
f 2176/1/4937 10070/1/4937 10281/1/4937 2177/1/4937
f 153/1/4937 2251/1/4937 10074/1/4937 2167/1/4937
f 2251/1/4937 2252/1/4937 10075/1/4937 10074/1/4937
f 2252/1/4937 2253/1/4937 10076/1/4937 10075/1/4937
f 2253/1/4937 2254/1/4937 10077/1/4937 10076/1/4937
f 2167/1/4937 10074/1/4937 10078/1/4937 2168/1/4937
f 2168/1/4937 10078/1/4937 10082/1/4937 2169/1/4937
f 2169/1/4937 10082/1/4937 10065/1/4937 2170/1/4937
f 158/1/4937 2195/1/4937 10086/1/4937 2257/1/4937
f 2195/1/4937 2196/1/4937 10087/1/4937 10086/1/4937
f 2196/1/4937 2197/1/4937 10088/1/4937 10087/1/4937
f 2197/1/4937 2198/1/4937 10089/1/4937 10088/1/4937
f 2257/1/4937 10086/1/4937 10090/1/4937 2256/1/4937
f 2256/1/4937 10090/1/4937 10094/1/4937 2255/1/4937
f 2255/1/4937 10094/1/4937 10077/1/4937 2254/1/4937
f 160/1/4937 2202/1/4937 10098/1/4937 2201/1/4937
f 2202/1/4937 2203/1/4937 10099/1/4937 10098/1/4937
f 2203/1/4937 2204/1/4937 10100/1/4937 10099/1/4937
f 2204/1/4937 2205/1/4937 10101/1/4937 10100/1/4937
f 2201/1/4937 10098/1/4937 10102/1/4937 2200/1/4937
f 2200/1/4937 10102/1/4937 10106/1/4937 2199/1/4937
f 2199/1/4937 10106/1/4937 10089/1/4937 2198/1/4937
f 161/1/4937 2209/1/4937 10110/1/4937 2208/1/4937
f 2209/1/4937 2210/1/4937 10111/1/4937 10110/1/4937
f 2210/1/4937 2211/1/4937 10112/1/4937 10111/1/4937
f 2211/1/4937 2212/1/4937 10113/1/4937 10112/1/4937
f 2208/1/4937 10110/1/4937 10114/1/4937 2207/1/4937
f 2207/1/4937 10114/1/4937 10118/1/4937 2206/1/4937
f 2206/1/4937 10118/1/4937 10101/1/4937 2205/1/4937
f 162/1/4937 2216/1/4937 10122/1/4937 2215/1/4937
f 2216/1/4937 2217/1/4937 10123/1/4937 10122/1/4937
f 2217/1/4937 2218/1/4937 10124/1/4937 10123/1/4937
f 2218/1/4937 2219/1/4937 10125/1/4937 10124/1/4937
f 2215/1/4937 10122/1/4937 10126/1/4937 2214/1/4937
f 2214/1/4937 10126/1/4937 10130/1/4937 2213/1/4937
f 2213/1/4937 10130/1/4937 10113/1/4937 2212/1/4937
f 159/1/4937 2271/1/4937 10134/1/4937 2222/1/4937
f 2271/1/4937 2270/1/4937 10135/1/4937 10134/1/4937
f 2270/1/4937 2269/1/4937 10136/1/4937 10135/1/4937
f 2269/1/4937 2268/1/4937 10137/1/4937 10136/1/4937
f 2222/1/4937 10134/1/4937 10138/1/4937 2221/1/4937
f 2221/1/4937 10138/1/4937 10142/1/4937 2220/1/4937
f 2220/1/4937 10142/1/4937 10125/1/4937 2219/1/4937
f 170/1/4937 2292/1/4937 10146/1/4937 2265/1/4937
f 2292/1/4937 2291/1/4937 10147/1/4937 10146/1/4937
f 2291/1/4937 2290/1/4937 10148/1/4937 10147/1/4937
f 2290/1/4937 2289/1/4937 10149/1/4937 10148/1/4937
f 2265/1/4937 10146/1/4937 10150/1/4937 2266/1/4937
f 2266/1/4937 10150/1/4937 10154/1/4937 2267/1/4937
f 2267/1/4937 10154/1/4937 10137/1/4937 2268/1/4937
f 168/1/4940 2279/1/4937 10158/1/4937 2286/1/4937
f 2279/1/4937 2280/1/4940 10159/1/4937 10158/1/4937
f 2280/1/4940 2281/1/4937 10160/1/4937 10159/1/4937
f 2281/1/4937 2282/1/4937 10161/1/4937 10160/1/4937
f 2286/1/4937 10158/1/4937 10162/1/4937 2287/1/4937
f 2287/1/4937 10162/1/4937 10166/1/4937 2288/1/4937
f 2288/1/4937 10166/1/4937 10149/1/4937 2289/1/4937
f 169/1/4940 2293/1/4940 10170/1/4937 2285/1/4937
f 2293/1/4940 2294/1/4937 10171/1/4937 10170/1/4937
f 2294/1/4937 2295/1/4937 10172/1/4937 10171/1/4937
f 2295/1/4937 2296/1/4937 10173/1/4937 10172/1/4937
f 2285/1/4937 10170/1/4937 10174/1/4937 2284/1/4939
f 2284/1/4939 10174/1/4937 10178/1/4937 2283/1/4937
f 2283/1/4937 10178/1/4937 10161/1/4937 2282/1/4937
f 171/1/4937 2272/1/4937 10182/1/4937 2299/1/4937
f 2272/1/4937 2273/1/4937 10183/1/4937 10182/1/4937
f 2273/1/4937 2274/1/4937 10184/1/4937 10183/1/4937
f 2274/1/4937 2275/1/4937 10185/1/4937 10184/1/4937
f 2299/1/4937 10182/1/4937 10186/1/4937 2298/1/4937
f 2298/1/4937 10186/1/4937 10190/1/4937 2297/1/4937
f 2297/1/4937 10190/1/4937 10173/1/4937 2296/1/4937
f 164/1/4937 2250/1/4937 10194/1/4937 2278/1/4937
f 2250/1/4937 2249/1/4937 10195/1/4937 10194/1/4937
f 2249/1/4937 2248/1/4937 10196/1/4937 10195/1/4937
f 2248/1/4937 2247/1/4937 10197/1/4937 10196/1/4937
f 2278/1/4937 10194/1/4937 10198/1/4937 2277/1/4937
f 2277/1/4937 10198/1/4937 10202/1/4937 2276/1/4937
f 2276/1/4937 10202/1/4937 10185/1/4937 2275/1/4937
f 167/1/4937 2243/1/4937 10206/1/4937 2244/1/4937
f 2243/1/4937 2242/1/4937 10207/1/4937 10206/1/4937
f 2242/1/4937 2241/1/4937 10208/1/4937 10207/1/4937
f 2241/1/4937 2240/1/4937 10209/1/4937 10208/1/4937
f 2244/1/4937 10206/1/4937 10210/1/4937 2245/1/4937
f 2245/1/4937 10210/1/4937 10214/1/4937 2246/1/4937
f 2246/1/4937 10214/1/4937 10197/1/4937 2247/1/4937
f 166/1/4937 2236/1/4937 10218/1/4937 2237/1/4937
f 2236/1/4937 2235/1/4937 10219/1/4937 10218/1/4937
f 2235/1/4937 2234/1/4937 10220/1/4937 10219/1/4937
f 2234/1/4937 2233/1/4937 10221/1/4937 10220/1/4937
f 2237/1/4937 10218/1/4937 10222/1/4937 2238/1/4937
f 2238/1/4937 10222/1/4937 10226/1/4937 2239/1/4937
f 2239/1/4937 10226/1/4937 10209/1/4937 2240/1/4937
f 165/1/4937 2229/1/4937 10230/1/4937 2230/1/4937
f 2229/1/4937 2228/1/4937 10231/1/4937 10230/1/4937
f 2228/1/4937 2227/1/4937 10232/1/4937 10231/1/4937
f 2227/1/4937 2226/1/4937 10233/1/4937 10232/1/4937
f 2230/1/4937 10230/1/4937 10234/1/4937 2231/1/4937
f 2231/1/4937 10234/1/4937 10238/1/4937 2232/1/4937
f 2232/1/4937 10238/1/4937 10221/1/4937 2233/1/4937
f 163/1/4937 2264/1/4937 10242/1/4937 2223/1/4937
f 2264/1/4937 2263/1/4937 10243/1/4937 10242/1/4937
f 2263/1/4937 2262/1/4937 10244/1/4937 10243/1/4937
f 2262/1/4937 2261/1/4937 10245/1/4937 10244/1/4937
f 2223/1/4937 10242/1/4937 10246/1/4937 2224/1/4937
f 2224/1/4937 10246/1/4937 10250/1/4937 2225/1/4937
f 2225/1/4937 10250/1/4937 10233/1/4937 2226/1/4937
f 154/1/4937 2194/1/4937 10254/1/4937 2258/1/4937
f 2194/1/4937 2193/1/4937 10255/1/4937 10254/1/4937
f 2193/1/4937 2192/1/4937 10256/1/4937 10255/1/4937
f 2192/1/4937 2191/1/4937 10257/1/4937 10256/1/4937
f 2258/1/4937 10254/1/4937 10258/1/4937 2259/1/4937
f 2259/1/4937 10258/1/4937 10262/1/4937 2260/1/4937
f 2260/1/4937 10262/1/4937 10245/1/4937 2261/1/4937
f 157/1/4937 2187/1/4937 10266/1/4937 2188/1/4937
f 2187/1/4937 2186/1/4937 10267/1/4937 10266/1/4937
f 2186/1/4937 2185/1/4937 10268/1/4937 10267/1/4937
f 2185/1/4937 2184/1/4937 10269/1/4937 10268/1/4937
f 2188/1/4937 10266/1/4937 10270/1/4937 2189/1/4937
f 2189/1/4937 10270/1/4937 10274/1/4937 2190/1/4937
f 2190/1/4937 10274/1/4937 10257/1/4937 2191/1/4937
f 156/1/4937 2180/1/4937 10278/1/4937 2181/1/4937
f 2180/1/4937 2179/1/4937 10279/1/4937 10278/1/4937
f 2179/1/4937 2178/1/4937 10280/1/4937 10279/1/4937
f 2178/1/4937 2177/1/4937 10281/1/4937 10280/1/4937
f 2181/1/4937 10278/1/4937 10282/1/4937 2182/1/4937
f 2182/1/4937 10282/1/4937 10286/1/4937 2183/1/4937
f 2183/1/4937 10286/1/4937 10269/1/4937 2184/1/4937
f 10290/1/2549 10291/1/2550 10298/1/2550 10297/1/2549
f 10291/1/2550 10292/1/2551 10299/1/2551 10298/1/2550
f 10292/1/2551 10293/1/2552 10300/1/2552 10299/1/2551
f 10293/1/2552 10294/1/2553 10301/1/2553 10300/1/2552
f 10294/1/2553 10295/1/2554 10302/1/2554 10301/1/2553
f 10295/1/2554 10296/1/2555 10303/1/2555 10302/1/2554
f 10297/1/2549 10298/1/2550 10305/1/2550 10304/1/2549
f 10298/1/2550 10299/1/2551 10306/1/2551 10305/1/2550
f 10299/1/2551 10300/1/2552 10307/1/2552 10306/1/2551
f 10300/1/2552 10301/1/2553 10308/1/2553 10307/1/2552
f 10301/1/2553 10302/1/2554 10309/1/2554 10308/1/2553
f 10302/1/2554 10303/1/2555 10310/1/2555 10309/1/2554
f 10304/1/2549 10305/1/2550 10312/1/2550 10311/1/2549
f 10305/1/2550 10306/1/2551 10313/1/2551 10312/1/2550
f 10306/1/2551 10307/1/2552 10314/1/2552 10313/1/2551
f 10307/1/2552 10308/1/2553 10315/1/2553 10314/1/2552
f 10308/1/2553 10309/1/2554 10316/1/2554 10315/1/2553
f 10309/1/2554 10310/1/2555 10317/1/2555 10316/1/2554
f 10311/1/2549 10312/1/2550 10319/1/2550 10318/1/2549
f 10312/1/2550 10313/1/2551 10320/1/2551 10319/1/2550
f 10313/1/2551 10314/1/2552 10321/1/2552 10320/1/2551
f 10314/1/2552 10315/1/2553 10322/1/2553 10321/1/2552
f 10315/1/2553 10316/1/2554 10323/1/2554 10322/1/2553
f 10316/1/2554 10317/1/2555 10324/1/2555 10323/1/2554
f 10318/1/2549 10319/1/2550 10326/1/2550 10325/1/2549
f 10319/1/2550 10320/1/2551 10327/1/2551 10326/1/2550
f 10320/1/2551 10321/1/2552 10328/1/2552 10327/1/2551
f 10321/1/2552 10322/1/2553 10329/1/2553 10328/1/2552
f 10322/1/2553 10323/1/2554 10330/1/2554 10329/1/2553
f 10323/1/2554 10324/1/2555 10331/1/2555 10330/1/2554
f 10325/1/2549 10326/1/2550 10333/1/2550 10332/1/2549
f 10326/1/2550 10327/1/2551 10334/1/2551 10333/1/2550
f 10327/1/2551 10328/1/2552 10335/1/2552 10334/1/2551
f 10328/1/2552 10329/1/2553 10336/1/2553 10335/1/2552
f 10329/1/2553 10330/1/2554 10337/1/2554 10336/1/2553
f 10330/1/2554 10331/1/2555 10338/1/2555 10337/1/2554
f 89/1/1372 234/1/2549 10290/1/2549 1620/1/1372
f 234/1/2549 233/1/2550 10291/1/2550 10290/1/2549
f 233/1/2550 232/1/2551 10292/1/2551 10291/1/2550
f 232/1/2551 231/1/2552 10293/1/2552 10292/1/2551
f 231/1/2552 230/1/2553 10294/1/2553 10293/1/2552
f 230/1/2553 229/1/2554 10295/1/2554 10294/1/2553
f 229/1/2554 228/1/2555 10296/1/2555 10295/1/2554
f 228/1/2555 87/1/1290 1705/1/1290 10296/1/2555
f 10296/1/2555 1705/1/1290 1706/1/1290 10303/1/2555
f 10303/1/2555 1706/1/1290 1707/1/1290 10310/1/2555
f 10310/1/2555 1707/1/1290 1708/1/1290 10317/1/2555
f 10317/1/2555 1708/1/1290 1709/1/1290 10324/1/2555
f 10324/1/2555 1709/1/1290 1710/1/1290 10331/1/2555
f 10331/1/2555 1710/1/1290 1711/1/1290 10338/1/2555
f 10338/1/2555 1711/1/1290 126/1/3450 1725/1/3784
f 10337/1/2554 10338/1/2555 1725/1/3784 1724/1/3797
f 10336/1/2553 10337/1/2554 1724/1/3797 1723/1/3796
f 10335/1/2552 10336/1/2553 1723/1/3796 1722/1/3795
f 10334/1/2551 10335/1/2552 1722/1/3795 1721/1/3794
f 10333/1/2550 10334/1/2551 1721/1/3794 1720/1/3793
f 10332/1/2549 10333/1/2550 1720/1/3793 1719/1/3792
f 1614/1/1372 10332/1/2549 1719/1/3792 116/1/2767
f 1615/1/1372 10325/1/2549 10332/1/2549 1614/1/1372
f 1616/1/1372 10318/1/2549 10325/1/2549 1615/1/1372
f 1617/1/1372 10311/1/2549 10318/1/2549 1616/1/1372
f 1618/1/1372 10304/1/2549 10311/1/2549 1617/1/1372
f 1619/1/1372 10297/1/2549 10304/1/2549 1618/1/1372
f 1620/1/1372 10290/1/2549 10297/1/2549 1619/1/1372
